-- phpMyAdmin SQL Dump
-- version 4.9.5deb2
-- https://www.phpmyadmin.net/
--
-- Host: localhost:3306
-- Generation Time: Apr 13, 2021 at 04:46 PM
-- Server version: 8.0.23-0ubuntu0.20.04.1
-- PHP Version: 7.4.3

SET SQL_MODE = "NO_AUTO_VALUE_ON_ZERO";
SET AUTOCOMMIT = 0;
START TRANSACTION;
SET time_zone = "+00:00";


/*!40101 SET @OLD_CHARACTER_SET_CLIENT=@@CHARACTER_SET_CLIENT */;
/*!40101 SET @OLD_CHARACTER_SET_RESULTS=@@CHARACTER_SET_RESULTS */;
/*!40101 SET @OLD_COLLATION_CONNECTION=@@COLLATION_CONNECTION */;
/*!40101 SET NAMES utf8mb4 */;

--
-- Database: `ramdoot`
--

-- --------------------------------------------------------

--
-- Table structure for table `boards`
--

CREATE TABLE `boards` (
  `id` bigint UNSIGNED NOT NULL,
  `name` varchar(255) CHARACTER SET utf8mb4 COLLATE utf8mb4_unicode_ci DEFAULT NULL,
  `medium` varchar(500) CHARACTER SET utf8mb4 COLLATE utf8mb4_unicode_ci DEFAULT NULL,
  `abbreviation` varchar(500) CHARACTER SET utf8mb4 COLLATE utf8mb4_unicode_ci DEFAULT NULL,
  `url` varchar(500) CHARACTER SET utf8mb4 COLLATE utf8mb4_unicode_ci DEFAULT NULL,
  `thumbnail` varchar(500) CHARACTER SET utf8mb4 COLLATE utf8mb4_unicode_ci DEFAULT NULL,
  `status` enum('Active','Inactive','Deleted') CHARACTER SET utf8mb4 COLLATE utf8mb4_unicode_ci DEFAULT 'Active',
  `order_no` int NOT NULL DEFAULT '0',
  `created_at` timestamp NULL DEFAULT NULL,
  `updated_at` timestamp NULL DEFAULT NULL
) ENGINE=InnoDB DEFAULT CHARSET=utf8mb4 COLLATE=utf8mb4_unicode_ci;

--
-- Dumping data for table `boards`
--

INSERT INTO `boards` (`id`, `name`, `medium`, `abbreviation`, `url`, `thumbnail`, `status`, `order_no`, `created_at`, `updated_at`) VALUES
(1, 'GSEB', 'Gujarati Medium', 'Gujarat Secondary and Higher Secondary Education Board', 'https://www.gseb.org/', '791750012.png', 'Deleted', 0, '2021-02-15 05:04:56', '2021-03-17 11:04:26'),
(2, 'GSEB', 'English Medium', 'Gujarat Secondary and Higher Secondary Education Board', 'https://www.gseb.org/', '791750012.png', 'Deleted', 2, '2021-02-15 05:04:56', '2021-03-17 10:23:53'),
(3, 'CBSE', 'English Medium', 'Central Board of Secondary Education', 'https://www.cbse.gov.in/cbsenew/cbse.html', '186720351.jpg', 'Deleted', 1, '2021-02-15 05:06:46', '2021-03-17 10:22:52'),
(4, 'CBSE', 'Hindi Medium', 'Central Board of Secondary Education', '1615405667.png', '832712065.png', 'Deleted', 1, '2021-03-10 19:47:47', '2021-03-17 11:04:33'),
(5, 'GSEB - गुजरात बोर्ड - ગુજરાત બોર્ડ', 'Gujarati Medium', 'GUJARAT SECONDARY & HIGHER SECONDARY EDUCATION BOARD - ગુજરાત માધ્યમિક અને ઊચ્ચત્તર માધ્યમિક શિક્ષણ બોર્ડ', 'https://www.gseb.org/', '1249864575.jpg', 'Active', 1, '2021-03-17 11:18:03', '2021-04-10 14:16:22'),
(6, 'CBSE - केन्द्रीय बोर्ड - CENTRAL BOARD', NULL, 'CENRTAL BOARD OF SECONDARY EDUCATION  -  केन्द्रीय माध्यमिक शिक्षा बोर्ड', 'https://www.cbse.gov.in/', '1337679209.jpg', 'Active', 2, '2021-03-17 11:26:17', '2021-04-10 14:16:22'),
(7, 'ICSE - भारतीय बोर्ड - INDIAN BOARD', NULL, 'INDIAN CERTIFICATE OF SECONDARY EDUCATION - भारतीय माध्यमिक शिक्षा प्रमाणपत्र', NULL, '1168759003.jpg', 'Active', 3, '2021-04-07 18:01:21', '2021-04-10 14:16:22');

-- --------------------------------------------------------

--
-- Table structure for table `books`
--

CREATE TABLE `books` (
  `id` bigint UNSIGNED NOT NULL,
  `board_id` int NOT NULL DEFAULT '0',
  `medium_id` int NOT NULL DEFAULT '0',
  `standard_id` int NOT NULL DEFAULT '0',
  `semester_id` int NOT NULL DEFAULT '0',
  `subject_id` int NOT NULL DEFAULT '0',
  `unit_id` bigint UNSIGNED NOT NULL,
  `user_id` bigint UNSIGNED NOT NULL,
  `title` varchar(255) CHARACTER SET utf8mb4 COLLATE utf8mb4_unicode_ci DEFAULT NULL,
  `sub_title` varchar(255) CHARACTER SET utf8mb4 COLLATE utf8mb4_unicode_ci DEFAULT NULL,
  `url_type` varchar(50) CHARACTER SET utf8mb4 COLLATE utf8mb4_unicode_ci DEFAULT NULL,
  `url` varchar(500) CHARACTER SET utf8mb4 COLLATE utf8mb4_unicode_ci DEFAULT NULL,
  `thumbnail` varchar(500) CHARACTER SET utf8mb4 COLLATE utf8mb4_unicode_ci DEFAULT NULL,
  `pages` varchar(255) CHARACTER SET utf8mb4 COLLATE utf8mb4_unicode_ci DEFAULT NULL,
  `description` text CHARACTER SET utf8mb4 COLLATE utf8mb4_unicode_ci,
  `edition` enum('new','old') COLLATE utf8mb4_unicode_ci DEFAULT NULL,
  `label` varchar(255) CHARACTER SET utf8mb4 COLLATE utf8mb4_unicode_ci DEFAULT NULL,
  `release_date` date DEFAULT NULL,
  `status` enum('Active','Inactive','Deleted') CHARACTER SET utf8mb4 COLLATE utf8mb4_unicode_ci DEFAULT 'Active',
  `order_no` int NOT NULL DEFAULT '0',
  `created_at` timestamp NULL DEFAULT NULL,
  `updated_at` timestamp NULL DEFAULT NULL
) ENGINE=InnoDB DEFAULT CHARSET=utf8mb4 COLLATE=utf8mb4_unicode_ci;

--
-- Dumping data for table `books`
--

INSERT INTO `books` (`id`, `board_id`, `medium_id`, `standard_id`, `semester_id`, `subject_id`, `unit_id`, `user_id`, `title`, `sub_title`, `url_type`, `url`, `thumbnail`, `pages`, `description`, `edition`, `label`, `release_date`, `status`, `order_no`, `created_at`, `updated_at`) VALUES
(1, 5, 6, 19, 30, 63, 2, 1, 'વૈષ્ણવજન કાવ્ય', 'VAISHNAVJAN POEM', 'file', '1617783466.pdf', '', '1 - 3', '', 'new', 'new', NULL, 'Active', 1, '2021-04-07 08:17:46', '2021-04-07 08:17:46'),
(2, 5, 6, 19, 30, 63, 3, 1, 'રેસનો ઘોડો - પ્રકરણ', 'RESNO GHODO - LESSION', 'file', '1617784171.pdf', '', '4 - 10', '', 'new', 'new', NULL, 'Active', 2, '2021-04-07 08:29:31', '2021-04-07 08:29:31'),
(3, 5, 6, 19, 30, 63, 4, 1, 'શીલવંત સાધુને - કાવ્ય', 'SHEELVANT SADHUNE - POEM', 'file', '1617784470.pdf', NULL, '11 - 13', '', 'new', 'new', NULL, 'Active', 3, '2021-04-07 08:31:02', '2021-04-07 08:34:30'),
(4, 5, 6, 19, 31, 64, 16, 17, 'વતનથી વિદાય થતાં - કાવ્ય', 'VATANTHI VIDAY THATA - POEM', 'file', '1617879753.pdf', '', '94 - 96', '', 'new', 'new', NULL, 'Active', 1, '2021-04-08 11:02:33', '2021-04-08 11:02:33'),
(5, 5, 6, 19, 31, 64, 18, 17, 'બોલીએ ના કાંઇ -', 'BOLIYE NA KAI - POEM', 'file', '1617880580.pdf', '', '102 - 104', '', 'new', 'new', NULL, 'Active', 2, '2021-04-08 11:16:20', '2021-04-08 11:16:20'),
(6, 5, 6, 19, 31, 64, 19, 17, 'ગતિભંગ - પ્રકરણ', 'GATIBHANG - LESSON', 'file', '1617880773.pdf', '', '105 - 107', '', 'new', 'new', NULL, 'Active', 3, '2021-04-08 11:19:33', '2021-04-08 11:19:33'),
(7, 5, 6, 19, 31, 64, 20, 17, 'દિવસો જુદાઈના જાય છે', 'DIVSO JUDAINA JAY CHHE - POEM', 'file', '1617880944.pdf', '', '113 - 115', '', 'new', 'new', NULL, 'Active', 4, '2021-04-08 11:22:24', '2021-04-08 11:22:24'),
(8, 5, 6, 19, 31, 64, 21, 17, 'ભૂખથીય ભૂડી ભખ', 'BHOOKHTHIY BHOONDI BHEEKH - LESSON', 'file', '1617881449.pdf', '', '116 - 122', '', 'new', 'new', NULL, 'Active', 5, '2021-04-08 11:30:49', '2021-04-08 11:30:49'),
(9, 5, 6, 19, 31, 74, 51, 17, 'मेरी माँ  -', 'MERI MA - LESSON', 'file', '1617881632.pdf', '', '35 - 37', '', 'new', 'new', NULL, 'Active', 1, '2021-04-08 11:33:52', '2021-04-08 11:33:52'),
(10, 5, 6, 19, 31, 74, 52, 17, 'है जन', 'HAI JAN SHAKTI MAHAN - POEM', 'file', '1617881763.pdf', '', '38 - 39', '', 'new', 'new', NULL, 'Active', 2, '2021-04-08 11:36:03', '2021-04-08 11:36:03'),
(11, 5, 6, 19, 31, 74, 53, 17, 'चोरी', 'CHORI - LESSON', 'file', '1617881880.pdf', '', '40 - 43', '', 'new', 'new', NULL, 'Active', 3, '2021-04-08 11:38:00', '2021-04-08 11:38:00'),
(12, 5, 6, 19, 31, 74, 54, 17, 'कश्मीर', 'KASHMIR - POEM', 'file', '1617881981.pdf', '', '44 - 45', '', 'new', 'new', NULL, 'Active', 4, '2021-04-08 11:39:41', '2021-04-08 11:39:41'),
(13, 5, 6, 19, 31, 74, 55, 17, 'रचना', 'RACHANA - LESSON', 'file', '1617882083.pdf', '', '46 - 50', '', 'new', 'new', NULL, 'Active', 5, '2021-04-08 11:41:23', '2021-04-08 11:41:23'),
(14, 5, 6, 19, 31, 84, 75, 17, 'KACH & DEVYANI - LESSON', 'KACH & DEVYANI - LESSON', 'file', '1617882902.pdf', '', '79 - 93', '', 'new', 'new', NULL, 'Active', 1, '2021-04-08 11:55:02', '2021-04-08 11:55:02'),
(15, 5, 6, 19, 31, 84, 75, 17, 'KACH & DEVYANI - LESSON', 'KACH & DEVYANI - LESSON', 'file', '1617883059.pdf', '', '79 -93', '', 'new', 'new', NULL, 'Active', 2, '2021-04-08 11:57:39', '2021-04-08 11:57:39'),
(16, 5, 6, 19, 31, 84, 76, 17, 'OUR FEATHERED FRIENDS - LESSON', 'OUR FEATHERED FRIENDS - LESSON', 'file', '1617883205.pdf', '', '94 - 105', '', 'new', 'new', NULL, 'Active', 3, '2021-04-08 12:00:05', '2021-04-08 12:00:05'),
(17, 5, 6, 19, 31, 84, 77, 17, 'TURN UP O TEENS - LESSON', 'TURN UP O TEENS - LEESON', 'file', '1617883327.pdf', '', '106 -124', '', 'new', 'new', NULL, 'Active', 4, '2021-04-08 12:02:07', '2021-04-08 12:02:07'),
(18, 5, 6, 19, 31, 84, 78, 17, 'TEST OF TRUE LOVE - LESSON', 'TEST OF TRUE LOVE - LESSON', 'file', '1617883448.pdf', '', '124 - 136', '', 'new', 'new', NULL, 'Active', 5, '2021-04-08 12:04:08', '2021-04-08 12:04:08'),
(19, 5, 6, 19, 31, 104, 120, 17, 'રચના - પ્રકરણ', 'RACHANA - LESSON', 'file', '1617883607.pdf', '', '189 - 194', '', 'new', 'new', NULL, 'Active', 1, '2021-04-08 12:06:47', '2021-04-08 12:06:47'),
(20, 5, 6, 19, 31, 104, 122, 17, 'વર્તુળ સંબંધિત ક્ષેત્રફળ - પ્રકરણ', 'VARTUL SAMBANDHIT XETRAFAL - LESSON', 'file', '1617883945.pdf', '', '195 - 207', '', 'new', 'new', NULL, 'Active', 2, '2021-04-08 12:12:25', '2021-04-08 12:12:25'),
(21, 5, 6, 19, 31, 104, 123, 17, 'પૃષ્ઠફળ અને ઘનફળ', 'PRUSHTHFAL ANE GHANFAL', 'file', '1617884136.pdf', '', '208 - 226', '', 'new', 'new', NULL, 'Active', 3, '2021-04-08 12:15:36', '2021-04-08 12:15:36'),
(22, 5, 6, 19, 31, 104, 124, 17, 'આંકડાશાસ્ત્ર', 'AAKDASHASHTRA', 'file', '1617884336.pdf', '', '227 - 256', '', 'new', 'new', NULL, 'Active', 4, '2021-04-08 12:18:56', '2021-04-08 12:18:56'),
(23, 5, 6, 19, 30, 63, 1, 17, 'ભૂલી ગયા પછી -', 'BHOOLEE GYA PACHHEE - LESSON', 'file', '1618022019.pdf', '', '14 - 21', '', 'new', 'new', NULL, 'Active', 4, '2021-04-10 02:33:39', '2021-04-10 02:33:39'),
(24, 5, 6, 19, 30, 63, 1, 17, 'ભૂલી ગયા પછી -', 'BHOOLEE GYA PACHHEE - LESSON', 'file', '1618022071.pdf', '', '14 - 21', '', 'new', 'new', NULL, 'Active', 5, '2021-04-10 02:34:31', '2021-04-10 02:34:31'),
(25, 5, 6, 19, 30, 63, 1, 17, 'ભૂલી ગયા પછી -', 'BHOOLEE GYA PACHHEE - LESSON', 'file', '1618022115.pdf', '', '14 - 21', '', 'new', 'new', NULL, 'Active', 6, '2021-04-10 02:35:15', '2021-04-10 02:35:15'),
(26, 5, 6, 19, 30, 63, 5, 17, 'દીકરી -', 'DEEKREE - POEM', 'file', '1618022398.pdf', '', '40 - 42', '', 'new', 'new', NULL, 'Active', 7, '2021-04-10 02:39:58', '2021-04-10 02:39:58'),
(27, 5, 6, 19, 30, 63, 6, 17, 'વાઈરલ', 'VAEERAL INFECTION - LESSON', 'file', '1618022568.pdf', '', '43 - 47', '', 'new', 'new', NULL, 'Active', 8, '2021-04-10 02:42:48', '2021-04-10 02:42:48'),
(28, 5, 6, 19, 30, 63, 7, 17, 'હું', 'HU AEVO GUJRATI - POEM', 'file', '1618022749.pdf', '', '48 - 50', '', 'new', 'new', NULL, 'Active', 9, '2021-04-10 02:45:49', '2021-04-10 02:45:49'),
(29, 5, 6, 19, 30, 63, 8, 17, 'છત્રી', 'CHHATREE - LEESON', 'file', '1618023266.pdf', '', '51 - 55', '', 'new', 'new', NULL, 'Active', 10, '2021-04-10 02:54:26', '2021-04-10 02:54:26'),
(30, 5, 6, 19, 30, 63, 9, 17, 'માધવને', 'MADHAVNE DEETHO CHHE KYAY ? - POEM', 'file', '1618023478.pdf', '', '70 - 72', '', 'new', 'new', NULL, 'Active', 11, '2021-04-10 02:57:58', '2021-04-10 02:57:58'),
(31, 5, 6, 19, 30, 63, 10, 17, 'ડાંગવનો', 'DANGAVNO ANE... - LESSON', 'file', '1618023761.pdf', '', '73 - 76', '', 'new', 'new', NULL, 'Active', 12, '2021-04-10 03:02:41', '2021-04-10 03:02:41'),
(32, 5, 6, 19, 30, 63, 11, 17, 'શિકારીને -', 'SHIKAREENE - POEM', 'file', '1618023882.pdf', '', '77 - 79', '', 'new', 'new', NULL, 'Active', 13, '2021-04-10 03:04:42', '2021-04-10 03:04:42'),
(33, 5, 6, 19, 30, 63, 12, 17, 'ચોપડાની', 'CHOPDANEE INDRAJAL - LESSON', 'file', '1618024236.pdf', '', '80 - 85', '', 'new', 'new', NULL, 'Active', 14, '2021-04-10 03:10:36', '2021-04-10 03:10:36'),
(34, 5, 6, 19, 30, 63, 12, 17, 'ચોપડાની', 'CHOPDANEE INDRAJAL - LESSON', 'file', '1618024409.pdf', '', '80 - 85', '', 'new', 'new', NULL, 'Active', 15, '2021-04-10 03:13:30', '2021-04-10 03:13:30'),
(35, 5, 6, 19, 30, 63, 12, 17, 'ચોપડાની', 'CHOPDANEE INDRAJAL - LESSON', 'file', '1618024410.pdf', '', '80 - 85', '', 'new', 'new', NULL, 'Active', 16, '2021-04-10 03:13:30', '2021-04-10 03:13:30'),
(36, 5, 6, 19, 30, 73, 38, 17, 'प्रभुजी', 'PRABHUJI TUM CHANDAN HAM PANEE - POEM', 'file', '1618024891.pdf', '', '1', '', 'new', 'new', NULL, 'Active', 1, '2021-04-10 03:21:31', '2021-04-10 03:21:31'),
(37, 5, 6, 19, 30, 73, 39, 17, 'बूढी काकी -', 'BOODHEE KAKEE - LESSON', 'file', '1618025092.pdf', '', '2 - 5', '', 'new', 'new', NULL, 'Active', 2, '2021-04-10 03:24:52', '2021-04-10 03:24:52'),
(38, 5, 6, 19, 30, 73, 40, 17, 'सवैये - काव्य', 'SAVAIYE - POEM', 'file', '1618025366.pdf', '', '6 - 7', '', 'new', 'new', NULL, 'Active', 3, '2021-04-10 03:29:26', '2021-04-10 03:29:26'),
(39, 5, 6, 19, 30, 73, 41, 17, 'एक प्रश्न : चार उतर - प्रकरण', 'EK PRASHN : CHAR UTAR - LESSON', 'file', '1618025557.pdf', '', '8 - 10', '', 'new', 'new', NULL, 'Active', 4, '2021-04-10 03:32:37', '2021-04-10 03:32:37'),
(40, 5, 6, 19, 30, 73, 42, 17, 'मीरा के पद -', 'MEERA KE PAD - POEM', 'file', '1618025951.pdf', '', '11 - 12', '', 'new', 'new', NULL, 'Active', 5, '2021-04-10 03:39:11', '2021-04-10 03:39:11'),
(41, 5, 6, 19, 30, 73, 43, 17, 'कालिदास का', 'KALIDAS KA PRANEEPREM - LESSON', 'file', '1618026103.pdf', '', '13 - 16', '', 'new', 'new', NULL, 'Active', 6, '2021-04-10 03:41:43', '2021-04-10 03:41:43'),
(42, 5, 6, 19, 30, 73, 44, 17, 'जन्मभूमि - काव्य', 'JANMBHOOMI - POEM', 'file', '1618026489.pdf', '', '17 - 18', '', 'new', 'new', NULL, 'Active', 7, '2021-04-10 03:48:09', '2021-04-10 03:48:09'),
(43, 5, 6, 19, 30, 73, 45, 17, 'सुधा', 'SUDHA MURTI - LESSON', 'file', '1618026701.pdf', '', '19 - 21', '', 'new', 'new', NULL, 'Active', 8, '2021-04-10 03:51:41', '2021-04-10 03:51:41'),
(44, 5, 6, 19, 30, 73, 46, 17, 'कुत्ते की', 'KUTTE KEE SIKH - POEM', 'file', '1618027202.pdf', '', '22 - 23', '', 'new', 'new', NULL, 'Active', 9, '2021-04-10 04:00:02', '2021-04-10 04:00:02'),
(45, 5, 6, 19, 30, 73, 47, 17, 'जीने की कला -', 'JINE KEE KALA - LESSON', 'file', '1618027294.pdf', '', '24 - 25', '', 'new', 'new', NULL, 'Active', 10, '2021-04-10 04:01:34', '2021-04-10 04:01:34'),
(46, 5, 6, 19, 30, 73, 48, 17, 'भारतवर्ष', 'BHARATVARSH HAMARA HAI - POEM', 'file', '1618027398.pdf', '', '26 - 27', '', 'new', 'new', NULL, 'Active', 11, '2021-04-10 04:03:18', '2021-04-10 04:03:18'),
(47, 5, 6, 19, 30, 123, 147, 17, 'ભારતનો', 'BHARATNO VARSO - LESSON', 'file', '1618030332.pdf', '', '1 - 7', '', 'new', 'new', NULL, 'Active', 1, '2021-04-10 04:52:12', '2021-04-10 04:52:12'),
(48, 5, 6, 19, 30, 123, 148, 17, 'ભારતનો', 'BHARATNO SANSKRUTIK VARSO : PARMPRAO : HAST ANE LALITKLA - LESSON', 'file', '1618030654.pdf', '', '8 - 17', '', 'new', 'new', NULL, 'Active', 2, '2021-04-10 04:57:34', '2021-04-10 04:57:34'),
(49, 5, 6, 19, 30, 123, 149, 17, 'ભારતનો', 'BHARATNO SANSKRUTIK VARSO : SHILP ANE STHAPATY - LESSON', 'file', '1618031519.pdf', '', '18 - 29', '', 'new', 'new', NULL, 'Active', 3, '2021-04-10 05:11:59', '2021-04-10 05:11:59'),
(50, 5, 6, 19, 30, 123, 150, 17, 'ભારતનો', 'BHARATNO SAHITYIK VARSO - LESSON', 'file', '1618031734.pdf', '', '30 -36', '', 'new', 'new', NULL, 'Active', 4, '2021-04-10 05:15:34', '2021-04-10 05:15:34'),
(51, 5, 6, 19, 30, 123, 151, 17, 'ભારતનો', 'BHARATNO VIGNAN ANE TEKNOLOJEENO VARSO - LESSON', 'file', '1618036348.pdf', NULL, '37 - 42', '', 'new', 'new', NULL, 'Active', 5, '2021-04-10 05:22:19', '2021-04-10 06:32:28'),
(52, 5, 6, 19, 30, 123, 152, 17, 'ભારતના', 'BHARATNA SANSKRUTIK VARSANA STHLO - LESSON', 'file', '1618032273.pdf', '', '43 - 52', '', 'new', 'new', NULL, 'Active', 6, '2021-04-10 05:24:33', '2021-04-10 05:24:33'),
(53, 5, 6, 19, 30, 123, 154, 17, 'કુદરતી', 'KUDRATEE SANSADHNO - LESSON', 'file', '1618035608.pdf', '', '59 - 66', '', 'new', 'new', NULL, 'Active', 7, '2021-04-10 06:20:08', '2021-04-10 06:20:08'),
(54, 5, 6, 19, 30, 123, 155, 17, 'વન અને વન્યજીવ સંસાધન - પ્રકરણ', 'VAN ANE VANYJIV SANSADHAN - LESSON', 'file', '1618036017.pdf', '', '67 - 75', '', 'new', 'new', NULL, 'Active', 8, '2021-04-10 06:26:57', '2021-04-10 06:26:57'),
(55, 5, 6, 19, 30, 123, 156, 17, 'ભારત :', 'BHARAT : KRUSHI - LESSON', 'file', '1618036107.pdf', '', '76 - 89', '', 'new', 'new', NULL, 'Active', 9, '2021-04-10 06:28:27', '2021-04-10 06:28:27'),
(56, 5, 6, 19, 30, 123, 153, 17, 'આપણા વારસાનું જતન - પ્રકરણ', 'AAPNA VARSANU JATAN - LESSON', 'file', '1618036524.pdf', '', '53 - 58', '', 'new', 'new', NULL, 'Active', 10, '2021-04-10 06:35:24', '2021-04-10 06:35:24'),
(57, 6, 13, 103, 63, 125, 1009, 1, 'A letter to God Dust of snow', 'A LETTER TO GOD DUST OF SNOW', 'file', '1618203736.pdf', NULL, '1 - 15', '', 'new', 'new', NULL, 'Active', 1, '2021-04-12 05:02:16', '2021-04-12 12:07:15'),
(58, 6, 13, 103, 63, 125, 1009, 20, 'A letter to God Dust of snow', 'A LETTER TO GOD DUST OF SNOW', 'file', '1618203753.pdf', '', '1-15', '', 'new', 'new', NULL, 'Deleted', 0, '2021-04-12 05:02:33', '2021-04-12 12:02:53'),
(59, 6, 13, 103, 63, 125, 1009, 20, 'A letter to God Dust of snow', 'A LETTER TO GOD DUST OF SNOW', 'file', '1618203756.pdf', '', '1-15', '', 'new', 'new', NULL, 'Deleted', 0, '2021-04-12 05:02:36', '2021-04-12 12:03:03'),
(60, 5, 6, 18, 29, 62, 183, 17, 'રસ્તો કરી જવાના - કાવ્ય', 'RASTO KAREE JAVANA - POEM', 'file', '1618204978.pdf', '', '92 - 94', '', 'new', 'new', NULL, 'Active', 1, '2021-04-12 05:22:58', '2021-04-12 05:22:58'),
(61, 5, 6, 18, 29, 62, 184, 17, 'વાડી પરનાં વહાલાં - પ્રકરણ', 'VADEE PARNA VAHALA - LESSON', 'file', '1618205123.pdf', '', '95 - 98', '', 'new', 'new', NULL, 'Active', 2, '2021-04-12 05:25:23', '2021-04-12 05:25:23'),
(62, 5, 6, 18, 29, 62, 185, 17, 'ગોદ માતની ક્યાં ? - કાવ્ય', 'GOD MATNEE KYA ? - LESSON', 'file', '1618205450.pdf', '', '99 - 101', '', 'new', 'new', NULL, 'Active', 3, '2021-04-12 05:30:50', '2021-04-12 05:30:50'),
(63, 5, 6, 18, 29, 62, 186, 17, 'કુદરતી - પ્રકરણ', 'KUDRATEE - LESSON', 'file', '1618205654.pdf', '', '102 - 109', '', 'new', 'new', NULL, 'Active', 4, '2021-04-12 05:34:14', '2021-04-12 05:34:14'),
(64, 5, 6, 18, 29, 62, 188, 17, 'મારા સપનામાં આવ્યા હરિ - કાવ્ય', 'MARA SAPNAMA AAVYA HARI - LESSON', 'file', '1618205737.pdf', '', '118 - 120', '', 'new', 'new', NULL, 'Active', 5, '2021-04-12 05:35:37', '2021-04-12 05:35:37'),
(65, 5, 6, 18, 29, 62, 189, 17, 'પંગું લંઘયતે ગિરિમ્ - પ્રકરણ', 'PANGU LANGHAYATE GIRIM - LESSON', 'file', '1618206004.pdf', '', '121 - 125', '', 'new', 'new', NULL, 'Active', 6, '2021-04-12 05:40:04', '2021-04-12 05:40:04'),
(66, 5, 6, 18, 29, 62, 190, 17, 'પપ્પા, હવે ફોન મૂકું ? - કાવ્ય', 'PAPPA, HAVE FON MOOKU ? - POEM', 'file', '1618206204.pdf', '', '126 - 128', '', 'new', 'new', NULL, 'Active', 7, '2021-04-12 05:43:24', '2021-04-12 05:43:24'),
(67, 5, 6, 18, 29, 62, 191, 17, 'સમાજ સમર્પિત શ્રેષ્ઠી - પ્રકરણ', 'SAMAJ SAMRPIT SHRESHTHI - LESSON', 'file', '1618206587.pdf', '', '129 - 132', '', 'new', 'new', NULL, 'Active', 8, '2021-04-12 05:49:47', '2021-04-12 05:49:47'),
(68, 5, 6, 18, 29, 62, 192, 17, 'તેજમલ - કાવ્ય', 'TEJMAL - POEM', 'file', '1618206763.pdf', '', '147 - 149', '', 'new', 'new', NULL, 'Active', 9, '2021-04-12 05:52:43', '2021-04-12 05:52:43'),
(69, 5, 6, 18, 29, 62, 193, 17, 'બોળો - પ્રકરણ', 'BOLO - LESSON', 'file', '1618206856.pdf', '', '150 - 154', '', 'new', 'new', NULL, 'Active', 10, '2021-04-12 05:54:16', '2021-04-12 05:54:16'),
(70, 5, 6, 18, 29, 62, 194, 17, 'લઘુકાવ્યો - કાવ્ય', 'LAGHUKAVYO - POEM', 'file', '1618206937.pdf', '', '155 - 157', '', 'new', 'new', NULL, 'Active', 11, '2021-04-12 05:55:37', '2021-04-12 05:55:37'),
(71, 5, 6, 18, 29, 62, 195, 17, 'પ્રેરક પ્રસંગો -', 'PRERAK PRASANGO -', 'file', '1618207376.pdf', '', '158 - 159', '', 'new', 'new', NULL, 'Active', 12, '2021-04-12 06:02:56', '2021-04-12 06:02:56'),
(72, 5, 6, 18, 29, 72, 219, 17, 'नीति के दोहे - काव्य', 'NEETI KE DOHE - POEM', 'file', '1618207821.pdf', '', '60 - 61', '', 'new', 'new', NULL, 'Active', 1, '2021-04-12 06:10:21', '2021-04-12 06:10:21'),
(73, 5, 6, 18, 29, 72, 220, 17, 'युग और में - काव्य', 'YUG AUR ME - POEM', 'file', '1618207916.pdf', '', '62 - 64', '', 'new', 'new', NULL, 'Active', 2, '2021-04-12 06:11:56', '2021-04-12 06:11:56'),
(74, 5, 6, 18, 29, 72, 221, 17, 'दाज्यू - प्रकरण', 'DAJYOO - LESSON', 'file', '1618208030.pdf', NULL, '65 - 68', '', 'new', 'new', NULL, 'Active', 3, '2021-04-12 06:13:50', '2021-04-12 06:36:46'),
(75, 5, 6, 18, 29, 72, 1074, 17, 'भारतीय संस्कृति में गुरु - शिष्य संबंध - प्रकरण', 'BHARTIY SANSKRUTI ME GURU - SHISHY SAMBANDH - LESSON', 'file', '1618223387.pdf', '', '69 - 71', '', 'new', 'new', NULL, 'Active', 4, '2021-04-12 10:29:47', '2021-04-12 10:29:47'),
(76, 5, 6, 18, 29, 72, 222, 17, 'तुलसी के पद - काव्य', 'TULSEE KE PAD - POEM', 'file', '1618223544.pdf', '', '81 - 83', '', 'new', 'new', NULL, 'Active', 5, '2021-04-12 10:32:24', '2021-04-12 10:32:24'),
(77, 5, 6, 18, 29, 72, 223, 17, 'अंधेरी नगरी - प्रकरण', 'ANDHEREE NAGAREE - LESSON', 'file', '1618223659.pdf', '', '84 - 88', '', 'new', 'new', NULL, 'Active', 6, '2021-04-12 10:34:19', '2021-04-12 10:34:19'),
(78, 5, 6, 18, 29, 72, 224, 17, 'महाकवि कालिदास - प्रकरण', 'MAHAKAVI KALIDAS - LESSON', 'file', '1618223740.pdf', '', '89 - 92', '', 'new', 'new', NULL, 'Active', 7, '2021-04-12 10:35:40', '2021-04-12 10:35:40'),
(79, 5, 6, 18, 29, 72, 225, 17, 'धरती की शान - काव्य', 'DHARTEE KEE SHAN  - POEM', 'file', '1618223837.pdf', '', '99 - 101', '', 'new', 'new', NULL, 'Active', 8, '2021-04-12 10:37:17', '2021-04-12 10:37:17'),
(80, 5, 6, 18, 29, 72, 226, 17, 'क्रांतिकारी शेखर का बचपन - प्रकरण', 'KRANTIKAREE SHEKHAR KA BACHPAN - LESSON', 'file', '1618223966.pdf', '', '102 - 104', '', 'new', 'new', NULL, 'Active', 9, '2021-04-12 10:39:26', '2021-04-12 10:39:26'),
(81, 5, 6, 18, 29, 72, 227, 17, 'वीरों का कैसा हो वसंत - काव्य', 'VEERO KA KAISA HO VASANT - POEM', 'file', '1618224053.pdf', '', '111 - 112', '', 'new', 'new', NULL, 'Active', 10, '2021-04-12 10:40:53', '2021-04-12 10:40:53'),
(82, 5, 6, 18, 29, 72, 228, 17, 'जब मैंने पहेली पुस्तक खरीदी - प्रकरण', 'JAB MAINE PAHELEE PUSTAK KHAREEDEE - LESSON', 'file', '1618224173.pdf', '', '113 - 115', '', 'new', 'new', NULL, 'Active', 11, '2021-04-12 10:42:53', '2021-04-12 10:42:53'),
(83, 5, 6, 18, 29, 72, 229, 17, 'दोहे - काव्य', 'DOHE - POEM', 'file', '1618224250.pdf', '', '122 - 124', '', 'new', 'new', NULL, 'Active', 12, '2021-04-12 10:44:10', '2021-04-12 10:44:10'),
(84, 6, 13, 103, 63, 125, 1010, 1, 'Nelson mandela: long walk to freedom a tiger in the zoo', 'NELSON MANDELA: LONG WALK TO FREEDOM A TIGER IN THE ZOOM', 'file', '1618226448.pdf', NULL, '16 - 31', '', 'new', 'new', NULL, 'Active', 2, '2021-04-12 11:20:48', '2021-04-12 12:08:44'),
(85, 5, 6, 18, 29, 82, 245, 17, 'ADOLESCENTS SPEAK - LESSON', 'ADOLESCENTS SPEAK - LESSON', 'file', '1618228540.pdf', '', '64 - 76', '', 'new', 'new', NULL, 'Active', 1, '2021-04-12 11:55:40', '2021-04-12 11:55:40'),
(86, 5, 6, 18, 29, 82, 246, 17, 'A DAY IN THE LIFE OF AN INDIAN FIGHTER PILOT - LESSON', 'A DAY IN THE LIFE OF AN INDIAN FIGHTER PILOT - LESSON', 'file', '1618228824.pdf', '', '77 - 88', '', 'new', 'new', NULL, 'Active', 2, '2021-04-12 12:00:24', '2021-04-12 12:00:24'),
(87, 5, 6, 18, 29, 82, 247, 17, 'FRIEND FROM THE SKY - LESSON', 'FRIEND FROM THE SKY - LESSON', 'file', '1618228984.pdf', '', '89 - 100', '', 'new', 'new', NULL, 'Active', 3, '2021-04-12 12:03:04', '2021-04-12 12:03:04'),
(88, 5, 6, 18, 29, 82, 248, 17, 'Ecology For Peace - LESSON', 'ECOLOGY FOR PEACE - LESSON', 'file', '1618229152.pdf', '', '101 - 117', '', 'new', 'new', NULL, 'Active', 4, '2021-04-12 12:05:52', '2021-04-12 12:05:52'),
(89, 6, 13, 103, 63, 125, 1011, 20, '3.Two Stories about flying The Ball Poem', '3.TWO STORIES ABOUT FLYING THE BALL POEM', 'file', '1618233991.pdf', '', '32 - 47', '', 'new', 'new', NULL, 'Active', 3, '2021-04-12 13:26:31', '2021-04-12 13:26:31'),
(90, 6, 13, 103, 63, 125, 1012, 20, '4.From the Diary of Anne Frank Amanda!', '4.FROM THE DIARY OF ANNE FRANK AMANDA!', 'file', '1618234120.pdf', '', '48 - 62', '', 'new', 'new', NULL, 'Active', 4, '2021-04-12 13:28:40', '2021-04-12 13:28:40'),
(91, 6, 13, 103, 63, 125, 1013, 20, '5.The Hundred Dresses-|', '5.THE HUNDRED DRESSES-|', 'file', '1618234222.pdf', '', '63 - 72', '', 'new', 'new', NULL, 'Active', 5, '2021-04-12 13:30:22', '2021-04-12 13:30:22'),
(92, 6, 13, 103, 63, 125, 1014, 20, '6.The Hundred Dresses-|| Animals', '6.THE HUNDRED DRESSES-|| ANIMALS', 'file', '1618234345.pdf', '', '73 - 84', '', 'new', 'new', NULL, 'Active', 6, '2021-04-12 13:32:25', '2021-04-12 13:32:25'),
(93, 6, 13, 103, 63, 141, 1154, 20, '(1)Real Numbers', '(1)REAL NUMBERS', 'file', '1618236093.pdf', '', '1 - 19', '', 'new', 'new', NULL, 'Active', 1, '2021-04-12 14:01:33', '2021-04-12 14:01:33'),
(94, 6, 13, 103, 63, 141, 1155, 20, '(2)Polynomials', '(2)POLYNOMIALS', 'file', '1618236190.pdf', '', '20 - 37', '', 'new', 'new', NULL, 'Active', 2, '2021-04-12 14:03:10', '2021-04-12 14:03:10'),
(95, 6, 13, 103, 63, 141, 1156, 20, '(3) Pair of Linear Equations in Two Variables', '(3)PAIR OF LINEAR EQUATION IN TWO VARIABLES', 'file', '1618236344.pdf', '', '38 - 69', '', 'new', 'new', NULL, 'Active', 3, '2021-04-12 14:05:44', '2021-04-12 14:05:44'),
(96, 6, 13, 103, 63, 141, 1157, 20, '(4) Quadratic Equations', '(4) QUADRATIC EQUATIONS', 'file', '1618236455.pdf', '', '70 - 92', '', 'new', 'new', NULL, 'Active', 4, '2021-04-12 14:07:35', '2021-04-12 14:07:35'),
(97, 6, 13, 103, 63, 141, 1158, 20, '(5) Arithmetic Progression', '(5) ARITHMETIC PROGRESSION', 'file', '1618236676.pdf', '', '93 - 116', '', 'new', 'new', NULL, 'Active', 5, '2021-04-12 14:11:16', '2021-04-12 14:11:16'),
(98, 6, 13, 103, 63, 141, 1159, 20, '(6) Triangles', '(6) TRIANGLES', 'file', '1618236787.pdf', '', '117 - 154', '', 'new', 'new', NULL, 'Active', 6, '2021-04-12 14:13:07', '2021-04-12 14:13:07'),
(99, 6, 13, 103, 63, 141, 1160, 20, '(7) Coordinate Geometry', '(7) COORDINATE GEOMETRY', 'file', '1618236878.pdf', '', '155 - 192', '', 'new', 'new', NULL, 'Active', 7, '2021-04-12 14:14:38', '2021-04-12 14:14:38'),
(100, 6, 13, 103, 63, 141, 1161, 20, '(8) Introduction to Trigonometry', '(8) INTRODUCTION TO TRIGONOMETRY', 'file', '1618236958.pdf', '', '193 - 214', '', 'new', 'new', NULL, 'Active', 8, '2021-04-12 14:15:58', '2021-04-12 14:15:58'),
(101, 6, 13, 103, 63, 141, 1162, 20, '(9) Some Applications of Trigonometry', '(9) SOME APPLICATIONS OF TRIGONOMETRY', 'file', '1618237052.pdf', '', '215 - 225', '', 'new', 'new', NULL, 'Active', 9, '2021-04-12 14:17:32', '2021-04-12 14:17:32'),
(102, 6, 13, 103, 63, 141, 1163, 20, '(10) Circles', '(10) CIRCLES', 'file', '1618237124.pdf', '', '226 - 235', '', 'new', 'new', NULL, 'Active', 10, '2021-04-12 14:18:44', '2021-04-12 14:18:44'),
(103, 6, 13, 103, 63, 141, 1164, 20, '(11) Constructions', '(11) CONSTRUCTION', 'file', '1618237193.pdf', '', '235 - 242', '', 'new', 'new', NULL, 'Active', 11, '2021-04-12 14:19:53', '2021-04-12 14:19:53'),
(104, 6, 13, 103, 63, 141, 1165, 20, '(12) Areas Related to Circles', '(12) AREAS RELATED TO CIRCLES', 'file', '1618237522.pdf', '', '243 - 258', '', 'new', 'new', NULL, 'Active', 12, '2021-04-12 14:25:22', '2021-04-12 14:25:22'),
(105, 6, 13, 103, 63, 141, 1166, 20, '(13) Surface Areas and Volumes', '(13) SURFACE AREAS AND VOLUMES', 'file', '1618238854.pdf', '', '259 - 279', '', 'new', 'new', NULL, 'Active', 13, '2021-04-12 14:47:34', '2021-04-12 14:47:34'),
(106, 6, 13, 103, 63, 141, 1167, 20, '(14) Statistics', '(14) STATISTICS', 'file', '1618238930.pdf', '', '280 - 314', '', 'new', 'new', NULL, 'Active', 14, '2021-04-12 14:48:50', '2021-04-12 14:48:50'),
(107, 6, 13, 103, 63, 141, 1168, 20, '(15) Probability', '(15) PROBABILITY', 'file', '1618238997.pdf', '', '333 - 350', '', 'new', 'new', NULL, 'Active', 15, '2021-04-12 14:49:57', '2021-04-12 14:49:57'),
(108, 6, 13, 103, 63, 141, 1169, 20, '(16) Answers', '(16) ANSWERS', 'file', '1618239068.pdf', '', '351 - 370', '', 'new', 'new', NULL, 'Active', 16, '2021-04-12 14:51:08', '2021-04-12 14:51:08'),
(109, 6, 13, 103, 63, 141, 1170, 20, '(17) Proofs in Mathematics A1', '(17) PROOF IN MATHEMATICS A1', 'file', '1618239148.pdf', '', '371 - 391', '', 'new', 'new', NULL, 'Active', 17, '2021-04-12 14:52:28', '2021-04-12 14:52:28'),
(110, 6, 13, 103, 63, 141, 1171, 20, '(18) Proofs in Mathematics A2', '(18) PROOFS IN MATHEMATICS A2', 'file', '1618239236.pdf', '', '392 - 402', '', 'new', 'new', NULL, 'Active', 18, '2021-04-12 14:53:56', '2021-04-12 14:53:56'),
(111, 6, 13, 103, 63, 127, 1142, 20, '(१) शुचिपर्यावरणम्', '(१) शुचिपर्यावरणम्', 'file', '1618240117.pdf', '', '1 - 12', '', 'new', 'new', NULL, 'Active', 1, '2021-04-12 15:08:37', '2021-04-12 15:08:37'),
(112, 5, 6, 18, 29, 92, 265, 17, 'वेदितव्यानि मित्राणि', 'VEDITVYANI MITRANI', 'file', '1618281104.pdf', '', '43 - 46', '', 'new', 'new', NULL, 'Active', 1, '2021-04-13 02:31:44', '2021-04-13 02:31:44'),
(113, 5, 6, 18, 29, 92, 266, 17, 'सुभाषित - सप्तकम्', 'SUBHASHIT - SAPTKAM', 'file', '1618281226.pdf', '', '47 - 49', '', 'new', 'new', NULL, 'Active', 2, '2021-04-13 02:33:46', '2021-04-13 02:33:46'),
(114, 5, 6, 18, 29, 92, 267, 17, 'दिष्टया गोग्रहण स्वन्तम्', 'DISHTYA GOGRAHAN SVANTAM', 'file', '1618281404.pdf', '', '50 - 55', '', 'new', 'new', NULL, 'Active', 3, '2021-04-13 02:36:44', '2021-04-13 02:36:44'),
(115, 5, 6, 18, 29, 92, 268, 17, 'हनुमाध्दणितरामवृतान्त', 'HANUMADHDNITRAMVRUTANT', 'file', '1618281716.pdf', '', '56 - 59', '', 'new', 'new', NULL, 'Active', 4, '2021-04-13 02:41:56', '2021-04-13 02:41:56'),
(116, 5, 6, 18, 29, 92, 269, 17, 'सुदुर्लभा सर्वमनोरमा वाणी', 'SUDURLABHA SARVAMANORMA VANEE', 'file', '1618281879.pdf', '', '60 - 63', '', 'new', 'new', NULL, 'Active', 5, '2021-04-13 02:44:39', '2021-04-13 02:44:39'),
(117, 5, 6, 18, 29, 92, 270, 17, 'अजेय: स भविष्यति', 'AJEY: SA BHAVISHYATI', 'file', '1618282037.pdf', '', '64 -66', '', 'new', 'new', NULL, 'Active', 6, '2021-04-13 02:47:17', '2021-04-13 02:47:17'),
(118, 5, 6, 18, 29, 92, 271, 17, 'आचार्य: चरक:', 'ACHARYA: CHARAK:', 'file', '1618282216.pdf', '', '67 - 70', '', 'new', 'new', NULL, 'Active', 7, '2021-04-13 02:50:16', '2021-04-13 02:50:16'),
(119, 5, 6, 18, 29, 92, 272, 17, 'बिलस्य वाणी न कदापि मे श्रुता', 'BILASY VANI NA KADAPI ME SHRUTA', 'file', '1618282591.pdf', '', '71 - 74', '', 'new', 'new', NULL, 'Active', 8, '2021-04-13 02:56:31', '2021-04-13 02:56:31'),
(120, 5, 6, 18, 29, 92, 273, 17, 'विनोदपधानि', 'VINODPADHANI', 'file', '1618282715.pdf', '', '75 - 78', '', 'new', 'new', NULL, 'Active', 9, '2021-04-13 02:58:35', '2021-04-13 02:58:35'),
(121, 5, 6, 18, 29, 92, 274, 17, 'संस्कृतभाषाय: वैशिष्टयम्', 'SANSKRUTBHASHAY: VAISHISHTYAM', 'file', '1618282888.pdf', '', '79 - 83', '', 'new', 'new', NULL, 'Active', 10, '2021-04-13 03:01:28', '2021-04-13 03:01:28'),
(122, 5, 6, 18, 29, 92, 275, 17, 'अभ्यास 1 - पुनरावर्तनम्', 'ABHYAS 1 - PUNRAVARTNM', 'file', '1618282996.pdf', '', '84 - 85', '', 'new', 'new', NULL, 'Active', 11, '2021-04-13 03:03:16', '2021-04-13 03:03:16'),
(123, 5, 6, 18, 29, 92, 276, 17, 'अभ्यास 2 - कारक - विभक्ति - परिचय:', 'ABHYAS 2 - KARAK - VIBHKTI PARICHAY:', 'file', '1618283227.pdf', '', '86 - 96', '', 'new', 'new', NULL, 'Active', 12, '2021-04-13 03:07:07', '2021-04-13 03:07:07'),
(124, 5, 6, 18, 29, 92, 277, 17, 'अभ्यास 3 - क्रियापदानी', 'ABHYAS 3 - KRIYAPADANI', 'file', '1618283379.pdf', '', '97 - 106', '', 'new', 'new', NULL, 'Active', 13, '2021-04-13 03:09:39', '2021-04-13 03:09:39'),
(125, 5, 6, 18, 29, 92, 278, 17, 'अभ्यास 4 - कृदन्तपदानी', 'ABHYAS 4 - KRUDANTPADANI', 'file', '1618283541.pdf', '', '107 - 109', '', 'new', 'new', NULL, 'Active', 14, '2021-04-13 03:12:21', '2021-04-13 03:12:21'),
(126, 5, 6, 18, 29, 92, 279, 17, 'अभ्यास 5 - समास-परिचय:', 'ABHYAS 5 - SAMAS-PARICHAY:', 'file', '1618283702.pdf', '', '110 - 112', '', 'new', 'new', NULL, 'Active', 15, '2021-04-13 03:15:02', '2021-04-13 03:15:02'),
(127, 5, 6, 18, 29, 92, 280, 17, 'अभ्यास 6 - सन्धि:', 'ABHYAS 6 - SANDHI', 'file', '1618283832.pdf', '', '113 - 114', '', 'new', 'new', NULL, 'Active', 16, '2021-04-13 03:17:12', '2021-04-13 03:17:12'),
(128, 5, 6, 18, 29, 92, 281, 17, 'अभ्यास 7 - अव्ययपदानि', 'ABHYAS 7 - AVYAYPADANI', 'file', '1618284353.pdf', '', '115 - 116', '', 'new', 'new', NULL, 'Active', 17, '2021-04-13 03:25:53', '2021-04-13 03:25:53'),
(129, 6, 13, 103, 63, 127, 1143, 20, '(२) बुद्धिबलवती सदा', '(२) बुद्धिबलवती सदा', 'file', '1618284502.pdf', '', '13 - 21', '', 'new', 'new', NULL, 'Active', 2, '2021-04-13 03:28:22', '2021-04-13 03:28:22'),
(130, 6, 13, 103, 63, 127, 1144, 20, '(३) व्यायाम : सर्वदा पथ्य', '(३) व्यायाम : सर्वदा पथ्य', 'file', '1618284566.pdf', '', '30 - 39', '', 'new', 'new', NULL, 'Active', 3, '2021-04-13 03:29:26', '2021-04-13 03:29:26'),
(131, 6, 13, 103, 63, 127, 1145, 20, '(४) शिशुलालनम्', '(४) शिशुलालनम्', 'file', '1618284673.pdf', '', '40 - 47', '', 'new', 'new', NULL, 'Active', 4, '2021-04-13 03:31:13', '2021-04-13 03:31:13'),
(132, 6, 13, 103, 63, 127, 1146, 20, '(५) जननी तुल्यवत्सला', '(५) जननी तुल्यवत्सला', 'file', '1618284751.pdf', '', '40 - 47', '', 'new', 'new', NULL, 'Active', 5, '2021-04-13 03:32:31', '2021-04-13 03:32:31'),
(133, 6, 13, 103, 63, 127, 1147, 20, '(६) सुभाषितानि', '(६) सुभाषितानि', 'file', '1618284844.pdf', '', '48 - 55', '', 'new', 'new', NULL, 'Active', 6, '2021-04-13 03:34:04', '2021-04-13 03:34:04'),
(134, 6, 13, 103, 63, 127, 1148, 20, '(७) सौहार्द प्रकृते: शोभा', '(७) सौहार्द प्रकृते: शोभा', 'file', '1618284912.pdf', '', '56 - 65', '', 'new', 'new', NULL, 'Active', 7, '2021-04-13 03:35:12', '2021-04-13 03:35:12'),
(135, 5, 6, 18, 29, 122, 330, 17, 'ભારતનું ન્યાયતંત્ર - પ્રકરણ', 'BHARATNU NYAYTANTRA - LESSON', 'file', '1618285612.pdf', '', '86 - 92', '', 'new', 'new', NULL, 'Active', 1, '2021-04-13 03:46:52', '2021-04-13 03:46:52'),
(136, 5, 6, 18, 29, 122, 330, 17, 'ભારતનું ન્યાયતંત્ર - પ્રકરણ', 'BHARATNU NYAYTANTRA - LESSON', 'file', '1618285629.pdf', '', '86 - 92', '', 'new', 'new', NULL, 'Active', 2, '2021-04-13 03:47:09', '2021-04-13 03:47:09'),
(137, 6, 13, 103, 63, 127, 1149, 20, '(८) विचित्रा: साक्षी', '(८) विचित्रा: साक्षी', 'file', '1618285693.pdf', '', '66 - 74', '', 'new', 'new', NULL, 'Active', 8, '2021-04-13 03:48:13', '2021-04-13 03:48:13'),
(138, 5, 6, 18, 29, 122, 331, 17, 'ભારતીય લોકશાહી - પ્રકરણ', 'BHARTIY LOKSHAHEE - LESSON', 'file', '1618285742.pdf', '', '93 - 97', '', 'new', 'new', NULL, 'Active', 3, '2021-04-13 03:49:02', '2021-04-13 03:49:02'),
(139, 6, 13, 103, 63, 127, 1150, 20, '(९) सूत्क्य:', '(९) सूत्क्य:', 'file', '1618285748.pdf', '', '75 - 81', '', 'new', 'new', NULL, 'Active', 9, '2021-04-13 03:49:08', '2021-04-13 03:49:08'),
(140, 6, 13, 103, 63, 127, 1151, 20, '(१०) भूकम्पविभीषिका', '(१०) भूकम्पविभीषिका', 'file', '1618285818.pdf', '', '82 - 89', '', 'new', 'new', NULL, 'Active', 10, '2021-04-13 03:50:18', '2021-04-13 03:50:18'),
(141, 6, 13, 103, 63, 127, 1152, 20, '(११) प्राणेभ्योपि प्रिय: सुहद', '(११) प्राणेभ्योपि प्रिय: सुहद', 'file', '1618285877.pdf', '', '90 - 98', '', 'new', 'new', NULL, 'Active', 11, '2021-04-13 03:51:17', '2021-04-13 03:51:17'),
(142, 6, 13, 103, 63, 127, 1153, 20, '(१२) अन्योत्क्य', '(१२) अन्योत्क्य', 'file', '1618285934.pdf', '', '99 - 106', '', 'new', 'new', NULL, 'Active', 12, '2021-04-13 03:52:14', '2021-04-13 03:52:14'),
(143, 5, 6, 18, 29, 122, 332, 17, 'ભારત : સ્થાન, ભૂસ્તરીય રચના અને ભૂપૃષ્ઠ - 1 -પ્રકરણ', 'BHARAT : STHAN, BHOOSTAREEY RACHNA ANE BHOOPRUSHTH - 1 - LESSON', 'file', '1618286009.pdf', '', '99 - 105', '', 'new', 'new', NULL, 'Active', 4, '2021-04-13 03:53:29', '2021-04-13 03:53:29'),
(144, 5, 6, 18, 29, 122, 333, 17, 'ભારત : સ્થાન, ભૂસ્તરીય રચના અને ભૂપૃષ્ઠ - 2 - પ્રકરણ', 'BHARAT : STHAN, BHOOSTREEY RACHNA ANE BHOOPRUSHTH - 2 - LESSON', 'file', '1618286171.pdf', '', '106 - 113', '', 'new', 'new', NULL, 'Active', 5, '2021-04-13 03:56:11', '2021-04-13 03:56:11'),
(145, 5, 6, 18, 29, 122, 334, 17, 'જળ - પરિવાહ - પ્રકરણ', 'JAL - PARIVAH - LESSON', 'file', '1618286296.pdf', '', '114 - 120', '', 'new', 'new', NULL, 'Active', 6, '2021-04-13 03:58:16', '2021-04-13 03:58:16'),
(146, 5, 6, 18, 29, 122, 335, 17, 'આબોહવા - પ્રકરણ', 'AABOHAVA - LESSON', 'file', '1618286630.pdf', '', '121 - 130', '', 'new', 'new', NULL, 'Active', 7, '2021-04-13 04:03:50', '2021-04-13 04:03:50'),
(147, 5, 6, 18, 29, 122, 336, 17, 'કુદરતી વનસ્પતિ - પ્રકરણ', 'KUDRATI VANASPTI - LESSON', 'file', '1618286920.pdf', '', '131 - 136', '', 'new', 'new', NULL, 'Active', 8, '2021-04-13 04:08:40', '2021-04-13 04:08:40'),
(148, 5, 6, 18, 29, 122, 337, 17, 'વન્યજીવન - પ્રકરણ', 'VANYJIVAN - LESSON', 'file', '1618287153.pdf', '', '137 - 142', '', 'new', 'new', NULL, 'Active', 9, '2021-04-13 04:12:33', '2021-04-13 04:12:33'),
(149, 5, 6, 18, 29, 122, 338, 17, 'ભારત : લોકજીવન - પ્રકરણ', 'BHARAT : LOKJEEVAN - LESSON', 'file', '1618287473.pdf', '', '143 - 147', '', 'new', 'new', NULL, 'Active', 10, '2021-04-13 04:17:53', '2021-04-13 04:17:53'),
(150, 6, 13, 103, 63, 126, 1125, 20, '(१) सूरदास : उधा', '(१) सूरदास : उधा', 'file', '1618287711.pdf', '', '1 - 9', '', 'new', 'new', NULL, 'Active', 1, '2021-04-13 04:21:51', '2021-04-13 04:21:51'),
(151, 6, 13, 103, 63, 126, 1126, 20, '(२) तुलसीदास राम - लक्ष्मण - परशुराम संवाद', '(२) तुलसीदास राम - लक्ष्मण - परशुराम संवाद', 'file', '1618287770.pdf', '', '10 - 18', '', 'new', 'new', NULL, 'Active', 2, '2021-04-13 04:22:50', '2021-04-13 04:22:50'),
(152, 6, 13, 103, 63, 126, 1127, 20, '(३) देव पाँयनि नूपुर', '(३) देव पाँयनि नूपुर', 'file', '1618287839.pdf', '', '19 - 25', '', 'new', 'new', NULL, 'Active', 3, '2021-04-13 04:23:59', '2021-04-13 04:23:59'),
(153, 5, 6, 18, 29, 122, 339, 17, 'આપત્તિ - વ્યવસ્થાપન - પ્રકરણ', 'AAPTTI - VYAVSTHAPAN -  LESSON', 'file', '1618287896.pdf', '', '148 - 156', '', 'new', 'new', NULL, 'Active', 11, '2021-04-13 04:24:56', '2021-04-13 04:24:56'),
(154, 6, 13, 103, 63, 126, 1128, 20, '(४) जयशंकर प्रसाद आत्मकथ्य', '(४) जयशंकर प्रसाद आत्मकथ्य', 'file', '1618287915.pdf', '', '26 - 30', '', 'new', 'new', NULL, 'Active', 4, '2021-04-13 04:25:15', '2021-04-13 04:25:15'),
(155, 6, 13, 103, 63, 126, 1129, 20, '(५) सूर्यकांत त्रिपाठी \'निराला\' उत्साह अट नहीं रही ह', '(५) सूर्यकांत त्रिपाठी \'निराला\' उत्साह अट नहीं रही ह', 'file', '1618288024.pdf', '', '31 - 36', '', 'new', 'new', NULL, 'Active', 5, '2021-04-13 04:27:04', '2021-04-13 04:27:04'),
(156, 6, 13, 103, 63, 126, 1130, 20, '(६) नागार्जुन यह दंतुरित मुसकान फसल', '(६) नागार्जुन यह दंतुरित मुसकान फसल', 'file', '1618288107.pdf', '', '37 - 43', '', 'new', 'new', NULL, 'Active', 6, '2021-04-13 04:28:27', '2021-04-13 04:28:27'),
(157, 6, 13, 103, 63, 126, 1131, 20, '(७) गिरिजाकुमार माधुर छाया मत छूना', '(७) गिरिजाकुमार माधुर छाया मत छूना', 'file', '1618288162.pdf', '', '44 - 48', '', 'new', 'new', NULL, 'Active', 7, '2021-04-13 04:29:22', '2021-04-13 04:29:22'),
(158, 6, 13, 103, 63, 126, 1132, 20, '(८) ऋतूराज कन्यादान', '(८) ऋतूराज कन्यादान', 'file', '1618288549.pdf', '', '49 - 51', '', 'new', 'new', NULL, 'Active', 8, '2021-04-13 04:35:49', '2021-04-13 04:35:49'),
(159, 6, 13, 103, 63, 126, 1133, 20, '(९) मंगलेश डबराल संगतकार', '(९) मंगलेश डबराल संगतकार', 'file', '1618288618.pdf', '', '52 - 58', '', 'new', 'new', NULL, 'Active', 9, '2021-04-13 04:36:58', '2021-04-13 04:36:58'),
(160, 6, 13, 103, 63, 126, 1134, 20, '(१०) स्वयं प्रकाश नेताजी का चश्मा', '(१०) स्वयं प्रकाश नेताजी का चश्मा', 'file', '1618288974.pdf', '', '59 - 67', '', 'new', 'new', NULL, 'Active', 10, '2021-04-13 04:42:54', '2021-04-13 04:42:54'),
(161, 6, 13, 103, 63, 126, 1135, 20, '(११) रामवृक्ष बेनीपुरी बालगोबिन भगत', '(११) रामवृक्ष बेनीपुरी बालगोबिन भगत', 'file', '1618289026.pdf', '', '68 - 76', '', 'new', 'new', NULL, 'Active', 11, '2021-04-13 04:43:46', '2021-04-13 04:43:46'),
(162, 6, 13, 103, 63, 126, 1136, 20, '(१२) यशपाल लखनवी अंदाज', '(१२) यशपाल लखनवी अंदाज', 'file', '1618289082.pdf', '', '77 - 82', '', 'new', 'new', NULL, 'Active', 12, '2021-04-13 04:44:42', '2021-04-13 04:44:42'),
(163, 6, 13, 103, 63, 126, 1137, 20, '(१३) सर्वेश्वर दयाल सक्सेना मानवीय करुणा की दिव्य चमक', '(१३) सर्वेश्वर दयाल सक्सेना मानवीय करुणा की दिव्य चमक', 'file', '1618289189.pdf', '', '83 - 90', '', 'new', 'new', NULL, 'Active', 13, '2021-04-13 04:46:29', '2021-04-13 04:46:29'),
(164, 6, 13, 103, 63, 126, 1138, 20, '(१४) मन्नू भंडारी एक कहानी यह भी', '(१४) मन्नू भंडारी एक कहानी यह भी', 'file', '1618289646.pdf', '', '91 - 102', '', 'new', 'new', NULL, 'Active', 14, '2021-04-13 04:54:06', '2021-04-13 04:54:06'),
(165, 6, 13, 103, 63, 126, 1139, 20, '(१५) महावीरप्रसाद द्विवेदी स्त्री-शिक्षा के विरोधीकुतर्को का खंडन', '(१५) महावीरप्रसाद द्विवेदी स्त्री-शिक्षा के विरोधीकुतर्को का खंडन', 'file', '1618289720.pdf', '', '103 - 113', '', 'new', 'new', NULL, 'Active', 15, '2021-04-13 04:55:20', '2021-04-13 04:55:20'),
(166, 6, 13, 103, 63, 126, 1140, 20, '(१६) यतींद्र मिश्र नौबतखाने में इबादत', '(१६) यतींद्र मिश्र नौबतखाने में इबादत', 'file', '1618289774.pdf', '', '114 - 125', '', 'new', 'new', NULL, 'Active', 16, '2021-04-13 04:56:14', '2021-04-13 04:56:14'),
(167, 6, 13, 103, 63, 126, 1141, 20, '(१७) भदंत आनंद कौसल्यायन संस्कृति', '(१७) भदंत आनंद कौसल्यायन संस्कृति', 'file', '1618289826.pdf', '', '126 - 132', '', 'new', 'new', NULL, 'Active', 17, '2021-04-13 04:57:06', '2021-04-13 04:57:06'),
(168, 6, 13, 103, 63, 142, 1178, 20, '(1) Chemical Reactions ane Equations', '(1) CHEMICAL REACTIONS ANE EQUATIONS', 'file', '1618291118.pdf', '', '1 - 16', '', 'new', 'new', NULL, 'Active', 1, '2021-04-13 05:18:38', '2021-04-13 05:18:38'),
(169, 6, 13, 103, 63, 142, 1179, 20, '(2) Acids, Bases and Salts', '(2) ACID, BASES AND SALTS', 'file', '1618291206.pdf', '', '17 - 36', '', 'new', 'new', NULL, 'Active', 2, '2021-04-13 05:20:06', '2021-04-13 05:20:06'),
(170, 6, 13, 103, 63, 142, 1180, 20, '(3) Metals and Non-metals', '(3) METALS AND NON-METALS', 'file', '1618291285.pdf', '', '37 - 57', '', 'new', 'new', NULL, 'Active', 3, '2021-04-13 05:21:25', '2021-04-13 05:21:25'),
(171, 6, 13, 103, 63, 142, 1181, 20, '(4) Carbon and its Compounds', '(4) CARBON AND ITS COMPOUNDS', 'file', '1618291429.pdf', '', '58 - 78', '', 'new', 'new', NULL, 'Active', 4, '2021-04-13 05:23:49', '2021-04-13 05:23:49'),
(172, 6, 13, 103, 63, 142, 1182, 20, '(5) Periodic Classification of Elements', '(5) PERIODIC CLASSIFICATION OF ELEMENTS', 'file', '1618291518.pdf', '', '79 - 92', '', 'new', 'new', NULL, 'Active', 5, '2021-04-13 05:25:18', '2021-04-13 05:25:18'),
(173, 6, 13, 103, 63, 142, 1183, 20, '(6) Life Processes', '(6) LIFE PROCESSES', 'file', '1618291663.pdf', '', '93 - 113', '', 'new', 'new', NULL, 'Active', 6, '2021-04-13 05:27:43', '2021-04-13 05:27:43'),
(174, 6, 13, 103, 63, 142, 1184, 20, '(7) Control and Coordination', '(7) CONTROL AND COORDINATION', 'file', '1618291748.pdf', '', '114 - 126', '', 'new', 'new', NULL, 'Active', 7, '2021-04-13 05:29:08', '2021-04-13 05:29:08'),
(175, 6, 13, 103, 63, 142, 1185, 20, '(8) How do Organisms Reproduce?', '(8) HOW DO ORGANISMS REPRODUCE?', 'file', '1618291868.pdf', '', '127 - 141', '', 'new', 'new', NULL, 'Active', 8, '2021-04-13 05:31:08', '2021-04-13 05:31:08'),
(176, 6, 13, 103, 63, 142, 1186, 20, '(9) Heredity and Evolution', '(9) HEREDITY AND EVOLUTION', 'file', '1618292070.pdf', '', '142 - 159', '', 'new', 'new', NULL, 'Active', 9, '2021-04-13 05:34:30', '2021-04-13 05:34:30'),
(177, 6, 13, 103, 63, 142, 1187, 20, '(10) Light - Reflection and Refraction', '(10) LIGHT - REFLECTION AND REFLECTION', 'file', '1618292172.pdf', '', '160 - 186', '', 'new', 'new', NULL, 'Active', 10, '2021-04-13 05:36:12', '2021-04-13 05:36:12'),
(178, 5, 6, 17, 27, 60, 353, 17, 'વળાવી બા આવી - કાવ્ય', 'VALAVEE BA AAVEE -  POEM', 'file', '1618293383.pdf', '', '1 - 5', '', 'new', 'new', NULL, 'Active', 1, '2021-04-13 05:56:23', '2021-04-13 05:56:23'),
(179, 5, 6, 17, 27, 60, 354, 17, 'નવા વર્ષના સંકલ્પો - પ્રકરણ', 'NAVA VARSHNA SANKALPO - LESSON', 'file', '1618293545.pdf', '', '6 - 12', '', 'new', 'new', NULL, 'Active', 2, '2021-04-13 05:59:05', '2021-04-13 05:59:05'),
(180, 5, 6, 17, 27, 60, 355, 17, 'શરુઆત કરીએ - કાવ્ય', 'SHARUAAT KRIE - POEM', 'file', '1618293682.pdf', '', '13 - 15', '', 'new', 'new', NULL, 'Active', 3, '2021-04-13 06:01:22', '2021-04-13 06:01:22'),
(181, 5, 6, 17, 27, 60, 356, 17, 'સાકરનો શોધનારો - પ્રકરણ', 'SAKARNO SHODHNARO - LESSON', 'file', '1618293832.pdf', '', '16 - 25', '', 'new', 'new', NULL, 'Active', 4, '2021-04-13 06:03:52', '2021-04-13 06:03:52'),
(182, 5, 6, 17, 27, 60, 357, 17, 'અખંડ ભારતના શિલ્પી - પ્રકરણ', 'AKHAND BHARATNA SHILPI - LESSON', 'file', '1618293968.pdf', '', '26 - 32', '', 'new', 'new', NULL, 'Active', 5, '2021-04-13 06:06:08', '2021-04-13 06:06:08'),
(183, 5, 6, 17, 27, 60, 358, 17, 'સુદામો દીઠા શ્રીકૃષ્ણદેવ રે ! - કાવ્ય', 'SUDAMO DITHA SHREEKRISHNADEV RE ! - POEM', 'file', '1618294160.pdf', '', '33 - 39', '', 'new', 'new', NULL, 'Active', 6, '2021-04-13 06:09:20', '2021-04-13 06:09:20'),
(184, 5, 6, 17, 27, 60, 359, 17, 'સંસ્કારની શ્રીમંતાઈ - પ્રકરણ', 'SANSKARNI SHREEMANTAEE - LESSON', 'file', '1618294377.pdf', '', '41 - 46', '', 'new', 'new', NULL, 'Active', 7, '2021-04-13 06:12:57', '2021-04-13 06:12:57'),
(185, 5, 6, 17, 27, 60, 360, 17, 'દુહા-મુક્તક-હાઇકુ - કાવ્ય', 'DUHA-MUKTAK-HAIKU - POEM', 'file', '1618294607.pdf', '', '47 - 50', '', 'new', 'new', NULL, 'Active', 8, '2021-04-13 06:16:47', '2021-04-13 06:16:47'),
(186, 5, 6, 17, 27, 60, 361, 17, 'સાંઢ નાથ્યો - પ્રકરણ', 'SANDH NATHYO - LESSON', 'file', '1618294750.pdf', '', '51 - 57', '', 'new', 'new', NULL, 'Active', 9, '2021-04-13 06:19:10', '2021-04-13 06:19:10'),
(187, 5, 6, 17, 27, 60, 362, 17, 'બહેનનો પત્ર - પ્રકરણ', 'BAHENNO PATR - LESSON', 'file', '1618294908.pdf', '', '58 - 65', '', 'new', 'new', NULL, 'Active', 10, '2021-04-13 06:21:48', '2021-04-13 06:21:48'),
(188, 5, 6, 17, 27, 60, 363, 17, 'કમાડે ચીતર્યા મેં... - કાવ્ય', 'KAMADE CHEETRYA ME... - POEM', 'file', '1618295051.pdf', '', '66 - 69', '', 'new', 'new', NULL, 'Active', 11, '2021-04-13 06:24:11', '2021-04-13 06:24:11'),
(189, 5, 6, 17, 27, 60, 364, 17, 'કિસ્સા - ટુચકા - પ્રકરણ', 'KISSA - TUCHKA - LESSON', 'file', '1618295755.pdf', '', '70 - 75', '', 'new', 'new', NULL, 'Active', 12, '2021-04-13 06:35:55', '2021-04-13 06:35:55'),
(190, 6, 13, 103, 63, 142, 1189, 20, '(12) Electricity', '(12) ELECTRICITY', 'file', '1618317998.pdf', '', '199 - 222', '', 'new', 'new', NULL, 'Active', 11, '2021-04-13 12:46:38', '2021-04-13 12:46:38'),
(191, 6, 13, 103, 63, 142, 1190, 20, '(13) Magnetic Effects of Electric Current', '(13)MAGNETIC EFFECTS OF ELECTRIC CURRENT', 'file', '1618318130.pdf', '', '223 - 241', '', 'new', 'new', NULL, 'Active', 12, '2021-04-13 12:48:50', '2021-04-13 12:48:50'),
(192, 6, 13, 103, 63, 142, 1191, 20, '(14) Sources of Energy', '(14) SOURCES OF ENERGY', 'file', '1618318234.pdf', '', '242 - 255', '', 'new', 'new', NULL, 'Active', 13, '2021-04-13 12:50:34', '2021-04-13 12:50:34'),
(193, 6, 13, 103, 63, 142, 1192, 20, '(15) Our Environment', '(15)OUR ENVIRONMENT', 'file', '1618318323.pdf', '', '256 - 265', '', 'new', 'new', NULL, 'Active', 14, '2021-04-13 12:52:03', '2021-04-13 12:52:03'),
(194, 6, 13, 103, 63, 142, 1193, 20, '(16) Management of Natural Resources', '(16) MANAGEMENT OF NATURAL RESOURCES', 'file', '1618318438.pdf', '', '266 - 280', '', 'new', 'new', NULL, 'Active', 15, '2021-04-13 12:53:58', '2021-04-13 12:53:58'),
(195, 6, 13, 103, 63, 142, 1194, 20, '(17) Answers', '(17) ANSWERS', 'file', '1618318677.pdf', '', '281 - 282', '', 'new', 'new', NULL, 'Active', 16, '2021-04-13 12:57:57', '2021-04-13 12:57:57');

-- --------------------------------------------------------

--
-- Table structure for table `exams`
--

CREATE TABLE `exams` (
  `id` bigint UNSIGNED NOT NULL,
  `board_id` int NOT NULL DEFAULT '0',
  `medium_id` int NOT NULL DEFAULT '0',
  `standard_id` int NOT NULL DEFAULT '0',
  `semester_id` int NOT NULL DEFAULT '0',
  `subject_id` int NOT NULL DEFAULT '0',
  `unit_id` bigint UNSIGNED NOT NULL,
  `name` varchar(255) CHARACTER SET utf8mb4 COLLATE utf8mb4_unicode_ci NOT NULL,
  `note` text CHARACTER SET utf8mb4 COLLATE utf8mb4_unicode_ci NOT NULL,
  `time_duration` varchar(255) CHARACTER SET utf8mb4 COLLATE utf8mb4_unicode_ci NOT NULL,
  `exam_date` date NOT NULL,
  `total_marks` varchar(255) CHARACTER SET utf8mb4 COLLATE utf8mb4_unicode_ci NOT NULL,
  `total_question` varchar(255) CHARACTER SET utf8mb4 COLLATE utf8mb4_unicode_ci NOT NULL,
  `group_id` varchar(255) CHARACTER SET utf8mb4 COLLATE utf8mb4_unicode_ci NOT NULL,
  `start_time` time NOT NULL,
  `end_time` time NOT NULL,
  `exam_status` tinyint NOT NULL DEFAULT '0',
  `instant_result` tinyint NOT NULL,
  `is_minus_system` tinyint NOT NULL DEFAULT '0',
  `negative_marks` varchar(255) CHARACTER SET utf8mb4 COLLATE utf8mb4_unicode_ci DEFAULT NULL,
  `status` enum('Active','Inactive','Deleted') CHARACTER SET utf8mb4 COLLATE utf8mb4_unicode_ci DEFAULT 'Active',
  `created_at` timestamp NULL DEFAULT NULL,
  `updated_at` timestamp NULL DEFAULT NULL
) ENGINE=InnoDB DEFAULT CHARSET=utf8mb4 COLLATE=utf8mb4_unicode_ci;

-- --------------------------------------------------------

--
-- Table structure for table `exam_questions`
--

CREATE TABLE `exam_questions` (
  `id` bigint UNSIGNED NOT NULL,
  `exam_id` int NOT NULL,
  `question_id` int NOT NULL,
  `status` enum('Active','Inactive','Deleted') CHARACTER SET utf8mb4 COLLATE utf8mb4_unicode_ci DEFAULT 'Active',
  `created_at` timestamp NULL DEFAULT NULL,
  `updated_at` timestamp NULL DEFAULT NULL
) ENGINE=InnoDB DEFAULT CHARSET=utf8mb4 COLLATE=utf8mb4_unicode_ci;

-- --------------------------------------------------------

--
-- Table structure for table `exam_students`
--

CREATE TABLE `exam_students` (
  `id` bigint UNSIGNED NOT NULL,
  `exam_id` int NOT NULL,
  `user_id` int NOT NULL,
  `start_time` datetime DEFAULT NULL,
  `end_time` datetime DEFAULT NULL,
  `is_attend` tinyint NOT NULL DEFAULT '0',
  `remaining_time` time DEFAULT NULL,
  `node_number` varchar(255) CHARACTER SET utf8mb4 COLLATE utf8mb4_unicode_ci DEFAULT NULL,
  `result` varchar(255) CHARACTER SET utf8mb4 COLLATE utf8mb4_unicode_ci DEFAULT NULL,
  `ip_address` varchar(255) CHARACTER SET utf8mb4 COLLATE utf8mb4_unicode_ci DEFAULT NULL,
  `student_status` tinyint NOT NULL DEFAULT '0',
  `is_agree` tinyint NOT NULL DEFAULT '0',
  `status` enum('Active','Inactive','Deleted') CHARACTER SET utf8mb4 COLLATE utf8mb4_unicode_ci DEFAULT 'Active',
  `created_at` timestamp NULL DEFAULT NULL,
  `updated_at` timestamp NULL DEFAULT NULL
) ENGINE=InnoDB DEFAULT CHARSET=utf8mb4 COLLATE=utf8mb4_unicode_ci;

-- --------------------------------------------------------

--
-- Table structure for table `failed_jobs`
--

CREATE TABLE `failed_jobs` (
  `id` bigint UNSIGNED NOT NULL,
  `uuid` varchar(255) CHARACTER SET utf8mb4 COLLATE utf8mb4_unicode_ci NOT NULL,
  `connection` text CHARACTER SET utf8mb4 COLLATE utf8mb4_unicode_ci NOT NULL,
  `queue` text CHARACTER SET utf8mb4 COLLATE utf8mb4_unicode_ci NOT NULL,
  `payload` longtext CHARACTER SET utf8mb4 COLLATE utf8mb4_unicode_ci NOT NULL,
  `exception` longtext CHARACTER SET utf8mb4 COLLATE utf8mb4_unicode_ci NOT NULL,
  `failed_at` timestamp NOT NULL DEFAULT CURRENT_TIMESTAMP
) ENGINE=InnoDB DEFAULT CHARSET=utf8mb4 COLLATE=utf8mb4_unicode_ci;

-- --------------------------------------------------------

--
-- Table structure for table `features`
--

CREATE TABLE `features` (
  `id` bigint UNSIGNED NOT NULL,
  `title` varchar(255) CHARACTER SET utf8mb4 COLLATE utf8mb4_unicode_ci DEFAULT NULL,
  `image` text CHARACTER SET utf8mb4 COLLATE utf8mb4_unicode_ci,
  `flag` varchar(50) CHARACTER SET utf8mb4 COLLATE utf8mb4_unicode_ci DEFAULT NULL,
  `feature_order` int DEFAULT '0',
  `status` enum('Active','Inactive','Deleted') CHARACTER SET utf8mb4 COLLATE utf8mb4_unicode_ci DEFAULT 'Active',
  `created_at` timestamp NULL DEFAULT NULL,
  `updated_at` timestamp NULL DEFAULT NULL
) ENGINE=InnoDB DEFAULT CHARSET=utf8mb4 COLLATE=utf8mb4_unicode_ci;

--
-- Dumping data for table `features`
--

INSERT INTO `features` (`id`, `title`, `image`, `flag`, `feature_order`, `status`, `created_at`, `updated_at`) VALUES
(3, 'All In One', '929014159.png', '1', 1, 'Active', '2021-02-24 16:02:16', '2021-03-20 17:30:48'),
(4, 'Edu.Videos', '1310112519.png', '2', 2, 'Active', '2021-02-24 16:02:42', '2021-03-20 17:20:58'),
(5, 'Unit Notes', '705450526.jpg', '9', 9, 'Active', '2021-02-24 16:03:15', '2021-03-20 17:23:51'),
(6, 'Textbook Units', '1743930834.png', '3', 3, 'Active', '2021-02-24 16:03:41', '2021-03-20 17:21:35'),
(7, 'Work Sheets', '1703620656.png', '7', 7, 'Active', '2021-02-24 16:04:03', '2021-03-20 17:25:38'),
(8, 'Unit Papers', '1669704853.png', '6', 6, 'Active', '2021-02-24 16:04:30', '2021-03-20 17:24:28'),
(9, 'Unit Exercise', '595708366.png', '4', 4, 'Active', '2021-02-24 16:04:59', '2021-03-20 17:23:16'),
(10, 'Edu. Material', '1120046733.png', '5', 5, 'Active', '2021-02-24 16:05:18', '2021-03-20 17:22:12'),
(11, 'MCQ', '1256756985.jpg', '8', 8, 'Active', '2021-03-05 12:35:30', '2021-03-20 17:22:49'),
(13, 'Chart & Maps', NULL, '11', 11, 'Active', '2021-03-19 08:34:35', '2021-03-20 17:26:35'),
(14, '3D iR Model', NULL, '10', 10, 'Active', '2021-03-19 10:06:38', '2021-03-20 17:29:26'),
(15, 'Edu. Shop', NULL, '12', 12, 'Active', '2021-03-19 10:11:17', '2021-03-20 19:13:59');

-- --------------------------------------------------------

--
-- Table structure for table `materials`
--

CREATE TABLE `materials` (
  `id` bigint UNSIGNED NOT NULL,
  `board_id` int NOT NULL DEFAULT '0',
  `medium_id` int NOT NULL DEFAULT '0',
  `standard_id` int NOT NULL DEFAULT '0',
  `semester_id` int NOT NULL DEFAULT '0',
  `subject_id` int NOT NULL DEFAULT '0',
  `unit_id` bigint UNSIGNED NOT NULL,
  `user_id` bigint UNSIGNED NOT NULL,
  `question` text CHARACTER SET utf8mb4 COLLATE utf8mb4_unicode_ci,
  `answer` text CHARACTER SET utf8mb4 COLLATE utf8mb4_unicode_ci,
  `marks` varchar(255) CHARACTER SET utf8mb4 COLLATE utf8mb4_unicode_ci DEFAULT NULL,
  `image` text CHARACTER SET utf8mb4 COLLATE utf8mb4_unicode_ci,
  `label` varchar(255) CHARACTER SET utf8mb4 COLLATE utf8mb4_unicode_ci DEFAULT NULL,
  `question_type` int NOT NULL DEFAULT '0',
  `level` varchar(50) CHARACTER SET utf8mb4 COLLATE utf8mb4_unicode_ci DEFAULT NULL,
  `status` enum('Active','Inactive','Deleted') CHARACTER SET utf8mb4 COLLATE utf8mb4_unicode_ci DEFAULT 'Active',
  `order_no` int NOT NULL DEFAULT '0',
  `created_at` timestamp NULL DEFAULT NULL,
  `updated_at` timestamp NULL DEFAULT NULL
) ENGINE=InnoDB DEFAULT CHARSET=utf8mb4 COLLATE=utf8mb4_unicode_ci;

-- --------------------------------------------------------

--
-- Table structure for table `mcqs`
--

CREATE TABLE `mcqs` (
  `id` bigint UNSIGNED NOT NULL,
  `unit_id` bigint UNSIGNED NOT NULL,
  `question` varchar(255) CHARACTER SET utf8mb4 COLLATE utf8mb4_unicode_ci DEFAULT NULL,
  `opt1` varchar(255) CHARACTER SET utf8mb4 COLLATE utf8mb4_unicode_ci DEFAULT NULL,
  `opt2` varchar(255) CHARACTER SET utf8mb4 COLLATE utf8mb4_unicode_ci DEFAULT NULL,
  `opt3` varchar(255) CHARACTER SET utf8mb4 COLLATE utf8mb4_unicode_ci DEFAULT NULL,
  `opt4` varchar(255) CHARACTER SET utf8mb4 COLLATE utf8mb4_unicode_ci DEFAULT NULL,
  `answer` varchar(255) CHARACTER SET utf8mb4 COLLATE utf8mb4_unicode_ci DEFAULT NULL,
  `level` varchar(255) CHARACTER SET utf8mb4 COLLATE utf8mb4_unicode_ci DEFAULT NULL,
  `status` enum('Active','Inactive','Deleted') CHARACTER SET utf8mb4 COLLATE utf8mb4_unicode_ci DEFAULT 'Active',
  `created_at` timestamp NULL DEFAULT NULL,
  `updated_at` timestamp NULL DEFAULT NULL
) ENGINE=InnoDB DEFAULT CHARSET=utf8mb4 COLLATE=utf8mb4_unicode_ci;

-- --------------------------------------------------------

--
-- Table structure for table `mediums`
--

CREATE TABLE `mediums` (
  `id` int NOT NULL,
  `board_id` int NOT NULL DEFAULT '0',
  `medium_name` varchar(255) DEFAULT '',
  `status` enum('Active','Inactive','Deleted') DEFAULT 'Active',
  `order_no` int NOT NULL DEFAULT '0',
  `created_at` timestamp NOT NULL DEFAULT CURRENT_TIMESTAMP ON UPDATE CURRENT_TIMESTAMP,
  `updated_at` timestamp NULL DEFAULT NULL
) ENGINE=InnoDB DEFAULT CHARSET=utf8mb4 COLLATE=utf8mb4_0900_ai_ci;

--
-- Dumping data for table `mediums`
--

INSERT INTO `mediums` (`id`, `board_id`, `medium_name`, `status`, `order_no`, `updated_at`) VALUES
(1, 1, 'Gujarati Medium - ગુજરાતી માધ્યમ', 'Deleted', 0, '2021-03-17 11:03:56'),
(2, 1, 'Hindi Medium - हिंदी माध्यम', 'Deleted', 0, '2021-03-17 11:04:01'),
(3, 1, 'English Medium - अंग्रेजी माध्यम', 'Deleted', 0, '2021-03-17 11:03:51'),
(4, 4, 'English Medium - अंग्रेजी माध्यम', 'Deleted', 0, '2021-03-17 11:04:15'),
(5, 4, 'Hindi Medium - हिंदी माध्यम', 'Deleted', 0, '2021-03-17 11:04:08'),
(6, 5, 'GUJARATI MEDIUM  -  ગુજરાતી માધ્યમ', 'Active', 1, '2021-04-06 17:25:31'),
(7, 5, 'ENGLISH MEDIUM  -  अंग्रेजी माध्यम', 'Active', 2, '2021-04-06 17:25:31'),
(8, 5, 'HINDI MEDIUM  -  हिंदी माध्यम', 'Active', 3, '2021-04-06 17:25:31'),
(9, 5, 'MARATHI MEDIUM  - मराठी माध्यम', 'Active', 4, '2021-04-06 17:25:31'),
(10, 5, 'URDU MEDIUM  - اردو  مدھیام', 'Active', 5, '2021-04-06 17:25:31'),
(11, 5, 'SINDI MEDIUM  -  سڳندهڳ  ميدڳعم', 'Active', 6, '2021-04-06 17:25:31'),
(12, 5, 'SANSKRIT MEDIUM  - संस्कृत माध्यम', 'Active', 7, '2021-04-06 17:25:31'),
(13, 6, 'ENGLISH MEDIUM  -  अंग्रेजी माध्यम', 'Active', 8, '2021-04-06 17:25:31'),
(14, 6, 'HINDI MEDIUM  -  हिंदी माध्यम', 'Active', 9, '2021-04-06 17:25:31'),
(15, 7, 'ENGLISH MEDIUM  -  अंग्रेजी माध्यम', 'Active', 10, '2021-04-07 18:03:45');

-- --------------------------------------------------------

--
-- Table structure for table `migrations`
--

CREATE TABLE `migrations` (
  `id` int UNSIGNED NOT NULL,
  `migration` varchar(255) CHARACTER SET utf8mb4 COLLATE utf8mb4_unicode_ci NOT NULL,
  `batch` int NOT NULL
) ENGINE=InnoDB DEFAULT CHARSET=utf8mb4 COLLATE=utf8mb4_unicode_ci;

--
-- Dumping data for table `migrations`
--

INSERT INTO `migrations` (`id`, `migration`, `batch`) VALUES
(1, '2014_10_12_000000_create_users_table', 1),
(2, '2014_10_12_100000_create_password_resets_table', 1),
(3, '2014_10_12_200000_add_two_factor_columns_to_users_table', 1),
(4, '2016_06_01_000001_create_oauth_auth_codes_table', 1),
(5, '2016_06_01_000002_create_oauth_access_tokens_table', 1),
(6, '2016_06_01_000003_create_oauth_refresh_tokens_table', 1),
(7, '2016_06_01_000004_create_oauth_clients_table', 1),
(8, '2016_06_01_000005_create_oauth_personal_access_clients_table', 1),
(9, '2019_08_19_000000_create_failed_jobs_table', 1),
(10, '2019_12_14_000001_create_personal_access_tokens_table', 1),
(11, '2021_02_08_145153_create_sessions_table', 1),
(12, '2021_02_08_151650_create_boards_table', 1),
(13, '2021_02_08_151758_create_standards_table', 1),
(14, '2021_02_08_151912_create_subjects_table', 1),
(15, '2021_02_08_151944_create_books_table', 1),
(16, '2021_02_10_145753_create_semesters_table', 1),
(17, '2021_02_10_150831_create_units_table', 1),
(18, '2021_02_10_163701_create_sliders_table', 1),
(19, '2021_02_12_151042_create_videos_table', 1),
(20, '2021_02_12_151112_create_solutions_table', 1),
(21, '2021_02_12_151130_create_materials_table', 1),
(22, '2021_02_12_151157_create_papers_table', 1),
(23, '2021_02_12_151258_create_worksheets_table', 1),
(24, '2021_02_14_142321_alter_user_table', 2),
(25, '2021_02_19_180122_create_mcqs_table', 3),
(26, '2021_02_20_144612_create_questions_table', 3),
(27, '2021_02_20_144933_create_exams_table', 3),
(28, '2021_02_20_144955_create_exam_questions_table', 3),
(29, '2021_02_20_145017_create_exam_students_table', 3),
(30, '2021_02_20_145038_create_student_question_answers_table', 3),
(31, '2021_02_22_161904_create_features_table', 4),
(32, '2021_03_16_151649_create_permission_tables', 5);

-- --------------------------------------------------------

--
-- Table structure for table `model_has_permissions`
--

CREATE TABLE `model_has_permissions` (
  `permission_id` bigint UNSIGNED NOT NULL,
  `model_type` varchar(255) COLLATE utf8mb4_unicode_ci NOT NULL,
  `model_id` bigint UNSIGNED NOT NULL
) ENGINE=InnoDB DEFAULT CHARSET=utf8mb4 COLLATE=utf8mb4_unicode_ci;

--
-- Dumping data for table `model_has_permissions`
--

INSERT INTO `model_has_permissions` (`permission_id`, `model_type`, `model_id`) VALUES
(21, 'App\\Models\\User', 14),
(22, 'App\\Models\\User', 14),
(23, 'App\\Models\\User', 14),
(24, 'App\\Models\\User', 14),
(25, 'App\\Models\\User', 14),
(26, 'App\\Models\\User', 14),
(27, 'App\\Models\\User', 14),
(28, 'App\\Models\\User', 14),
(33, 'App\\Models\\User', 14),
(34, 'App\\Models\\User', 14),
(35, 'App\\Models\\User', 14),
(36, 'App\\Models\\User', 14),
(41, 'App\\Models\\User', 14),
(42, 'App\\Models\\User', 14),
(43, 'App\\Models\\User', 14),
(44, 'App\\Models\\User', 14),
(21, 'App\\Models\\User', 15),
(22, 'App\\Models\\User', 15),
(23, 'App\\Models\\User', 15),
(24, 'App\\Models\\User', 15),
(25, 'App\\Models\\User', 15),
(26, 'App\\Models\\User', 15),
(27, 'App\\Models\\User', 15),
(28, 'App\\Models\\User', 15),
(33, 'App\\Models\\User', 15),
(34, 'App\\Models\\User', 15),
(35, 'App\\Models\\User', 15),
(36, 'App\\Models\\User', 15),
(21, 'App\\Models\\User', 17),
(22, 'App\\Models\\User', 17),
(23, 'App\\Models\\User', 17),
(24, 'App\\Models\\User', 17),
(25, 'App\\Models\\User', 17),
(26, 'App\\Models\\User', 17),
(27, 'App\\Models\\User', 17),
(28, 'App\\Models\\User', 17),
(33, 'App\\Models\\User', 17),
(34, 'App\\Models\\User', 17),
(35, 'App\\Models\\User', 17),
(36, 'App\\Models\\User', 17),
(21, 'App\\Models\\User', 20),
(22, 'App\\Models\\User', 20),
(23, 'App\\Models\\User', 20),
(24, 'App\\Models\\User', 20),
(25, 'App\\Models\\User', 20),
(26, 'App\\Models\\User', 20),
(27, 'App\\Models\\User', 20),
(28, 'App\\Models\\User', 20),
(33, 'App\\Models\\User', 20),
(34, 'App\\Models\\User', 20),
(35, 'App\\Models\\User', 20),
(36, 'App\\Models\\User', 20);

-- --------------------------------------------------------

--
-- Table structure for table `model_has_roles`
--

CREATE TABLE `model_has_roles` (
  `role_id` bigint UNSIGNED NOT NULL,
  `model_type` varchar(255) COLLATE utf8mb4_unicode_ci NOT NULL,
  `model_id` bigint UNSIGNED NOT NULL
) ENGINE=InnoDB DEFAULT CHARSET=utf8mb4 COLLATE=utf8mb4_unicode_ci;

--
-- Dumping data for table `model_has_roles`
--

INSERT INTO `model_has_roles` (`role_id`, `model_type`, `model_id`) VALUES
(1, 'App\\Models\\User', 1),
(2, 'App\\Models\\User', 2),
(3, 'App\\Models\\User', 3),
(4, 'App\\Models\\User', 4),
(5, 'App\\Models\\User', 5),
(6, 'App\\Models\\User', 6),
(1, 'App\\Models\\User', 9),
(1, 'App\\Models\\User', 11),
(2, 'App\\Models\\User', 13),
(3, 'App\\Models\\User', 14),
(3, 'App\\Models\\User', 15),
(3, 'App\\Models\\User', 17),
(3, 'App\\Models\\User', 20);

-- --------------------------------------------------------

--
-- Table structure for table `notes`
--

CREATE TABLE `notes` (
  `id` int NOT NULL,
  `board_id` int NOT NULL DEFAULT '0',
  `medium_id` int NOT NULL DEFAULT '0',
  `standard_id` int NOT NULL DEFAULT '0',
  `semester_id` int NOT NULL DEFAULT '0',
  `subject_id` int NOT NULL DEFAULT '0',
  `unit_id` int NOT NULL DEFAULT '0',
  `user_id` int NOT NULL DEFAULT '0',
  `title` varchar(255) DEFAULT NULL,
  `sub_title` varchar(255) DEFAULT NULL,
  `url_type` varchar(50) DEFAULT NULL,
  `url` varchar(255) DEFAULT NULL,
  `thumbnail` varchar(255) DEFAULT NULL,
  `pages` varchar(255) DEFAULT NULL,
  `description` text,
  `edition` enum('new','old') DEFAULT NULL,
  `label` varchar(255) DEFAULT NULL,
  `release_date` date DEFAULT NULL,
  `status` enum('Active','Inactive','Deleted') DEFAULT 'Active',
  `order_no` int NOT NULL DEFAULT '0',
  `created_at` timestamp NOT NULL DEFAULT CURRENT_TIMESTAMP ON UPDATE CURRENT_TIMESTAMP,
  `updated_at` timestamp NULL DEFAULT NULL
) ENGINE=InnoDB DEFAULT CHARSET=utf8mb4 COLLATE=utf8mb4_0900_ai_ci;

-- --------------------------------------------------------

--
-- Table structure for table `oauth_access_tokens`
--

CREATE TABLE `oauth_access_tokens` (
  `id` varchar(100) CHARACTER SET utf8mb4 COLLATE utf8mb4_unicode_ci NOT NULL,
  `user_id` bigint UNSIGNED DEFAULT NULL,
  `client_id` char(36) CHARACTER SET utf8mb4 COLLATE utf8mb4_unicode_ci NOT NULL,
  `name` varchar(255) CHARACTER SET utf8mb4 COLLATE utf8mb4_unicode_ci DEFAULT NULL,
  `scopes` text CHARACTER SET utf8mb4 COLLATE utf8mb4_unicode_ci,
  `revoked` tinyint(1) NOT NULL,
  `created_at` timestamp NULL DEFAULT NULL,
  `updated_at` timestamp NULL DEFAULT NULL,
  `expires_at` datetime DEFAULT NULL
) ENGINE=InnoDB DEFAULT CHARSET=utf8mb4 COLLATE=utf8mb4_unicode_ci;

--
-- Dumping data for table `oauth_access_tokens`
--

INSERT INTO `oauth_access_tokens` (`id`, `user_id`, `client_id`, `name`, `scopes`, `revoked`, `created_at`, `updated_at`, `expires_at`) VALUES
('004caa1d6c7254cf7071cce0c0944bb1632eac07540700cf42b156d47739967ad9e16d9f7ca8c3a3', 26, '92f94b37-c07f-4ebf-a861-05b70a1dcff3', 'Ramdoot', '[]', 0, '2021-03-19 05:31:38', '2021-03-19 05:31:38', '2022-03-19 05:31:38'),
('02718afef4a5651575716b61a1aa21eaaf84d9af70605b4a9d939c9f2c66d24b68d32e7a053fdd65', 25, '1', 'Ramdoot', '[]', 0, '2021-02-16 05:53:38', '2021-02-16 05:53:38', '2022-02-16 05:53:38'),
('04da582c9c5e3f1e97013f585cc58884c5e7fbfff96a271a08d5ef53aebc25379dcae1ad677a128d', 18, '1', 'Ramdoot', '[]', 0, '2021-02-14 18:24:49', '2021-02-14 18:24:49', '2022-02-14 18:24:49'),
('06dd7432d6f13101f50d94518e366d20b2eb7f32087df200afa189541e93917d89ad6c35609e695e', 23, '1', 'Ramdoot', '[]', 0, '2021-02-19 10:05:36', '2021-02-19 10:05:36', '2022-02-19 10:05:36'),
('087c83d8f9702c8ad259b05320962397c5b316721260b13caf222adafeb0cc12a94c23336c1c618c', 27, '92f94b37-c07f-4ebf-a861-05b70a1dcff3', 'Ramdoot', '[]', 0, '2021-03-19 10:46:31', '2021-03-19 10:46:31', '2022-03-19 10:46:31'),
('08f0565202898e0b402a8039c7b9363d67b5b838fc5e69804caba9fde6ffe483d615f0ce25d0ad3b', 21, '1', 'Ramdoot', '[]', 0, '2021-02-14 18:30:56', '2021-02-14 18:30:56', '2022-02-14 18:30:56'),
('0bd13ac92d36c6619c57a62457c426eee2c074c14b9f083916749ba9d9f9f4ee22ddc0ec900abe11', 26, '1', 'Ramdoot', '[]', 0, '2021-02-16 17:44:54', '2021-02-16 17:44:54', '2022-02-16 17:44:54'),
('0bfae615c9062d7fdb6fed892ea4420d6ead48014b8877139c0a74cc262223cf8f1eaba1dd055e1e', 7, '92f94b37-c07f-4ebf-a861-05b70a1dcff3', 'Ramdoot', '[]', 0, '2021-03-29 19:30:46', '2021-03-29 19:30:46', '2022-03-29 19:30:46'),
('0c18eddf9c9eb366e8c3f4cab9f90bb4ba56c328d6d4670d5062ea2370ac3e5343b1af7b44b6b841', 26, '1', 'Ramdoot', '[]', 0, '2021-03-16 18:11:31', '2021-03-16 18:11:31', '2022-03-16 18:11:31'),
('0e1948839f62d391d01e719249d23b5e93bf9274e07672ce9b822e7a8769d3c782bddb0730af6845', 25, '1', 'Ramdoot', '[]', 0, '2021-03-01 15:57:11', '2021-03-01 15:57:11', '2022-03-01 15:57:11'),
('140930dc8ceaecce567ff4d01be896d88ea4621e33202d0f341783a32ca0675a5c8e14c0d5c12fc7', 9, '92f94b37-c07f-4ebf-a861-05b70a1dcff3', 'Ramdoot', '[]', 0, '2021-03-25 17:30:12', '2021-03-25 17:30:12', '2022-03-25 17:30:12'),
('14568275a7c690eba9bad862c8f6b591c5f39e2efea453bd227bb134aea45d368847fd2a2db87f7f', 25, '1', 'Ramdoot', '[]', 0, '2021-03-01 15:57:29', '2021-03-01 15:57:29', '2022-03-01 15:57:29'),
('14ea7fb5a2dd2d40ca6eb117d88c57a70eaac446a3d46744ed743470d8c47f20f16bd1d757a5f759', 18, '92f94b37-c07f-4ebf-a861-05b70a1dcff3', 'Ramdoot', '[]', 0, '2021-04-10 04:04:05', '2021-04-10 04:04:05', '2022-04-10 04:04:05'),
('15fb7706e5625573f58cce4d38e79f3969d95482a0a34ee1ead6daade70d1a1c2853197c29f09a4b', 35, '92f94b37-c07f-4ebf-a861-05b70a1dcff3', 'Ramdoot', '[]', 0, '2021-03-17 17:50:23', '2021-03-17 17:50:23', '2022-03-17 17:50:23'),
('16a8b6d61f97e7158fb0d544947f041035d4a93293b721d38a84b382220dd457d74ba23dc466610d', 26, '1', 'Ramdoot', '[]', 0, '2021-03-01 15:56:47', '2021-03-01 15:56:47', '2022-03-01 15:56:47'),
('16fe0855e5e2153310e69cf093a35b74fc7e7a715cd0a7d3208b21087406b9d6c2e55418a69e2303', 25, '1', 'Ramdoot', '[]', 0, '2021-03-01 15:57:00', '2021-03-01 15:57:00', '2022-03-01 15:57:00'),
('17824b4914eeca653a5d6a7d3fb56026f5da6266726189b9c70da380eddb27398ef6bfdd963a0c25', 26, '92f94b37-c07f-4ebf-a861-05b70a1dcff3', 'Ramdoot', '[]', 0, '2021-03-19 05:05:21', '2021-03-19 05:05:21', '2022-03-19 05:05:21'),
('183090135aa009be1186e412656bbf54fac9c36630757f5d20da9e933507e59601cc43d6a73287e9', 10, '92f94b37-c07f-4ebf-a861-05b70a1dcff3', 'Ramdoot', '[]', 0, '2021-03-29 17:47:36', '2021-03-29 17:47:36', '2022-03-29 17:47:36'),
('18a78f13a3cf475eb01a30b278bb8419307363b592a94c99a4292522e8905f91bf4190360d5908f5', 25, '1', 'Ramdoot', '[]', 0, '2021-03-16 18:50:13', '2021-03-16 18:50:13', '2022-03-16 18:50:13'),
('18c3add1b9bf6a4e656e705049986ba78d509b89b212b22b25a356d7f2e931955808a6eaf255ee6d', 26, '1', 'Ramdoot', '[]', 0, '2021-02-16 06:42:58', '2021-02-16 06:42:58', '2022-02-16 06:42:58'),
('19604cf3a18be2e2a9a1fac71ee39f656b28368276acd0885b92198c77851d9aa6895488fa7a98e2', 25, '1', 'Ramdoot', '[]', 0, '2021-03-01 15:40:03', '2021-03-01 15:40:03', '2022-03-01 15:40:03'),
('19ceb5540d8558c3b808a0673b26bf268c3f9ecb052696d160d332a2f9cc7f1ae62ab47092a3af71', 26, '1', 'Ramdoot', '[]', 0, '2021-02-18 08:34:44', '2021-02-18 08:34:44', '2022-02-18 08:34:44'),
('1a5f48dffaf793f2e23a64738f0bf7a452330409111adaba5d6970cc095224b554b86c55a3d4255a', 10, '92f94b37-c07f-4ebf-a861-05b70a1dcff3', 'Ramdoot', '[]', 0, '2021-04-02 16:32:28', '2021-04-02 16:32:28', '2022-04-02 16:32:28'),
('1ba7c38be6ededce18abca7ef557035a440020a9f0148035e8c4dd110df8d66641506a1560c80263', 26, '1', 'Ramdoot', '[]', 0, '2021-02-16 14:12:45', '2021-02-16 14:12:45', '2022-02-16 14:12:45'),
('1bb3fa49bc64c56a143adf53b4a503f011914be836ba886226a9557a607f28760def0ec7fff5133b', 12, '1', 'Ramdoot', '[]', 0, '2021-02-14 14:14:36', '2021-02-14 14:14:36', '2022-02-14 14:14:36'),
('1bccb22c8473db5d9fafdb2c518b82b7f82d8c52ad03c4306867366b99b3cfa8d8f2dd43088c8753', 29, '1', 'Ramdoot', '[]', 0, '2021-03-09 14:22:36', '2021-03-09 14:22:36', '2022-03-09 14:22:36'),
('1ded3bfa3f6f5373f805777fe4a81a1b304bf05f23a2717e4c04aff643b8dab25dc2b624c95321d1', 23, '92f94b37-c07f-4ebf-a861-05b70a1dcff3', 'Ramdoot', '[]', 0, '2021-03-18 14:51:35', '2021-03-18 14:51:35', '2022-03-18 14:51:35'),
('1eb76e3262c92eed07c371dfa3a64a665f4d6e24da82ec00428749e57e161c456c2fc3f5a97a6cff', 26, '1', 'Ramdoot', '[]', 0, '2021-03-11 09:42:21', '2021-03-11 09:42:21', '2022-03-11 09:42:21'),
('1f061b83de3ee5c0871c207379c40231e1ab8deaeea6e0532b925796a6e59367d10f64ba22dd4f71', 25, '1', 'Ramdoot', '[]', 0, '2021-03-12 08:23:52', '2021-03-12 08:23:52', '2022-03-12 08:23:52'),
('1fe40de4ed9b4d6bc5e1c8b00e7261d6c1cfc2f7a2fbdb69520d58edc68783559710a96fe5192694', 29, '1', 'Ramdoot', '[]', 0, '2021-03-05 18:40:03', '2021-03-05 18:40:03', '2022-03-05 18:40:03'),
('20580a21ea4aacb998f9ec1aae31951bb5f2173f486709bdd2cf076884447adc6c6740e1a3a60248', 10, '92f94b37-c07f-4ebf-a861-05b70a1dcff3', 'Ramdoot', '[]', 0, '2021-03-29 19:31:12', '2021-03-29 19:31:12', '2022-03-29 19:31:12'),
('2152f98ab01b7738d27767e70a01cdde77b7c9dc02e288588a282143755d61a215e4c1bdbb71e351', 10, '92f94b37-c07f-4ebf-a861-05b70a1dcff3', 'Ramdoot', '[]', 0, '2021-03-29 16:33:21', '2021-03-29 16:33:21', '2022-03-29 16:33:21'),
('23a01b3a5f2f7cd8c61ad35f04a30d12a1ce19cee1741ea44fd6419620cd664999fc0176d6645917', 10, '92f94b37-c07f-4ebf-a861-05b70a1dcff3', 'Ramdoot', '[]', 0, '2021-03-29 18:44:54', '2021-03-29 18:44:54', '2022-03-29 18:44:54'),
('248262118fc761d5ba44c21c818f89995703885941b8b4339f4ec13b8ff39453b636e83491b8e2d3', 26, '1', 'Ramdoot', '[]', 0, '2021-03-01 15:34:30', '2021-03-01 15:34:30', '2022-03-01 15:34:30'),
('24e51e1f388ca68f6a7b19f362bcd485d447e77d040e0e6ec03c50798197586eb6467aacec73c3be', 26, '92f94b37-c07f-4ebf-a861-05b70a1dcff3', 'Ramdoot', '[]', 0, '2021-03-19 05:21:59', '2021-03-19 05:21:59', '2022-03-19 05:21:59'),
('260b0a15f7dc86f92df8be340d19885a204f9ec8bbd9d8c69088ef4aeb5b9790ba2329a1d864d074', 19, '92f94b37-c07f-4ebf-a861-05b70a1dcff3', 'Ramdoot', '[]', 0, '2021-04-12 03:33:34', '2021-04-12 03:33:34', '2022-04-12 03:33:34'),
('266c323aa031bccecc16111c4fd0f9251d89c2a4024c1e157cd4f2e2a5653585ed734ca0ce4b91e0', 10, '92f94b37-c07f-4ebf-a861-05b70a1dcff3', 'Ramdoot', '[]', 0, '2021-03-29 19:43:28', '2021-03-29 19:43:28', '2022-03-29 19:43:28'),
('27273beeb123bb18768f566f0032aa9084983437f9fad3eb097b9f52cf43bf4b817c04101e916efe', 27, '92f94b37-c07f-4ebf-a861-05b70a1dcff3', 'Ramdoot', '[]', 0, '2021-03-18 16:56:33', '2021-03-18 16:56:33', '2022-03-18 16:56:33'),
('27bbc9e649928d2bb49f49965d5c4a75d5bcc1fde601947988c32a8b1200cc02cd2e6a1a9f1e5d9d', 26, '1', 'Ramdoot', '[]', 0, '2021-02-16 16:11:23', '2021-02-16 16:11:23', '2022-02-16 16:11:23'),
('2d1ecb8bca12ca0e8800e85a209cd2313e2a41b3a8f7a140a4b8332273f3772c806e559ac6f75560', 26, '1', 'Ramdoot', '[]', 0, '2021-03-01 15:20:05', '2021-03-01 15:20:05', '2022-03-01 15:20:05'),
('2e9bb50f535e4f5c2ea01cdb79ed459ab0b9fa99a98fff72a2adc120314780a24502df15c1a151cc', 25, '92f94b37-c07f-4ebf-a861-05b70a1dcff3', 'Ramdoot', '[]', 0, '2021-03-17 17:40:27', '2021-03-17 17:40:27', '2022-03-17 17:40:27'),
('2ec81c1cf3c57dd22e407587f593391b6fd39b1e85bffb27cae8748f699919c80b8f8f64dde23a9c', 26, '1', 'Ramdoot', '[]', 0, '2021-03-16 18:54:23', '2021-03-16 18:54:23', '2022-03-16 18:54:23'),
('2f0763bf9d8693091c9ed5bb34445c38492b8f885f846943a1309de19bf44ae4acfd99c75c4140c0', 30, '1', 'Ramdoot', '[]', 0, '2021-02-24 14:02:53', '2021-02-24 14:02:53', '2022-02-24 14:02:53'),
('306c7d9e6fc2317845da93b11caf39f6626df9a7eb0161d4a9de5ec40b9b6ac60a70ba42317baaf4', 25, '1', 'Ramdoot', '[]', 0, '2021-03-16 18:33:59', '2021-03-16 18:33:59', '2022-03-16 18:33:59'),
('309ae0a0e60f7e8a80f4ec00ac92615f5027099545078d715b1ef222789b0ff3b854dea025a5cf70', 25, '1', 'Ramdoot', '[]', 0, '2021-02-17 12:08:12', '2021-02-17 12:08:12', '2022-02-17 12:08:12'),
('317d5cdc01481bbc8cf0ffb4d97e790e7351f38ba8035fc7f62c067869409b515f5a1342be7afc21', 27, '1', 'Ramdoot', '[]', 0, '2021-03-09 14:21:53', '2021-03-09 14:21:53', '2022-03-09 14:21:53'),
('319b58cb479e2d0147c2d52211b1f513843dd13c3b86766d24ffcfd2c475e447cf5edfd4c6f9fc7a', 25, '1', 'Ramdoot', '[]', 0, '2021-03-16 18:39:56', '2021-03-16 18:39:56', '2022-03-16 18:39:56'),
('32b463ffe749fbb88ea79538058ab7badf80eeebc6d66b04c315ddb63a903e365207e01ea3927130', 10, '92f94b37-c07f-4ebf-a861-05b70a1dcff3', 'Ramdoot', '[]', 0, '2021-03-29 17:47:37', '2021-03-29 17:47:37', '2022-03-29 17:47:37'),
('338b1c6d590d13971c6427ea7f28db16adba44b864dbbb73476467cd21a80d0a92eb4c16b529d109', 26, '1', 'Ramdoot', '[]', 0, '2021-03-11 08:49:54', '2021-03-11 08:49:54', '2022-03-11 08:49:54'),
('339f27360587336874bf6ded0d6136e7b8b5cd486ec4a17f726c8aacdd3d93594dd976a3539f6b58', 26, '1', 'Ramdoot', '[]', 0, '2021-03-16 18:19:25', '2021-03-16 18:19:25', '2022-03-16 18:19:25'),
('33d69cd2745446096d20ee819b62e67ee1fb8831a4a3e003519a840da4f495dfcdafe8296f05e462', 32, '1', 'Ramdoot', '[]', 0, '2021-03-01 16:17:11', '2021-03-01 16:17:11', '2022-03-01 16:17:11'),
('34eab52d4dbf8a485d4d8b9eaae0de3fce23ad99d79afdce11a158a0bcd3068c4d7f05e87afe735d', 26, '1', 'Ramdoot', '[]', 0, '2021-03-01 15:56:54', '2021-03-01 15:56:54', '2022-03-01 15:56:54'),
('35144905343150b453087506410733735aa651d9d36af345811f38e7c1430de9048a9517e5cf967c', 30, '1', 'Ramdoot', '[]', 0, '2021-02-24 15:49:37', '2021-02-24 15:49:37', '2022-02-24 15:49:37'),
('35fff9655771011eceef402cfc8a04b3cc0b000cae202b8f66f509fc91984fee2cd42022c118104a', 26, '92f94b37-c07f-4ebf-a861-05b70a1dcff3', 'Ramdoot', '[]', 0, '2021-03-20 18:04:24', '2021-03-20 18:04:24', '2022-03-20 18:04:24'),
('36c52067923a11569877aaeed59e2bce52e07dbe1503e8d13b9a667c03de0f46557e58aacb56f82c', 33, '1', 'Ramdoot', '[]', 0, '2021-03-16 18:56:41', '2021-03-16 18:56:41', '2022-03-16 18:56:41'),
('371003d222c5af6bbb0212e40f6466e33babb71b21b9948c3b862d1305c7d35d9a7880c67af8b2db', 26, '1', 'Ramdoot', '[]', 0, '2021-03-16 18:53:08', '2021-03-16 18:53:08', '2022-03-16 18:53:08'),
('38abaa63cb078b764465a4f4820b0b438587b3df61de478ce3179d095145500e39e121ed35b82f73', 29, '92f94b37-c07f-4ebf-a861-05b70a1dcff3', 'Ramdoot', '[]', 0, '2021-03-17 17:42:46', '2021-03-17 17:42:46', '2022-03-17 17:42:46'),
('3a0155945dcd7e6a4e57743fe988f47a174b82d35e6e4b5ac6e74c273756e2bf988df7004db4ff88', 26, '1', 'Ramdoot', '[]', 0, '2021-03-16 18:26:29', '2021-03-16 18:26:29', '2022-03-16 18:26:29'),
('3b10a3a5465d2d437dd9740267481590c0659c53dfd99669ae736f3c8bf7c8dc9eb5cb90ecc466a0', 9, '92f94b37-c07f-4ebf-a861-05b70a1dcff3', 'Ramdoot', '[]', 0, '2021-03-30 12:07:32', '2021-03-30 12:07:32', '2022-03-30 12:07:32'),
('3be4968cba1f41dfccb1464703aadfb7626a38ef390fec69bb7e45acd2eb883882c127ef44ad4fcd', 26, '1', 'Ramdoot', '[]', 0, '2021-02-28 11:12:41', '2021-02-28 11:12:41', '2022-02-28 11:12:41'),
('3c1f37acaf1cc8ddfbfcf3a374f989a53afab3c92ec1a27bf8c7c6960e51fa0a108fd58e72ea7dba', 26, '1', 'Ramdoot', '[]', 0, '2021-02-18 08:36:36', '2021-02-18 08:36:36', '2022-02-18 08:36:36'),
('3cc46f1d9388dbd7cd716ddacd6b3826a7274059a4ce694c239a9ff2dbe1f692002136ec1fdb5d9b', 19, '1', 'Ramdoot', '[]', 0, '2021-02-14 18:29:11', '2021-02-14 18:29:11', '2022-02-14 18:29:11'),
('3d6e38421a7feeb6592b0b5bdaab02a3a7aa419fb326381ba7c0837d7fdbab173aeeec887cb31001', 34, '1', 'Ramdoot', '[]', 0, '2021-03-11 07:02:21', '2021-03-11 07:02:21', '2022-03-11 07:02:21'),
('3e1078fd3cf44bc58978445f7828f9332ec5d9a034fcd2027657076347bce93f51467aa17ab1b4ca', 29, '1', 'Ramdoot', '[]', 0, '2021-03-02 17:18:07', '2021-03-02 17:18:07', '2022-03-02 17:18:07'),
('3e32dc79e819d1fb1807e3fdc5ef0295fdfb7d538e3455b0d2d797c261c5ce45509889c0bb2935e3', 29, '1', 'Ramdoot', '[]', 0, '2021-02-19 04:31:45', '2021-02-19 04:31:45', '2022-02-19 04:31:45'),
('3e6d3d250a18b07a46333515e233cfdea4cd325f3ce9d1c52fbee564afeb9b1418f94b4ea3e146e6', 26, '1', 'Ramdoot', '[]', 0, '2021-03-01 15:33:29', '2021-03-01 15:33:29', '2022-03-01 15:33:29'),
('3fa44ceee11022bf9e460dad88e01facc5b139556b2bfb06c7631d3e7d25769f661bb2f661e8c666', 10, '92f94b37-c07f-4ebf-a861-05b70a1dcff3', 'Ramdoot', '[]', 0, '2021-04-02 17:07:10', '2021-04-02 17:07:10', '2022-04-02 17:07:10'),
('40994e9292657d4198f8c3feb29d0a8b7ad2d4f962e96a54206dfb3d72e44efe0984293f1b0f2a20', 26, '1', 'Ramdoot', '[]', 0, '2021-03-01 15:36:00', '2021-03-01 15:36:00', '2022-03-01 15:36:00'),
('41cf939a905ae10925300ce4863f397f78349996072bd05b857fd432250ae4648263f942c5abc644', 10, '92f94b37-c07f-4ebf-a861-05b70a1dcff3', 'Ramdoot', '[]', 0, '2021-03-29 18:44:59', '2021-03-29 18:44:59', '2022-03-29 18:44:59'),
('4223ab33898e70917661abbe18fcbf9dd0f2f53250519e12af7153957d789b0c8304cd8d1d23d19c', 16, '92f94b37-c07f-4ebf-a861-05b70a1dcff3', 'Ramdoot', '[]', 0, '2021-04-07 14:41:00', '2021-04-07 14:41:00', '2022-04-07 14:41:00'),
('42aa638fbdb10a65d845186bde310860a383844a47205a4dc93919492607ccce760956e08ab292ac', 10, '92f94b37-c07f-4ebf-a861-05b70a1dcff3', 'Ramdoot', '[]', 0, '2021-03-29 17:47:34', '2021-03-29 17:47:34', '2022-03-29 17:47:34'),
('437afba8d6240bc466ba723cfa0a83ca7c226791bc1a10bf2284a87ba98e6b2fa8254a84214b8b22', 21, '1', 'Ramdoot', '[]', 0, '2021-02-14 18:43:00', '2021-02-14 18:43:00', '2022-02-14 18:43:00'),
('45e2489d28c6672422c4e3cb81d4b370d98bc43cb8f781570dba907c63ec5cf659e3b780748b4cec', 23, '1', 'Ramdoot', '[]', 0, '2021-03-09 14:17:05', '2021-03-09 14:17:05', '2022-03-09 14:17:05'),
('46fdc25e569df4e779b83f435701445551e74f10c1a61f8af12db7704644e1b2343d5dc7d3a4129b', 33, '1', 'Ramdoot', '[]', 0, '2021-03-16 19:03:47', '2021-03-16 19:03:47', '2022-03-16 19:03:47'),
('47743853cfe54887afe550050a1c203ccbcc7d5ed4f120227fa6840b2e6b1a5f30f77b43a9499710', 26, '92f94b37-c07f-4ebf-a861-05b70a1dcff3', 'Ramdoot', '[]', 0, '2021-03-17 15:17:42', '2021-03-17 15:17:42', '2022-03-17 15:17:42'),
('47da997c1862ec3ee734834849e7096d32aca362e0197af40efb21d34c74152b4701f5a5d24d902c', 9, '92f94b37-c07f-4ebf-a861-05b70a1dcff3', 'Ramdoot', '[]', 0, '2021-04-03 07:02:16', '2021-04-03 07:02:16', '2022-04-03 07:02:16'),
('4a5d7ef1c9169bafa2fa35ef13029c0e7955788aa5d98eae980a4dd76cc20baa6081ca72f155ce66', 29, '92f94b37-c07f-4ebf-a861-05b70a1dcff3', 'Ramdoot', '[]', 0, '2021-03-17 17:36:42', '2021-03-17 17:36:42', '2022-03-17 17:36:42'),
('4d46570fc83a62b19f97eb23ecab7819aa1e61f74678a0764f64c84f62aaed24328819d40cf30981', 26, '1', 'Ramdoot', '[]', 0, '2021-03-01 15:32:32', '2021-03-01 15:32:32', '2022-03-01 15:32:32'),
('4e8af52af82b53fce9434dfe677375ae9ee5ab843eda8041a21ab41a14d593c75f9d5000d37983d8', 19, '92f94b37-c07f-4ebf-a861-05b70a1dcff3', 'Ramdoot', '[]', 0, '2021-04-12 03:28:55', '2021-04-12 03:28:55', '2022-04-12 03:28:55'),
('4e96f96fbe0320820e36708784659bd7b3f0995588dfd3b899583af9c31dd81e10ebde8d0ec98389', 25, '1', 'Ramdoot', '[]', 0, '2021-03-01 16:00:09', '2021-03-01 16:00:09', '2022-03-01 16:00:09'),
('4f7a95e8a865da2df042023ee8debc32272edb2c8c67d6b0a3471bc792aced84438f9e90b4066ccc', 27, '1', 'Ramdoot', '[]', 0, '2021-03-09 14:16:10', '2021-03-09 14:16:10', '2022-03-09 14:16:10'),
('5007ab5cacfadbd0da42dd749329231979b034768608bfc8c64f6903f1bc6961c8f9175cb70a11be', 26, '1', 'Ramdoot', '[]', 0, '2021-02-28 11:12:46', '2021-02-28 11:12:46', '2022-02-28 11:12:46'),
('50866a03c87411420c46faea523ebfba8cb32deeebb794f940621e8e5f647ada4e16a89643a86992', 26, '1', 'Ramdoot', '[]', 0, '2021-03-16 18:32:58', '2021-03-16 18:32:58', '2022-03-16 18:32:58'),
('51653e6a7f997469d21e2b047e4108157d4fb505df5ba7f3760ce86700de10055d13c1add9e550a4', 9, '92f94b37-c07f-4ebf-a861-05b70a1dcff3', 'Ramdoot', '[]', 0, '2021-03-25 17:04:08', '2021-03-25 17:04:08', '2022-03-25 17:04:08'),
('51aed062d2981ba1b12e1a7a7ccc8933dcfbe4a3222cd33e2a91950efe016ec446eb46c29e36ae41', 9, '92f94b37-c07f-4ebf-a861-05b70a1dcff3', 'Ramdoot', '[]', 0, '2021-04-10 02:17:28', '2021-04-10 02:17:28', '2022-04-10 02:17:28'),
('521daa58b7bed7cb0f0852a0f38e0887ef2c5fc9e44d5d8ed4c483c2a3b66819af216997d49cbcdb', 27, '92f94b37-c07f-4ebf-a861-05b70a1dcff3', 'Ramdoot', '[]', 0, '2021-03-18 14:33:16', '2021-03-18 14:33:16', '2022-03-18 14:33:16'),
('5393d7fdb63c09fc056bfdd5fb76db22b35d0b98905a73a5593675049259738105abf2d9d486eb31', 33, '1', 'Ramdoot', '[]', 0, '2021-03-01 16:35:52', '2021-03-01 16:35:52', '2022-03-01 16:35:52'),
('5533d1d07eda557e2858bae2a3c67757a8f3a82a1895f0a86028160d9c9c79ef420a6e360ecb399f', 24, '1', 'Ramdoot', '[]', 0, '2021-02-15 03:24:01', '2021-02-15 03:24:01', '2022-02-15 03:24:01'),
('556074735c72350586d91eabcc24edf6461ca57df6b25731c396ee80f60510f85e75f8632ae49c81', 16, '92f94b37-c07f-4ebf-a861-05b70a1dcff3', 'Ramdoot', '[]', 0, '2021-04-07 14:44:04', '2021-04-07 14:44:04', '2022-04-07 14:44:04'),
('57e6cad5fa1dfae8bc09988e4ef1c7fc687be563dbcb55c70d93d29e3d6d4ed0124ab3f354d8de8a', 7, '92f94b37-c07f-4ebf-a861-05b70a1dcff3', 'Ramdoot', '[]', 0, '2021-03-24 18:22:16', '2021-03-24 18:22:16', '2022-03-24 18:22:16'),
('59ce88c6fbce69d88cb8085ba9360cb3a566db04409cf416915cf496fd875334529317164181f0b8', 25, '92f94b37-c07f-4ebf-a861-05b70a1dcff3', 'Ramdoot', '[]', 0, '2021-03-17 17:40:23', '2021-03-17 17:40:23', '2022-03-17 17:40:23'),
('59f63dacfeb884cf49cdab2ad78d2a35e241afee028d213086482a0faa7fe3853f99de0d8120f81b', 9, '1', 'Ramdoot', '[]', 0, '2021-02-14 14:01:58', '2021-02-14 14:01:58', '2022-02-14 14:01:58'),
('5db4c00d5cdc525335ace5cb3b6096aa3418c3990cfb2203408107ea6e1a1f333063669961abbe21', 15, '1', 'Ramdoot', '[]', 0, '2021-02-14 14:22:56', '2021-02-14 14:22:56', '2022-02-14 14:22:56'),
('5e51186709c671b1dab932594b4d35b897ed276d80e0dd96f170ca4f2caeb98735a130a61fd062ef', 1, '1', 'Ramdoot', '[]', 0, '2021-02-15 03:04:03', '2021-02-15 03:04:03', '2022-02-15 03:04:03'),
('5f17ee37b4f362d0e55fd5e7e17bd2db655b427f3ff395fa7280ba81d1698680721b185f9fa9f3a8', 25, '1', 'Ramdoot', '[]', 0, '2021-03-11 07:32:41', '2021-03-11 07:32:41', '2022-03-11 07:32:41'),
('5f6df21c507adf37c4abc15935930c5ec23c8d1b479e47ce28d1ab48749952c38516027dbfd54fc9', 7, '92f94b37-c07f-4ebf-a861-05b70a1dcff3', 'Ramdoot', '[]', 0, '2021-03-29 17:57:18', '2021-03-29 17:57:18', '2022-03-29 17:57:18'),
('603394e9e3856ceac350f8054d85b5aa72a8342c418d7c1b73866c390986647b61bea631940aacc2', 26, '1', 'Ramdoot', '[]', 0, '2021-03-16 18:56:22', '2021-03-16 18:56:22', '2022-03-16 18:56:22'),
('61370e940432b4bdba3658247a1c6911d898dd08d91d9db7f1cf4097bc4d50ccdf0b1749da72c640', 26, '1', 'Ramdoot', '[]', 0, '2021-03-01 15:11:34', '2021-03-01 15:11:34', '2022-03-01 15:11:34'),
('6158173e867c1b336bbac595447efdeb5174a22f7d39f55b968dbe801aa99070f47e3c765d94e481', 26, '1', 'Ramdoot', '[]', 0, '2021-03-01 15:27:53', '2021-03-01 15:27:53', '2022-03-01 15:27:53'),
('61770936a89974555dff492cdbe33b0e33ed25ce3db98e4320c1c9b9fc1fc90eea2b8e5f191de1d4', 7, '1', 'Ramdoot', '[]', 0, '2021-02-14 13:47:19', '2021-02-14 13:47:19', '2022-02-14 13:47:19'),
('63c2330fa6e1610a20ee571ccfab4d8656c1ec8fa47f826f475312e43551b264e751b5ddc913f161', 22, '1', 'Ramdoot', '[]', 0, '2021-02-15 03:05:41', '2021-02-15 03:05:41', '2022-02-15 03:05:41'),
('64ce7f971ed8bed77029c42c1d525dd46b83da7514dd24cee1fa9cd382f84260ec1e9aef34ebdebe', 26, '1', 'Ramdoot', '[]', 0, '2021-02-17 05:19:49', '2021-02-17 05:19:49', '2022-02-17 05:19:49'),
('657697b954488cf64dc5e027686cb9207ee07cc08f167384e11ff1d74ac80f0b6817a3ae69daaa5e', 26, '1', 'Ramdoot', '[]', 0, '2021-03-01 16:16:54', '2021-03-01 16:16:54', '2022-03-01 16:16:54'),
('668cff3e0ef208c9799e487d6277adaa8263798e056716fa2234eebb92379ee323454b0ba041de0f', 26, '1', 'Ramdoot', '[]', 0, '2021-03-01 15:38:05', '2021-03-01 15:38:05', '2022-03-01 15:38:05'),
('668ebe8dbc702cb5f31a7ade4612b09dc5010bc0e9b082aa00383b96fd93532daf3418e6b5fb13c1', 23, '1', 'Ramdoot', '[]', 0, '2021-02-18 18:47:26', '2021-02-18 18:47:26', '2022-02-18 18:47:26'),
('66cea51a969390fd7607ce95bfd7ca8141d323300fa8a4f9fd1fae2d5d9c6b9b311ab801fd9fb247', 10, '92f94b37-c07f-4ebf-a861-05b70a1dcff3', 'Ramdoot', '[]', 0, '2021-03-29 18:45:00', '2021-03-29 18:45:00', '2022-03-29 18:45:00'),
('66fbf73fc785304985cc2367bf70b8840914be193efc470e336b796e59c19c0c0f66302258b26416', 25, '1', 'Ramdoot', '[]', 0, '2021-02-16 16:12:13', '2021-02-16 16:12:13', '2022-02-16 16:12:13'),
('6797e6bb3509d0d6e295fc1e58a9f545dc7e94afd2efdc0b1d24fa7c5cbed071eac468c40365b8bf', 26, '92f94b37-c07f-4ebf-a861-05b70a1dcff3', 'Ramdoot', '[]', 0, '2021-03-19 05:53:03', '2021-03-19 05:53:03', '2022-03-19 05:53:03'),
('6915f82a899d2e1a00f2cde67d666d208dd55c61095e7b91ea1568f77ad1b0e544a4e67adbef672a', 27, '1', 'Ramdoot', '[]', 0, '2021-03-09 14:22:11', '2021-03-09 14:22:11', '2022-03-09 14:22:11'),
('6b162ca195b93f100ffcc1cd20b1b74dbc32d7656c0f2679d7486ca0ace137155a4c489e996ce3c0', 11, '92f94b37-c07f-4ebf-a861-05b70a1dcff3', 'Ramdoot', '[]', 0, '2021-03-29 14:04:40', '2021-03-29 14:04:40', '2022-03-29 14:04:40'),
('6ba23804dccc19991ac8f3caba9dff93a3113a05f45ee871ea368cf427da243db1e0f826d3023e93', 26, '1', 'Ramdoot', '[]', 0, '2021-02-16 16:18:58', '2021-02-16 16:18:58', '2022-02-16 16:18:58'),
('6bc3c311142b3ecdaf03a4bcc0ebb66a66c413adad3c00afdb7e079ebb9c91812bed1163df32f925', 7, '92f94b37-c07f-4ebf-a861-05b70a1dcff3', 'Ramdoot', '[]', 0, '2021-03-29 18:10:29', '2021-03-29 18:10:29', '2022-03-29 18:10:29'),
('6e4a9dc2bb18e72ca68224f21eeda59493578790a4c95b17a5db8938856e07838fa370057286fa6d', 29, '1', 'Ramdoot', '[]', 0, '2021-03-02 17:16:03', '2021-03-02 17:16:03', '2022-03-02 17:16:03'),
('6ef3edb8f0982a78a5184535cd77b7c9f1fc8bd748f56ad0bef5b90f01880c31bb1be93c487785d7', 7, '92f94b37-c07f-4ebf-a861-05b70a1dcff3', 'Ramdoot', '[]', 0, '2021-03-30 14:04:14', '2021-03-30 14:04:14', '2022-03-30 14:04:14'),
('6f3bd96bed8ab04fb73d5d88221db3896b599941f5efe4fe191d20a60cd73d5baab48c13706ba3a2', 35, '92f94b37-c07f-4ebf-a861-05b70a1dcff3', 'Ramdoot', '[]', 0, '2021-03-17 15:17:05', '2021-03-17 15:17:05', '2022-03-17 15:17:05'),
('7064ab87d89ced969e10b7bc9631f2650ce14203f7a32a30e917e907eb612a7e1a21efe554debddb', 28, '1', 'Ramdoot', '[]', 0, '2021-02-18 08:37:53', '2021-02-18 08:37:53', '2022-02-18 08:37:53'),
('72be223d4f44fad214dd8838d66461cf9a308eace7b40d5557dec24c2feef58a1f4ccff437d6e363', 26, '92f94b37-c07f-4ebf-a861-05b70a1dcff3', 'Ramdoot', '[]', 0, '2021-03-17 18:05:19', '2021-03-17 18:05:19', '2022-03-17 18:05:19'),
('73576d37fb35d798410403689d8123b12f5f6c6603a2407e277f1e46949dc3b77f9b35b4c8f27cfe', 29, '1', 'Ramdoot', '[]', 0, '2021-02-19 04:31:53', '2021-02-19 04:31:53', '2022-02-19 04:31:53'),
('73b2d218eda73445624c85e1617159a371eb0a19feb46e3a4fb377a2521f3a9ce45a2c6b88a19d8f', 18, '92f94b37-c07f-4ebf-a861-05b70a1dcff3', 'Ramdoot', '[]', 0, '2021-04-10 02:13:47', '2021-04-10 02:13:47', '2022-04-10 02:13:47'),
('7563c0795c7ee1fefc90d84fc9f9f9e13a51112a36cbeccccd7836386491dd36f69436ffffe5e516', 26, '1', 'Ramdoot', '[]', 0, '2021-03-01 16:32:58', '2021-03-01 16:32:58', '2022-03-01 16:32:58'),
('75ecd386a7d1f8946e92305446bd0706728ac87f97155272ef1c049164a7acc0f70f13c58d145dd5', 25, '1', 'Ramdoot', '[]', 0, '2021-02-16 06:28:26', '2021-02-16 06:28:26', '2022-02-16 06:28:26'),
('7625e6964e0e11fdfe1e89604ab8d189f1f713133cc0522c0f421d1b3e547172f23927589b614570', 27, '92f94b37-c07f-4ebf-a861-05b70a1dcff3', 'Ramdoot', '[]', 0, '2021-03-17 17:43:50', '2021-03-17 17:43:50', '2022-03-17 17:43:50'),
('77242b489235816ccb3ea9c1dd61d7a033cca3718d25c24601930aff3ddbd8a19e1eeb0aec1ffdd4', 26, '1', 'Ramdoot', '[]', 0, '2021-02-16 16:19:14', '2021-02-16 16:19:14', '2022-02-16 16:19:14'),
('7747b5929cf26212f534de67cf88afcad56d61c1d0ab0a039504d33b203861c7925b5d0416099e02', 9, '92f94b37-c07f-4ebf-a861-05b70a1dcff3', 'Ramdoot', '[]', 0, '2021-04-13 02:42:53', '2021-04-13 02:42:53', '2022-04-13 02:42:53'),
('7794bbccce784d0c0a17908621f90b0026e42a133056c8082d101ac7f209e653d1f4c3e993b6ea62', 29, '1', 'Ramdoot', '[]', 0, '2021-03-04 14:56:52', '2021-03-04 14:56:52', '2022-03-04 14:56:52'),
('77b8ade899a50216590ee8b4ba988399923060a5f51103345e1085b095ed81af5b8f7b23eb8dc909', 25, '1', 'Ramdoot', '[]', 0, '2021-03-01 16:17:30', '2021-03-01 16:17:30', '2022-03-01 16:17:30'),
('77c3e69b332aa4e79bd20c9cbc1233c33164be0d96d0327c838886d205e92818cfa70bba0b68e7b8', 29, '1', 'Ramdoot', '[]', 0, '2021-03-02 17:19:10', '2021-03-02 17:19:10', '2022-03-02 17:19:10'),
('782b9f26da236974c3b2d6f8303af711494e8d7c31f262db05db9c19f9bd95c816f5090a490ec6ff', 25, '1', 'Ramdoot', '[]', 0, '2021-03-16 17:21:02', '2021-03-16 17:21:02', '2022-03-16 17:21:02'),
('79591581c1f34aa2ea9d06bfb48ee7f11f31bc07c64012eb3b19052d96ff457a00ee4e05ce9f51a5', 26, '92f94b37-c07f-4ebf-a861-05b70a1dcff3', 'Ramdoot', '[]', 0, '2021-03-17 17:46:15', '2021-03-17 17:46:15', '2022-03-17 17:46:15'),
('7a5796f7a05841f62eece5293950ba73b312f1295c9cee267dc3957cf04831eae9cf78d9fb2475fb', 7, '92f94b37-c07f-4ebf-a861-05b70a1dcff3', 'Ramdoot', '[]', 0, '2021-03-29 19:37:02', '2021-03-29 19:37:02', '2022-03-29 19:37:02'),
('7cb09fdfecae428625eccdecf20b32a46a9a6cea57d142396445faa0c21a15c5df4d0f04936623a4', 20, '1', 'Ramdoot', '[]', 0, '2021-02-14 18:30:05', '2021-02-14 18:30:05', '2022-02-14 18:30:05'),
('7d7ff474a87ffb8d7c8217e5a1066de0f0db0e202aadc68ddafcd2a39e5476368e963b24f7fe86e7', 29, '1', 'Ramdoot', '[]', 0, '2021-03-02 17:23:24', '2021-03-02 17:23:24', '2022-03-02 17:23:24'),
('7d933254476c9540ae55d4af16e03523975ca06cc08b86ec241ee713b9334e8e40579b32a33a6783', 10, '92f94b37-c07f-4ebf-a861-05b70a1dcff3', 'Ramdoot', '[]', 0, '2021-03-29 19:27:44', '2021-03-29 19:27:44', '2022-03-29 19:27:44'),
('7e520413b783ae597795cf4ac948a38745406584f59bb6b1d18841c5647b2e7337a876e43ec46687', 26, '1', 'Ramdoot', '[]', 0, '2021-03-01 15:21:09', '2021-03-01 15:21:09', '2022-03-01 15:21:09'),
('7e82969986631c3715eb3ad2e9c23880ae4e786752d7119df2c92b449e7ea204f4e2afd5c919f14f', 25, '92f94b37-c07f-4ebf-a861-05b70a1dcff3', 'Ramdoot', '[]', 0, '2021-03-22 12:12:22', '2021-03-22 12:12:22', '2022-03-22 12:12:22'),
('7ebaa942c33c14bf61e465608a9da0648e7c6974e9c21725fadc9723abac557a4a74c94d3894329d', 12, '92f94b37-c07f-4ebf-a861-05b70a1dcff3', 'Ramdoot', '[]', 0, '2021-03-29 19:37:12', '2021-03-29 19:37:12', '2022-03-29 19:37:12'),
('80f32ffdee2fc8602edffd259c648ae638d0e46d12b36bc84e3283576e702a6257e65b40cd4bf8a1', 29, '1', 'Ramdoot', '[]', 0, '2021-03-04 14:59:25', '2021-03-04 14:59:25', '2022-03-04 14:59:25'),
('824f082a5b3fa316203631954996846773867589ae40f0b4107f464a5542ba405375625c77421a85', 10, '92f94b37-c07f-4ebf-a861-05b70a1dcff3', 'Ramdoot', '[]', 0, '2021-03-29 19:37:23', '2021-03-29 19:37:23', '2022-03-29 19:37:23'),
('82995ed7819eab22266b9a86268d58196a2b4e3ddf4afbc993d8111e42bdc59e897d552bb5d88262', 17, '1', 'Ramdoot', '[]', 0, '2021-02-14 14:23:28', '2021-02-14 14:23:28', '2022-02-14 14:23:28'),
('8326da1dab6cedf0de934b6d5c911700499ecae6a856329615424c288b2282a4670baa13c22e839d', 26, '1', 'Ramdoot', '[]', 0, '2021-03-01 16:31:39', '2021-03-01 16:31:39', '2022-03-01 16:31:39'),
('83f56759bbe30ec18317ff2db20faf5c677f97282bcf65cfba7a8e4ae09c832b89f3652980df0c18', 9, '92f94b37-c07f-4ebf-a861-05b70a1dcff3', 'Ramdoot', '[]', 0, '2021-04-11 06:45:06', '2021-04-11 06:45:06', '2022-04-11 06:45:06'),
('867c778a7396b3aeb3b632254a8ff70feae164bc41f0c6f4250c48914f3408f217f22e6512ac0a49', 10, '92f94b37-c07f-4ebf-a861-05b70a1dcff3', 'Ramdoot', '[]', 0, '2021-03-29 17:47:35', '2021-03-29 17:47:35', '2022-03-29 17:47:35'),
('8718342b024381252d3a16fa0ff0a438a084dcb23ccf22d5e0bf88dcdd3dbb06e8a6a3ce8222ad87', 31, '1', 'Ramdoot', '[]', 0, '2021-03-01 15:29:27', '2021-03-01 15:29:27', '2022-03-01 15:29:27'),
('8761b74a1706d0de1d6bfc8a7db5164075a76d6f7f4033224a355704b5be22be462dde0a42c029c9', 27, '1', 'Ramdoot', '[]', 0, '2021-03-09 14:20:16', '2021-03-09 14:20:16', '2022-03-09 14:20:16'),
('87eb2548477254a2f0489453ccead55df28456d2b2d05f6835f16daed37e940e15fab9823f072771', 25, '1', 'Ramdoot', '[]', 0, '2021-03-16 18:57:30', '2021-03-16 18:57:30', '2022-03-16 18:57:30'),
('8895f99341da770830a615ddb91c148c8488c4e3ad01c34cb1aee78604d29f38b57c1c3c5113dbc7', 10, '92f94b37-c07f-4ebf-a861-05b70a1dcff3', 'Ramdoot', '[]', 0, '2021-03-29 17:56:48', '2021-03-29 17:56:48', '2022-03-29 17:56:48'),
('89818dbb1fa8f21a2bf1708d6424d36a3a94f9272cb8e683d35eec2845ad784c52f9520ebb96729e', 8, '92f94b37-c07f-4ebf-a861-05b70a1dcff3', 'Ramdoot', '[]', 0, '2021-03-24 18:25:37', '2021-03-24 18:25:37', '2022-03-24 18:25:37'),
('8ac202e58efb56ad8c6f9e1e4719cdcc415e0935bfe1c691e92293586e2a0c075333c4ae585c9850', 9, '92f94b37-c07f-4ebf-a861-05b70a1dcff3', 'Ramdoot', '[]', 0, '2021-04-07 07:59:55', '2021-04-07 07:59:55', '2022-04-07 07:59:55'),
('8af3e204d0e4be9ca46bc54f23bd14a431d9a53e9b0ae8962504d9cc00121adfe93571d30fc4a326', 12, '92f94b37-c07f-4ebf-a861-05b70a1dcff3', 'Ramdoot', '[]', 0, '2021-03-29 19:31:02', '2021-03-29 19:31:02', '2022-03-29 19:31:02'),
('8b60671fa77c353b5ef784041a6dab18e909928ec2c4a3883d46fafabed53e69946eeed8379c8270', 10, '92f94b37-c07f-4ebf-a861-05b70a1dcff3', 'Ramdoot', '[]', 0, '2021-03-29 16:41:03', '2021-03-29 16:41:03', '2022-03-29 16:41:03'),
('8c81c88fd29b8fd9c9e612e5c4953d7a5ec611bc9f39cf97ce315d1f345440c352679f2c0df3cb69', 33, '1', 'Ramdoot', '[]', 0, '2021-03-01 16:34:55', '2021-03-01 16:34:55', '2022-03-01 16:34:55'),
('8d0b8f2587423d396c61d9afdff9753017e093359524e87878335dfd085f8de8d1d0a46e9f35c0e9', 26, '92f94b37-c07f-4ebf-a861-05b70a1dcff3', 'Ramdoot', '[]', 0, '2021-03-19 05:29:24', '2021-03-19 05:29:24', '2022-03-19 05:29:24'),
('8d4e2a15d42ed3ff76be8e8c1ffa639f3f97fc53ccf44752e28d80366bea512c8abc2f528e7e7842', 21, '1', 'Ramdoot', '[]', 0, '2021-02-14 18:34:24', '2021-02-14 18:34:24', '2022-02-14 18:34:24'),
('8e2fd8cf85bd1a00b58dfb3d0566f13b51fdd272522508800ee93a4003c34953acf052a901902c89', 25, '1', 'Ramdoot', '[]', 0, '2021-03-02 16:18:51', '2021-03-02 16:18:51', '2022-03-02 16:18:51'),
('8e87037c1fc66655dc056f50769007b3d76755c5c72e0ddbf0dcf30b51788ca12898068bb7db5f94', 23, '1', 'Ramdoot', '[]', 0, '2021-02-15 17:21:23', '2021-02-15 17:21:23', '2022-02-15 17:21:23'),
('8edc8d2f1c0d6691b5e6c4d67db3dcd5faf70ddd014b44cb1222ca3fb6817fdb11d726927082f81d', 28, '1', 'Ramdoot', '[]', 0, '2021-03-12 13:49:21', '2021-03-12 13:49:21', '2022-03-12 13:49:21'),
('8f2d3732eddf0dbda1b2042a776e25d08e0d3b87b71a2a34e400d593c6c617a7d623731db43bb590', 26, '1', 'Ramdoot', '[]', 0, '2021-03-16 15:20:37', '2021-03-16 15:20:37', '2022-03-16 15:20:37'),
('8fa8795b22463378ce3f0e4c21bef0244c2172a41f0a23f5e0c82570a8a27c2b8fa0544c8f9596c8', 7, '92f94b37-c07f-4ebf-a861-05b70a1dcff3', 'Ramdoot', '[]', 0, '2021-03-29 18:14:58', '2021-03-29 18:14:58', '2022-03-29 18:14:58'),
('9113959fcc33711422716cdc8d0074b8ca8e6fad7bbc9513f2c0654ac23ac603dbafe926f02c3237', 23, '1', 'Ramdoot', '[]', 0, '2021-02-15 03:24:38', '2021-02-15 03:24:38', '2022-02-15 03:24:38'),
('97df5cc08e2f06188d5dda49d9a0f94729c099c12ed3be75eb584a8c501852308e6dfb2eefe33b11', 25, '1', 'Ramdoot', '[]', 0, '2021-03-01 16:16:33', '2021-03-01 16:16:33', '2022-03-01 16:16:33'),
('986a0134c860c52523cd60d65e5e8a7702d3fd0b505152f4a6947e9a53826741c3424fc1dc86eef4', 10, '92f94b37-c07f-4ebf-a861-05b70a1dcff3', 'Ramdoot', '[]', 0, '2021-03-29 19:00:55', '2021-03-29 19:00:55', '2022-03-29 19:00:55'),
('9981815c4ae5517cd24f2bc23d083b7e3d7dedbed3d2c899005fdcfa546817e67895d4dcd7ad8dfe', 30, '1', 'Ramdoot', '[]', 0, '2021-02-24 14:02:26', '2021-02-24 14:02:26', '2022-02-24 14:02:26'),
('9a564839964ad502ca25bda57429bb7f019d35ea807edab06d1e9336d76a517e4e34c8d9c1246983', 27, '1', 'Ramdoot', '[]', 0, '2021-02-16 20:55:28', '2021-02-16 20:55:28', '2022-02-16 20:55:28'),
('9b9997fe9dffd9e52b25526048d50295661fcff196a7da7a3926eaec5fe9af3d4d696656cebd60fc', 25, '1', 'Ramdoot', '[]', 0, '2021-02-18 08:39:13', '2021-02-18 08:39:13', '2022-02-18 08:39:13'),
('9c03d7f944f5d4936a36d536f802765c76be7b324ee41b0b82f1a80767d98c7fc7ef02098739d3c1', 26, '1', 'Ramdoot', '[]', 0, '2021-03-16 18:10:30', '2021-03-16 18:10:30', '2022-03-16 18:10:30'),
('9c61fffd39ebd0b1c2db451307003038b95dee7c41d14a45858ee2cd4e360a9ca07b18f9f30cac4f', 23, '92f94b37-c07f-4ebf-a861-05b70a1dcff3', 'Ramdoot', '[]', 0, '2021-03-18 15:46:00', '2021-03-18 15:46:00', '2022-03-18 15:46:00'),
('9edb1f51f80221a9cb638dffb62d655be3a7e799f10feb8bacfea5462d7c7535139aa798ddc14e2d', 19, '92f94b37-c07f-4ebf-a861-05b70a1dcff3', 'Ramdoot', '[]', 0, '2021-04-12 03:40:55', '2021-04-12 03:40:55', '2022-04-12 03:40:55'),
('9efdb5d45a64ce5db079ac901ab6e75aee99cb950eeebc854e7088733610388f080e70b47e31ea6e', 11, '1', 'Ramdoot', '[]', 0, '2021-02-14 14:05:15', '2021-02-14 14:05:15', '2022-02-14 14:05:15'),
('9f7750afefe5386723a22fcec8d1ae6197f959a9abad5ab368d78ee291060cf3e7f6c8a81caa2143', 19, '92f94b37-c07f-4ebf-a861-05b70a1dcff3', 'Ramdoot', '[]', 0, '2021-04-10 02:19:04', '2021-04-10 02:19:04', '2022-04-10 02:19:04'),
('a0f5ce86964311122e84b3168e69be12c1c7a923b5c3da8f4938281802d74c35d70cef912842ecac', 27, '1', 'Ramdoot', '[]', 0, '2021-03-09 13:55:12', '2021-03-09 13:55:12', '2022-03-09 13:55:12'),
('a216630af5d1c00df574526c4f01a861f0841ddf1139c3bcf6a8d0096613e877052009dd4ce51528', 7, '92f94b37-c07f-4ebf-a861-05b70a1dcff3', 'Ramdoot', '[]', 0, '2021-03-29 18:20:55', '2021-03-29 18:20:55', '2022-03-29 18:20:55'),
('a31055192ab676d94190aa4ba94aef6db07c8b35bd5a9b024db95b7b0a6a11c55f26d98aa4abba92', 26, '1', 'Ramdoot', '[]', 0, '2021-03-01 15:24:01', '2021-03-01 15:24:01', '2022-03-01 15:24:01'),
('a5d203a698cade10eee7b6907c12321e86a5bc90eb91f872218cd878e1678759f514d8072ecc34cc', 29, '1', 'Ramdoot', '[]', 0, '2021-03-02 17:15:22', '2021-03-02 17:15:22', '2022-03-02 17:15:22'),
('a63e2a657c8cb04a2e93423df6c590f3a0265fb0a48fb0364f6401c89e59d97056aaaf1796f25952', 1, '92f94b37-c07f-4ebf-a861-05b70a1dcff3', 'Ramdoot', '[]', 0, '2021-03-24 18:12:24', '2021-03-24 18:12:24', '2022-03-24 18:12:24'),
('a68e6e27e1d1b5dc8b85fce824b5e3f65deb75ecdb8d776aae22b218740196568872c4f75ac7295d', 26, '1', 'Ramdoot', '[]', 0, '2021-03-01 16:43:41', '2021-03-01 16:43:41', '2022-03-01 16:43:41'),
('a6c1e829c9d79e51cb7ad90eedc58a30aa39e1cbace91a4a9d4ea3850d90ce2d73724c600b957d43', 7, '92f94b37-c07f-4ebf-a861-05b70a1dcff3', 'Ramdoot', '[]', 0, '2021-03-29 18:24:28', '2021-03-29 18:24:28', '2022-03-29 18:24:28'),
('a7ac12752dc8b44ceb0b41a981f75789d439f628bc0330aeda1896016633e9187ccf5fe4f9f37bf2', 25, '1', 'Ramdoot', '[]', 0, '2021-03-12 13:29:47', '2021-03-12 13:29:47', '2022-03-12 13:29:47'),
('a9424790ed19d26095e647aa07ae65c840cc5dda97c28ede590d6703ab164df27178822b39dbc9c3', 26, '1', 'Ramdoot', '[]', 0, '2021-02-16 17:48:51', '2021-02-16 17:48:51', '2022-02-16 17:48:51'),
('ab88cf0876c939f000e7763bf3a12c88be3ac8f5461c87187c568f6a332bb42847e287e9de8bf999', 10, '92f94b37-c07f-4ebf-a861-05b70a1dcff3', 'Ramdoot', '[]', 0, '2021-03-29 17:39:56', '2021-03-29 17:39:56', '2022-03-29 17:39:56'),
('ab89ed54eab4816bc14eb5ccedd8c3261535556af546f366479930510288a51d8d304492f9ae8780', 18, '92f94b37-c07f-4ebf-a861-05b70a1dcff3', 'Ramdoot', '[]', 0, '2021-04-09 12:57:23', '2021-04-09 12:57:23', '2022-04-09 12:57:23'),
('ac542a4123f0a4df002541dcbd251e042752d09ef854f19f4f061b1f9459928b9f8b23114c3a36dd', 7, '92f94b37-c07f-4ebf-a861-05b70a1dcff3', 'Ramdoot', '[]', 0, '2021-03-29 19:30:41', '2021-03-29 19:30:41', '2022-03-29 19:30:41'),
('acf6a3308d933709dd7b8983357270abca1c52a763e5fafb498a5665ada64bbbb781e93286da49ad', 10, '92f94b37-c07f-4ebf-a861-05b70a1dcff3', 'Ramdoot', '[]', 0, '2021-03-29 17:47:38', '2021-03-29 17:47:38', '2022-03-29 17:47:38'),
('adc4adc5cf40d0744ec1fd188f0509bdcb19f57663c0cfc356ea61f29bafd7449f3ac26b06668c17', 26, '92f94b37-c07f-4ebf-a861-05b70a1dcff3', 'Ramdoot', '[]', 0, '2021-03-19 05:11:07', '2021-03-19 05:11:07', '2022-03-19 05:11:07'),
('ae9ccefc67cf4950dfb9e49e86cf46a4cdd05def1eb382927817cf699eb069d5d7b50f189f302659', 19, '92f94b37-c07f-4ebf-a861-05b70a1dcff3', 'Ramdoot', '[]', 0, '2021-04-12 03:39:17', '2021-04-12 03:39:17', '2022-04-12 03:39:17'),
('af2b201dd729f01dd82a74c5c2c48dd07a6fe9280adbeae9e101a68745b14f397394cda361ffc2ad', 9, '92f94b37-c07f-4ebf-a861-05b70a1dcff3', 'Ramdoot', '[]', 0, '2021-04-13 16:20:58', '2021-04-13 16:20:58', '2022-04-13 16:20:58'),
('af93730dd5bd2ba548c40e7e9f2513909c2df067132f2373ff03d3322a9fdb2b223d1b8cbb0ad457', 25, '1', 'Ramdoot', '[]', 0, '2021-03-01 15:58:06', '2021-03-01 15:58:06', '2022-03-01 15:58:06'),
('b0a5b1dd652a5289026cfeeed107c76d41fe846dd67650f0934c8e8816477da3beb1803ddeeef296', 9, '92f94b37-c07f-4ebf-a861-05b70a1dcff3', 'Ramdoot', '[]', 0, '2021-03-29 13:30:11', '2021-03-29 13:30:11', '2022-03-29 13:30:11'),
('b48e128556e4897abe3dcf00759571d6ed5514d7df9b6fd7f370c2f50e56f7d43f18bb734faf0fc2', 26, '1', 'Ramdoot', '[]', 0, '2021-03-16 15:18:43', '2021-03-16 15:18:43', '2022-03-16 15:18:43'),
('b562d83d4fc36dad0861fde82ab80adb62389a0287a0ab46f6f5ae2a0cec8f744f856ab03f35d989', 26, '1', 'Ramdoot', '[]', 0, '2021-02-17 14:21:42', '2021-02-17 14:21:42', '2022-02-17 14:21:42'),
('b563e24d3c59ec9ba458e2e86ca724d838b4fc223e9291e25cc20d747eafbb22c3add0023b9cddb4', 25, '92f94b37-c07f-4ebf-a861-05b70a1dcff3', 'Ramdoot', '[]', 0, '2021-03-19 11:09:14', '2021-03-19 11:09:14', '2022-03-19 11:09:14'),
('b59820447988308bddd39c74496f8b5234ccf666afa657d23e014cd920d73fac8bc5809affd60c9f', 26, '1', 'Ramdoot', '[]', 0, '2021-03-11 07:32:00', '2021-03-11 07:32:00', '2022-03-11 07:32:00'),
('b6b6274d8fe0dec21616d292ee5fa8f76c1cd46476cac92ad3e334568a25e4ef752acbb2093d28a8', 1, '1', 'Ramdoot', '[]', 0, '2021-02-15 03:03:46', '2021-02-15 03:03:46', '2022-02-15 03:03:46'),
('b71843fc1bfb53ca764ab3cd0301b3c40fa7a75f3aada31583e06e0b0678716f14aacec4551ca6cd', 27, '1', 'Ramdoot', '[]', 0, '2021-03-09 13:30:16', '2021-03-09 13:30:16', '2022-03-09 13:30:16'),
('b766857d78170c4b81e1cf7dad34d86966a19c591b10497f6b6f3f195fa5c04bc3b6e8d3da540b58', 10, '92f94b37-c07f-4ebf-a861-05b70a1dcff3', 'Ramdoot', '[]', 0, '2021-03-29 16:33:19', '2021-03-29 16:33:19', '2022-03-29 16:33:19'),
('bba4255a905c8abcc1b95d9fa64d6b0b34fafec0a0d48c4e653ff02482f31cf728bbedbfec943382', 9, '92f94b37-c07f-4ebf-a861-05b70a1dcff3', 'Ramdoot', '[]', 0, '2021-04-13 02:41:35', '2021-04-13 02:41:35', '2022-04-13 02:41:35'),
('bbe5625ded468ac387f2dc1f4e61f6dfc0bf0d02bd0ee515b1e4a17c9d320b30b86e61119b9078a0', 18, '92f94b37-c07f-4ebf-a861-05b70a1dcff3', 'Ramdoot', '[]', 0, '2021-04-10 06:21:59', '2021-04-10 06:21:59', '2022-04-10 06:21:59'),
('bc461fd984b4edaf285da5dff3915402ac26a4695ba7ef9a59d9224e022473b465db7f0e81983630', 9, '92f94b37-c07f-4ebf-a861-05b70a1dcff3', 'Ramdoot', '[]', 0, '2021-03-27 14:59:59', '2021-03-27 14:59:59', '2022-03-27 14:59:59'),
('bd6fa9d594614b9ae1edd75ec11fd4ac7d961e4b7276709a5e5fbc57d1477b16c58952c194033b8a', 27, '1', 'Ramdoot', '[]', 0, '2021-02-16 16:31:39', '2021-02-16 16:31:39', '2022-02-16 16:31:39'),
('be301d196dcf96d7193b7391769c476c604b83c82630c88642c57d605470be288ce8ea7496b64eb7', 29, '1', 'Ramdoot', '[]', 0, '2021-03-04 15:31:25', '2021-03-04 15:31:25', '2022-03-04 15:31:25'),
('be62556995e7ad0913c5ca8a2cf101f6eef92362b26d16a1861d7f14d49da1fe27d03e5257fdc042', 29, '92f94b37-c07f-4ebf-a861-05b70a1dcff3', 'Ramdoot', '[]', 0, '2021-03-17 17:35:39', '2021-03-17 17:35:39', '2022-03-17 17:35:39'),
('c1699896d1d439895e5039ed5a297a470b30d989c8cf1ea11303a51fe918f782e2f5d2de5dc70f7a', 26, '1', 'Ramdoot', '[]', 0, '2021-03-01 15:29:34', '2021-03-01 15:29:34', '2022-03-01 15:29:34'),
('c1cb1ab7fa68e1d42c599ee2479adbe51a910b4435ed8ab22fecf41bc5ec10de3d1d47b08e81bd5c', 23, '1', 'Ramdoot', '[]', 0, '2021-02-15 03:19:27', '2021-02-15 03:19:27', '2022-02-15 03:19:27'),
('c432be63e1579fa5e14e28dd301da7590498929bc63dd5f7b922830739abfd2bfb05d9f9c1b0daec', 26, '1', 'Ramdoot', '[]', 0, '2021-03-01 15:09:39', '2021-03-01 15:09:39', '2022-03-01 15:09:39'),
('c539b3235404d245644b049ae310d09cdbdacfa110f7374151413b7b45cdaba38bdd2979f82709dd', 9, '92f94b37-c07f-4ebf-a861-05b70a1dcff3', 'Ramdoot', '[]', 0, '2021-04-13 07:11:00', '2021-04-13 07:11:00', '2022-04-13 07:11:00'),
('c6ba461d622b045ec75121c818ac53d4e766ae1d4fc3ef2d279c9571943af7e890c27f98d95677c2', 10, '92f94b37-c07f-4ebf-a861-05b70a1dcff3', 'Ramdoot', '[]', 0, '2021-03-29 17:41:10', '2021-03-29 17:41:10', '2022-03-29 17:41:10'),
('c88b56b3b5e8d21563f68e6a55e91bdc914001d85ecd29ab39de0ae9ee81d93d7c7dd0c56d65ac4f', 26, '1', 'Ramdoot', '[]', 0, '2021-03-01 15:35:43', '2021-03-01 15:35:43', '2022-03-01 15:35:43'),
('c919837a3ee2ba307fdc79b601840a2e1fbe8313089f4205ac9af4e79b91cf171aa676b010345b15', 22, '92f94b37-c07f-4ebf-a861-05b70a1dcff3', 'Ramdoot', '[]', 0, '2021-04-13 16:19:55', '2021-04-13 16:19:55', '2022-04-13 16:19:55'),
('cb125a863942c1ac6961f970cd4ed0a69b81c4a853be4116de37c966da2ed005ecafc714c7a8a9f0', 7, '92f94b37-c07f-4ebf-a861-05b70a1dcff3', 'Ramdoot', '[]', 0, '2021-03-29 18:11:32', '2021-03-29 18:11:32', '2022-03-29 18:11:32'),
('cba22c29603fccf22a3f2a29ed282d9a4ae2f42fd810d326f72cb130f6e78ec1f78262169e2715ad', 26, '1', 'Ramdoot', '[]', 0, '2021-03-02 14:48:26', '2021-03-02 14:48:26', '2022-03-02 14:48:26'),
('ccb539ab83017ffdb9e0dfcc602d27193a0749cad2d09cf9774141d91c259c648b12648a066d24b3', 29, '1', 'Ramdoot', '[]', 0, '2021-03-02 17:16:53', '2021-03-02 17:16:53', '2022-03-02 17:16:53'),
('cd6172f54e9b67a500a7b142962dca40be6d91cb111601364279ce33f6e741f83e8e92328953093c', 10, '92f94b37-c07f-4ebf-a861-05b70a1dcff3', 'Ramdoot', '[]', 0, '2021-03-29 16:32:51', '2021-03-29 16:32:51', '2022-03-29 16:32:51'),
('ce65f473ac67e53f3394e5b37193b8a0984863767f2769c2ce682454fc6472123a38e266f5b3ff5d', 27, '92f94b37-c07f-4ebf-a861-05b70a1dcff3', 'Ramdoot', '[]', 0, '2021-03-17 17:44:16', '2021-03-17 17:44:16', '2022-03-17 17:44:16'),
('cf2ea7b0cbd9d21ff19005831b8a78fa1ede1e01a4b92d81634d5a68f6f4b76cc57fb5b4818ce229', 25, '1', 'Ramdoot', '[]', 0, '2021-03-01 15:57:35', '2021-03-01 15:57:35', '2022-03-01 15:57:35'),
('cf7d9f1f60f4cff1a3b8de7b57ea609d71365fb7bf78f966ae0a26b5f641525e7391bbb1a10e226d', 32, '1', 'Ramdoot', '[]', 0, '2021-03-01 15:58:17', '2021-03-01 15:58:17', '2022-03-01 15:58:17'),
('cfbbb9aaf410a3793daf4b9164890cf361ee1675a58249cf478a55eb40d92c5a0e2cd01fb20919ae', 9, '92f94b37-c07f-4ebf-a861-05b70a1dcff3', 'Ramdoot', '[]', 0, '2021-04-03 12:48:02', '2021-04-03 12:48:02', '2022-04-03 12:48:02'),
('cfd1b0c211f106461cc9a64f0b15ef68676bb4276a62a1f6b16890e8fd9db9e9aa0c92bf9b29df18', 26, '92f94b37-c07f-4ebf-a861-05b70a1dcff3', 'Ramdoot', '[]', 0, '2021-03-18 14:41:48', '2021-03-18 14:41:48', '2022-03-18 14:41:48'),
('d017707944436aeda3b214082d72242043d8556ecaf90a93a5d37ef9985612fdf8e9b91893f63baa', 21, '1', 'Ramdoot', '[]', 0, '2021-02-14 18:34:21', '2021-02-14 18:34:21', '2022-02-14 18:34:21'),
('d07cc805fb027fb0a5a84c652febd5f8eebfbf07779dde135f8346e8b7f35bb51585aea72550d0bc', 26, '1', 'Ramdoot', '[]', 0, '2021-02-16 16:12:23', '2021-02-16 16:12:23', '2022-02-16 16:12:23'),
('d0f62a7c0722f786d65a450ef723eca90faf255c903a71d7a3432cfa7ba10df79f96c9f7a586d519', 10, '92f94b37-c07f-4ebf-a861-05b70a1dcff3', 'Ramdoot', '[]', 0, '2021-03-29 19:30:24', '2021-03-29 19:30:24', '2022-03-29 19:30:24'),
('d4a27fbeb797a84c0ffd23eacac39b64bad5e554edaea6abb846a9852cfa87f8c56cc73f60b4836b', 25, '1', 'Ramdoot', '[]', 0, '2021-02-17 12:12:38', '2021-02-17 12:12:38', '2022-02-17 12:12:38'),
('d7cfbe6150a4ec15d4bec8048227e336f4fb06d781481b8f86454a2ad70a761b12e3b4f53e09dab1', 8, '1', 'Ramdoot', '[]', 0, '2021-02-14 13:58:47', '2021-02-14 13:58:47', '2022-02-14 13:58:47'),
('d92da5355b7d345ee9f7c19eb236b35ab917c7c727b2417181a2aea9c8166516bcda11d339087a6d', 25, '1', 'Ramdoot', '[]', 0, '2021-03-12 13:49:50', '2021-03-12 13:49:50', '2022-03-12 13:49:50'),
('d94f317ceb3bbb32f9bb3a4d7d04ece6d1873cf517525372e9e92d49505efabfe680b4ba45d68936', 10, '92f94b37-c07f-4ebf-a861-05b70a1dcff3', 'Ramdoot', '[]', 0, '2021-03-29 16:33:20', '2021-03-29 16:33:20', '2022-03-29 16:33:20'),
('da6b13a46560b8f96c2ae5d99373224b5a5e81c727811565c898437fa8fb1c8a71adf53904788611', 10, '1', 'Ramdoot', '[]', 0, '2021-02-14 14:04:35', '2021-02-14 14:04:35', '2022-02-14 14:04:35'),
('db0d6464eb0b520573c2bfa4cfa410494011fd43dee40d913555ad8f2e7a5dbf20787f545949a5cb', 21, '92f94b37-c07f-4ebf-a861-05b70a1dcff3', 'Ramdoot', '[]', 0, '2021-04-12 14:08:35', '2021-04-12 14:08:35', '2022-04-12 14:08:35'),
('db46190f06b5b863410b059ebfa85eb55cc21c4e9a89af690e4ddddb55cf2003b6630d51bb214c96', 23, '1', 'Ramdoot', '[]', 0, '2021-02-16 09:43:30', '2021-02-16 09:43:30', '2022-02-16 09:43:30'),
('de6b9c96c849aedd968506c98064cfa80944c68a3e8d905750103c74a51c78e365236496f2348868', 26, '1', 'Ramdoot', '[]', 0, '2021-02-16 16:18:54', '2021-02-16 16:18:54', '2022-02-16 16:18:54'),
('df419f0fe42b9616ab350d641157deaadf5ecb81d74e2574c221cdfd05a7ec7ae8382cce50f65896', 10, '92f94b37-c07f-4ebf-a861-05b70a1dcff3', 'Ramdoot', '[]', 0, '2021-03-28 07:26:55', '2021-03-28 07:26:55', '2022-03-28 07:26:55'),
('e07466cc4e540139e620eea5ef74a090fa5c473f07c0413568aba9c869ff335a6b50778f813db100', 26, '1', 'Ramdoot', '[]', 0, '2021-03-01 15:28:00', '2021-03-01 15:28:00', '2022-03-01 15:28:00'),
('e225590f0940f1108d169331a0d121fc73dce58ac8c3b22deeb20d89495709033c6e64fcba5869a4', 29, '1', 'Ramdoot', '[]', 0, '2021-03-05 18:54:11', '2021-03-05 18:54:11', '2022-03-05 18:54:11'),
('e22afa6015a90c56a8687c559a940aa1a74daef1d2a0476b3244b35ee5f2ee5c78b111bc9dc10861', 30, '1', 'Ramdoot', '[]', 0, '2021-03-10 19:33:00', '2021-03-10 19:33:00', '2022-03-10 19:33:00'),
('e248a24a5be977ab22e98b232f64dc6720c34cd484fe8231c9af2e0195be3bbb591eea7079e2f3b0', 26, '92f94b37-c07f-4ebf-a861-05b70a1dcff3', 'Ramdoot', '[]', 0, '2021-03-17 15:18:12', '2021-03-17 15:18:12', '2022-03-17 15:18:12'),
('e429c621fe4d5fde4fb5c0e940c1f088241e30e19238371ae7eca8aa12ac837c61f750ce30f7ac64', 10, '92f94b37-c07f-4ebf-a861-05b70a1dcff3', 'Ramdoot', '[]', 0, '2021-04-10 14:15:56', '2021-04-10 14:15:56', '2022-04-10 14:15:56'),
('e5447bba74e42b88f7a93d8a027e2a586169a1cae85c4c8752eaaa6716e71c7284c0f070f07941e4', 26, '92f94b37-c07f-4ebf-a861-05b70a1dcff3', 'Ramdoot', '[]', 0, '2021-03-19 05:53:51', '2021-03-19 05:53:51', '2022-03-19 05:53:51'),
('e546c683fda97d9a4d6320e41ed258c2758e3c13b7f090ee23eafe30b04ea1d10e00576440f2449d', 10, '92f94b37-c07f-4ebf-a861-05b70a1dcff3', 'Ramdoot', '[]', 0, '2021-04-01 05:10:15', '2021-04-01 05:10:15', '2022-04-01 05:10:15'),
('e5ceeb7e6e3c263ea089cf84917335fe2e1737b02979c836fee4daddb68de76681973ef1728d40ee', 10, '92f94b37-c07f-4ebf-a861-05b70a1dcff3', 'Ramdoot', '[]', 0, '2021-04-09 16:49:59', '2021-04-09 16:49:59', '2022-04-09 16:49:59'),
('e6e8fba7c2f96754d87ca77335fd3160c9797e35dad6a441bc19cdcd237232c71d60c1fe4c83af2a', 25, '1', 'Ramdoot', '[]', 0, '2021-03-01 15:39:01', '2021-03-01 15:39:01', '2022-03-01 15:39:01'),
('ec7f07e3316ac6700a11f90ca4a121126664caef5ede6f879167f82d1b56f05adcb04211a02726d5', 10, '92f94b37-c07f-4ebf-a861-05b70a1dcff3', 'Ramdoot', '[]', 0, '2021-03-29 16:33:18', '2021-03-29 16:33:18', '2022-03-29 16:33:18'),
('ecc71d0c52da5063d36f66470f8a6d4c6cd243a1c6affedd0d2b61079c8910bc721a65fa146f7ec9', 7, '92f94b37-c07f-4ebf-a861-05b70a1dcff3', 'Ramdoot', '[]', 0, '2021-03-29 18:45:11', '2021-03-29 18:45:11', '2022-03-29 18:45:11'),
('ecd4d9c0b1266a823cdd4a7e0caf52b56796209825c7dc0645e095ab400ad3e361f7ce125d87314e', 9, '92f94b37-c07f-4ebf-a861-05b70a1dcff3', 'Ramdoot', '[]', 0, '2021-03-29 13:21:57', '2021-03-29 13:21:57', '2022-03-29 13:21:57'),
('edae45fc66f8abafddf8c67f3d5286d8062c9cf53e59cec9099ad7de759f6d1fdcafde4dd967a57a', 14, '1', 'Ramdoot', '[]', 0, '2021-02-14 14:17:34', '2021-02-14 14:17:34', '2022-02-14 14:17:34'),
('ee25416327794ff794e554470f8855b40a9e2b49c8ee7078cf2995c1299704929c66a1cfef47cd4e', 26, '1', 'Ramdoot', '[]', 0, '2021-03-09 16:49:56', '2021-03-09 16:49:56', '2022-03-09 16:49:56'),
('ee729cf411321b54a8e550a575418e0016c45ef878ca8de1a8b4f047f5121cb6b01af21b7ff2bd95', 25, '1', 'Ramdoot', '[]', 0, '2021-03-16 18:54:41', '2021-03-16 18:54:41', '2022-03-16 18:54:41'),
('f029dc807cf23653caf6c6a33c3a4f47c7ae40f99d413b36963325d20a39f0e20658f7ebe71ed2c8', 29, '92f94b37-c07f-4ebf-a861-05b70a1dcff3', 'Ramdoot', '[]', 0, '2021-03-17 17:32:22', '2021-03-17 17:32:22', '2022-03-17 17:32:22'),
('f1c9a640fe7671b6a952403435d42f35e9bdaf30cec1a55b2544308b6264ed7f9ea7ad292a921de5', 26, '1', 'Ramdoot', '[]', 0, '2021-03-01 15:39:19', '2021-03-01 15:39:19', '2022-03-01 15:39:19'),
('f2a3ddc5fe36b671ff2799f5f80f3c7aae54d155e5d921584e70d145b4bf6b05ff6e0d52a281e427', 26, '1', 'Ramdoot', '[]', 0, '2021-02-16 16:11:16', '2021-02-16 16:11:16', '2022-02-16 16:11:16'),
('f49db632bd5ca96af614542190c229c6928d5eae6adb135eb0ac2bc7f2abad5194eb702844399340', 26, '1', 'Ramdoot', '[]', 0, '2021-03-11 08:57:45', '2021-03-11 08:57:45', '2022-03-11 08:57:45'),
('f5b487dd3bc1b763937b9967deda8ea65d23fa5203440dcbb3fef87884cead92c81abdf7734af9ff', 27, '92f94b37-c07f-4ebf-a861-05b70a1dcff3', 'Ramdoot', '[]', 0, '2021-03-17 17:34:02', '2021-03-17 17:34:02', '2022-03-17 17:34:02'),
('f5be943eb6985217324c4f6be06497d59f55845d2b9a97e395469f68d37c6107b7e10322aabc06f2', 26, '1', 'Ramdoot', '[]', 0, '2021-03-01 15:29:08', '2021-03-01 15:29:08', '2022-03-01 15:29:08'),
('f9406afbb13ecf27907218683e4795105f323adb95b22e384810da8bc42d78daf77e43b0918c3dcc', 21, '92f94b37-c07f-4ebf-a861-05b70a1dcff3', 'Ramdoot', '[]', 0, '2021-04-12 15:08:33', '2021-04-12 15:08:33', '2022-04-12 15:08:33'),
('faa735fdd370dae774f3589bf2b6b30bc2f05204e322531754e67521ae509d3792e168f50ae1bb78', 21, '1', 'Ramdoot', '[]', 0, '2021-02-14 18:33:44', '2021-02-14 18:33:44', '2022-02-14 18:33:44'),
('ffb2623274c2e274e223402fd0482aa6551745bf0bab848bd082d431ca3585c78425cee8e64b2e2b', 10, '92f94b37-c07f-4ebf-a861-05b70a1dcff3', 'Ramdoot', '[]', 0, '2021-03-29 16:32:48', '2021-03-29 16:32:48', '2022-03-29 16:32:48');

-- --------------------------------------------------------

--
-- Table structure for table `oauth_auth_codes`
--

CREATE TABLE `oauth_auth_codes` (
  `id` varchar(100) CHARACTER SET utf8mb4 COLLATE utf8mb4_unicode_ci NOT NULL,
  `user_id` bigint UNSIGNED NOT NULL,
  `client_id` char(36) CHARACTER SET utf8mb4 COLLATE utf8mb4_unicode_ci NOT NULL,
  `scopes` text CHARACTER SET utf8mb4 COLLATE utf8mb4_unicode_ci,
  `revoked` tinyint(1) NOT NULL,
  `expires_at` datetime DEFAULT NULL
) ENGINE=InnoDB DEFAULT CHARSET=utf8mb4 COLLATE=utf8mb4_unicode_ci;

-- --------------------------------------------------------

--
-- Table structure for table `oauth_clients`
--

CREATE TABLE `oauth_clients` (
  `id` char(36) CHARACTER SET utf8mb4 COLLATE utf8mb4_unicode_ci NOT NULL,
  `user_id` bigint UNSIGNED DEFAULT NULL,
  `name` varchar(255) CHARACTER SET utf8mb4 COLLATE utf8mb4_unicode_ci NOT NULL,
  `secret` varchar(100) CHARACTER SET utf8mb4 COLLATE utf8mb4_unicode_ci DEFAULT NULL,
  `provider` varchar(255) CHARACTER SET utf8mb4 COLLATE utf8mb4_unicode_ci DEFAULT NULL,
  `redirect` text CHARACTER SET utf8mb4 COLLATE utf8mb4_unicode_ci NOT NULL,
  `personal_access_client` tinyint(1) NOT NULL,
  `password_client` tinyint(1) NOT NULL,
  `revoked` tinyint(1) NOT NULL,
  `created_at` timestamp NULL DEFAULT NULL,
  `updated_at` timestamp NULL DEFAULT NULL
) ENGINE=InnoDB DEFAULT CHARSET=utf8mb4 COLLATE=utf8mb4_unicode_ci;

--
-- Dumping data for table `oauth_clients`
--

INSERT INTO `oauth_clients` (`id`, `user_id`, `name`, `secret`, `provider`, `redirect`, `personal_access_client`, `password_client`, `revoked`, `created_at`, `updated_at`) VALUES
('1', NULL, 'Townplan Personal Access Client', 'HeomtHr2gDOIw7Q0N99MysFJ65FtpvFX3E7vi8Tj', NULL, 'http://localhost', 1, 0, 0, '2021-02-14 13:43:58', '2021-02-14 13:43:58'),
('92f94b37-c07f-4ebf-a861-05b70a1dcff3', NULL, 'Laravel Personal Access Client', 'tT6vt6vuslXs4di7g4tzNnOlIpGfKaOK82oUqJAF', NULL, 'http://localhost', 1, 0, 0, '2021-03-17 15:14:24', '2021-03-17 15:14:24'),
('92f94b37-d014-4c5c-9999-c5e442d75c40', NULL, 'Laravel Password Grant Client', 'Ae6Hd9jJ7TrxT4KRM9qRxGk6DgAHtKfZzqOp6sGo', 'users', 'http://localhost', 0, 1, 0, '2021-03-17 15:14:24', '2021-03-17 15:14:24'),
('92f94bf3-2f63-405b-9990-7a37d0c834db', NULL, 'Laravel Personal Access Client', 'jCd0xfExPip8v2KUYhyA7Pt3KgtFppc1pu7DW7Ex', NULL, 'http://localhost', 1, 0, 0, '2021-03-17 15:16:27', '2021-03-17 15:16:27'),
('92f94bf3-36d4-4f17-b8d9-1c100152e377', NULL, 'Laravel Password Grant Client', '3RyLFQJgnTbgV1A8xBBwlwLtY4NwOk2PYF02eSI6', 'users', 'http://localhost', 0, 1, 0, '2021-03-17 15:16:27', '2021-03-17 15:16:27');

-- --------------------------------------------------------

--
-- Table structure for table `oauth_personal_access_clients`
--

CREATE TABLE `oauth_personal_access_clients` (
  `id` bigint UNSIGNED NOT NULL,
  `client_id` char(36) CHARACTER SET utf8mb4 COLLATE utf8mb4_unicode_ci NOT NULL,
  `created_at` timestamp NULL DEFAULT NULL,
  `updated_at` timestamp NULL DEFAULT NULL
) ENGINE=InnoDB DEFAULT CHARSET=utf8mb4 COLLATE=utf8mb4_unicode_ci;

--
-- Dumping data for table `oauth_personal_access_clients`
--

INSERT INTO `oauth_personal_access_clients` (`id`, `client_id`, `created_at`, `updated_at`) VALUES
(1, '0', '2021-02-14 13:43:58', '2021-02-14 13:43:58'),
(2, '92f94b37-c07f-4ebf-a861-05b70a1dcff3', '2021-03-17 15:14:24', '2021-03-17 15:14:24'),
(3, '92f94bf3-2f63-405b-9990-7a37d0c834db', '2021-03-17 15:16:27', '2021-03-17 15:16:27');

-- --------------------------------------------------------

--
-- Table structure for table `oauth_refresh_tokens`
--

CREATE TABLE `oauth_refresh_tokens` (
  `id` varchar(100) CHARACTER SET utf8mb4 COLLATE utf8mb4_unicode_ci NOT NULL,
  `access_token_id` varchar(100) CHARACTER SET utf8mb4 COLLATE utf8mb4_unicode_ci NOT NULL,
  `revoked` tinyint(1) NOT NULL,
  `expires_at` datetime DEFAULT NULL
) ENGINE=InnoDB DEFAULT CHARSET=utf8mb4 COLLATE=utf8mb4_unicode_ci;

-- --------------------------------------------------------

--
-- Table structure for table `papers`
--

CREATE TABLE `papers` (
  `id` bigint UNSIGNED NOT NULL,
  `board_id` int NOT NULL DEFAULT '0',
  `medium_id` int NOT NULL DEFAULT '0',
  `standard_id` int NOT NULL DEFAULT '0',
  `semester_id` int NOT NULL DEFAULT '0',
  `subject_id` int NOT NULL DEFAULT '0',
  `unit_id` bigint UNSIGNED NOT NULL,
  `user_id` bigint UNSIGNED NOT NULL,
  `title` varchar(255) CHARACTER SET utf8mb4 COLLATE utf8mb4_unicode_ci DEFAULT NULL,
  `sub_title` varchar(255) COLLATE utf8mb4_unicode_ci DEFAULT NULL,
  `description` text CHARACTER SET utf8mb4 COLLATE utf8mb4_unicode_ci,
  `edition` enum('new','old') COLLATE utf8mb4_unicode_ci DEFAULT NULL,
  `url_type` varchar(50) COLLATE utf8mb4_unicode_ci DEFAULT NULL,
  `url` varchar(255) CHARACTER SET utf8mb4 COLLATE utf8mb4_unicode_ci DEFAULT NULL,
  `thumbnail` varchar(255) COLLATE utf8mb4_unicode_ci DEFAULT NULL,
  `label` varchar(255) CHARACTER SET utf8mb4 COLLATE utf8mb4_unicode_ci DEFAULT NULL,
  `pages` varchar(255) COLLATE utf8mb4_unicode_ci DEFAULT NULL,
  `release_date` date DEFAULT NULL,
  `status` enum('Active','Inactive','Deleted') CHARACTER SET utf8mb4 COLLATE utf8mb4_unicode_ci DEFAULT 'Active',
  `order_no` int NOT NULL DEFAULT '0',
  `created_at` timestamp NULL DEFAULT NULL,
  `updated_at` timestamp NULL DEFAULT NULL
) ENGINE=InnoDB DEFAULT CHARSET=utf8mb4 COLLATE=utf8mb4_unicode_ci;

-- --------------------------------------------------------

--
-- Table structure for table `password_resets`
--

CREATE TABLE `password_resets` (
  `email` varchar(255) CHARACTER SET utf8mb4 COLLATE utf8mb4_unicode_ci NOT NULL,
  `token` varchar(255) CHARACTER SET utf8mb4 COLLATE utf8mb4_unicode_ci NOT NULL,
  `created_at` timestamp NULL DEFAULT NULL
) ENGINE=InnoDB DEFAULT CHARSET=utf8mb4 COLLATE=utf8mb4_unicode_ci;

-- --------------------------------------------------------

--
-- Table structure for table `pdf_bookmarks`
--

CREATE TABLE `pdf_bookmarks` (
  `id` int NOT NULL,
  `type_id` int NOT NULL DEFAULT '0',
  `user_id` int NOT NULL DEFAULT '0',
  `pageno` varchar(100) DEFAULT NULL,
  `created_at` timestamp NULL DEFAULT NULL,
  `updated_at` timestamp NULL DEFAULT NULL
) ENGINE=InnoDB DEFAULT CHARSET=utf8mb4 COLLATE=utf8mb4_0900_ai_ci;

-- --------------------------------------------------------

--
-- Table structure for table `pdf_views`
--

CREATE TABLE `pdf_views` (
  `id` int NOT NULL,
  `type` varchar(50) DEFAULT NULL,
  `type_id` int NOT NULL DEFAULT '0',
  `user_id` int NOT NULL DEFAULT '0',
  `count` int NOT NULL DEFAULT '0',
  `created_at` timestamp NULL DEFAULT NULL,
  `updated_at` timestamp NULL DEFAULT NULL
) ENGINE=InnoDB DEFAULT CHARSET=utf8mb4 COLLATE=utf8mb4_0900_ai_ci;

--
-- Dumping data for table `pdf_views`
--

INSERT INTO `pdf_views` (`id`, `type`, `type_id`, `user_id`, `count`, `created_at`, `updated_at`) VALUES
(1, 'Textbook', 1, 9, 17, '2021-04-07 08:18:09', '2021-04-11 05:52:37'),
(2, 'Textbook', 2, 9, 11, '2021-04-07 08:41:55', '2021-04-11 04:28:03'),
(3, 'Textbook', 2, 10, 3, '2021-04-07 16:41:01', '2021-04-08 18:38:25'),
(4, 'Textbook', 1, 10, 7, '2021-04-07 16:41:28', '2021-04-08 18:38:22'),
(5, 'Textbook', 4, 9, 3, '2021-04-08 11:02:51', '2021-04-08 11:04:45'),
(6, 'Textbook', 5, 9, 7, '2021-04-08 11:27:24', '2021-04-08 12:51:06'),
(7, 'Textbook', 3, 9, 6, '2021-04-08 11:29:01', '2021-04-09 07:27:13'),
(8, 'Textbook', 19, 9, 4, '2021-04-08 12:35:57', '2021-04-09 08:18:48'),
(9, 'Textbook', 20, 9, 4, '2021-04-08 12:36:29', '2021-04-09 03:32:31'),
(10, 'Textbook', 6, 9, 2, '2021-04-08 12:48:18', '2021-04-08 12:49:11'),
(11, 'Textbook', 7, 9, 3, '2021-04-08 12:48:24', '2021-04-08 12:49:02'),
(12, 'Textbook', 8, 9, 2, '2021-04-08 12:48:38', '2021-04-08 20:08:42'),
(13, 'video', 6, 10, 1, '2021-04-08 17:28:49', '2021-04-08 17:28:49'),
(14, 'video', 5, 10, 1, '2021-04-08 17:28:52', '2021-04-08 17:28:52'),
(15, 'video', 4, 10, 1, '2021-04-08 17:28:55', '2021-04-08 17:28:55'),
(16, 'video', 3, 10, 1, '2021-04-08 17:28:58', '2021-04-08 17:28:58'),
(17, 'video', 8, 10, 2, '2021-04-08 18:44:13', '2021-04-08 18:44:39'),
(18, 'video', 9, 10, 1, '2021-04-08 18:45:16', '2021-04-08 18:45:16'),
(19, 'video', 10, 10, 1, '2021-04-08 18:45:39', '2021-04-08 18:45:39'),
(20, 'video', 18, 9, 1, '2021-04-09 08:18:53', '2021-04-09 08:18:53'),
(21, 'Textbook', 37, 9, 1, '2021-04-10 14:55:20', '2021-04-10 14:55:20'),
(22, 'video', 9, 9, 1, '2021-04-10 15:13:54', '2021-04-10 15:13:54'),
(23, 'video', 11, 9, 1, '2021-04-10 15:14:07', '2021-04-10 15:14:07'),
(24, 'video', 12, 9, 1, '2021-04-10 15:14:09', '2021-04-10 15:14:09'),
(25, 'video', 76, 9, 1, '2021-04-11 05:53:02', '2021-04-11 05:53:02'),
(26, 'Textbook', 57, 9, 4, '2021-04-12 05:03:53', '2021-04-12 10:28:27'),
(27, 'Textbook', 27, 9, 1, '2021-04-12 06:29:50', '2021-04-12 06:29:50'),
(28, 'video', 75, 9, 1, '2021-04-12 06:31:06', '2021-04-12 06:31:06'),
(29, 'Textbook', 58, 9, 1, '2021-04-12 12:01:40', '2021-04-12 12:01:40'),
(30, 'Textbook', 59, 9, 1, '2021-04-12 12:02:13', '2021-04-12 12:02:13'),
(31, 'Textbook', 84, 9, 2, '2021-04-12 12:03:50', '2021-04-12 12:05:24'),
(32, 'Textbook', 71, 9, 1, '2021-04-12 13:58:42', '2021-04-12 13:58:42'),
(33, 'Textbook', 87, 9, 1, '2021-04-12 13:59:47', '2021-04-12 13:59:47');

-- --------------------------------------------------------

--
-- Table structure for table `permissions`
--

CREATE TABLE `permissions` (
  `id` bigint UNSIGNED NOT NULL,
  `module_name` varchar(255) COLLATE utf8mb4_unicode_ci DEFAULT NULL,
  `name` varchar(255) COLLATE utf8mb4_unicode_ci NOT NULL,
  `guard_name` varchar(255) COLLATE utf8mb4_unicode_ci DEFAULT 'web',
  `slug` varchar(255) COLLATE utf8mb4_unicode_ci DEFAULT NULL,
  `status` tinyint(1) NOT NULL DEFAULT '1' COMMENT '0-Active, 1-disabled',
  `created_at` timestamp NULL DEFAULT NULL,
  `updated_at` timestamp NULL DEFAULT NULL,
  `deleted_at` timestamp NULL DEFAULT NULL
) ENGINE=InnoDB DEFAULT CHARSET=utf8mb4 COLLATE=utf8mb4_unicode_ci;

--
-- Dumping data for table `permissions`
--

INSERT INTO `permissions` (`id`, `module_name`, `name`, `guard_name`, `slug`, `status`, `created_at`, `updated_at`, `deleted_at`) VALUES
(1, NULL, 'setting-list', 'web', NULL, 1, '2021-03-18 06:04:26', '2021-03-18 06:04:26', NULL),
(2, NULL, 'resource-create', 'web', NULL, 1, '2021-03-18 06:04:26', '2021-03-18 06:04:26', NULL),
(3, NULL, 'role-edit', 'web', NULL, 1, '2021-03-18 06:04:26', '2021-03-18 06:04:26', NULL),
(4, NULL, 'role-delete', 'web', NULL, 1, '2021-03-18 06:04:26', '2021-03-18 06:04:26', NULL),
(5, NULL, 'view-board', 'web', NULL, 1, '2021-03-19 03:18:59', '2021-03-19 03:18:59', NULL),
(6, NULL, 'add-board', 'web', NULL, 1, '2021-03-19 03:19:06', '2021-03-19 03:19:06', NULL),
(7, NULL, 'edit-board', 'web', NULL, 1, '2021-03-19 03:19:14', '2021-03-19 03:19:14', NULL),
(8, NULL, 'delete-board', 'web', NULL, 1, '2021-03-19 03:19:21', '2021-03-19 03:19:21', NULL),
(9, NULL, 'view-medium', 'web', NULL, 1, '2021-03-19 03:20:54', '2021-03-19 03:20:54', NULL),
(10, NULL, 'add-medium', 'web', NULL, 1, '2021-03-19 03:21:03', '2021-03-19 03:21:03', NULL),
(11, NULL, 'edit-medium', 'web', NULL, 1, '2021-03-19 03:21:10', '2021-03-19 03:21:10', NULL),
(12, NULL, 'delete-medium', 'web', NULL, 1, '2021-03-19 03:21:18', '2021-03-19 03:21:18', NULL),
(13, NULL, 'view-standard', 'web', NULL, 1, '2021-03-19 03:21:33', '2021-03-19 03:21:33', NULL),
(14, NULL, 'add-standard', 'web', NULL, 1, '2021-03-19 03:21:39', '2021-03-19 03:21:39', NULL),
(15, NULL, 'edit-standard', 'web', NULL, 1, '2021-03-19 03:21:45', '2021-03-19 03:21:45', NULL),
(16, NULL, 'delete-standard', 'web', NULL, 1, '2021-03-19 03:21:58', '2021-03-19 03:21:58', NULL),
(17, NULL, 'view-semester', 'web', NULL, 1, '2021-03-19 03:22:36', '2021-03-19 03:22:36', NULL),
(18, NULL, 'add-semester', 'web', NULL, 1, '2021-03-19 03:22:43', '2021-03-19 03:22:43', NULL),
(19, NULL, 'edit-semester', 'web', NULL, 1, '2021-03-19 03:22:55', '2021-03-19 03:22:55', NULL),
(20, NULL, 'delete-semester', 'web', NULL, 1, '2021-03-19 03:23:06', '2021-03-19 03:23:06', NULL),
(21, NULL, 'view-subject', 'web', NULL, 1, '2021-03-19 03:24:14', '2021-03-19 03:24:14', NULL),
(22, NULL, 'add-subject', 'web', NULL, 1, '2021-03-19 03:24:23', '2021-03-19 03:24:23', NULL),
(23, NULL, 'edit-subject', 'web', NULL, 1, '2021-03-19 03:24:28', '2021-03-19 03:24:28', NULL),
(24, NULL, 'delete-subject', 'web', NULL, 1, '2021-03-19 03:24:37', '2021-03-19 03:24:37', NULL),
(25, NULL, 'view-unit', 'web', NULL, 1, '2021-03-19 03:24:46', '2021-03-19 03:24:46', NULL),
(26, NULL, 'add-unit', 'web', NULL, 1, '2021-03-19 03:24:54', '2021-03-19 03:24:54', NULL),
(27, NULL, 'edit-unit', 'web', NULL, 1, '2021-03-19 03:25:07', '2021-03-19 03:25:07', NULL),
(28, NULL, 'delete-unit', 'web', NULL, 1, '2021-03-19 03:25:15', '2021-03-19 03:25:15', NULL),
(29, NULL, 'view-feature', 'web', NULL, 1, '2021-03-19 03:26:01', '2021-03-19 03:26:01', NULL),
(30, NULL, 'add-feature', 'web', NULL, 1, '2021-03-19 03:26:13', '2021-03-19 03:26:13', NULL),
(31, NULL, 'edit-feature', 'web', NULL, 1, '2021-03-19 03:26:20', '2021-03-19 03:26:20', NULL),
(32, NULL, 'delete-feature', 'web', NULL, 1, '2021-03-19 03:26:26', '2021-03-19 03:26:26', NULL),
(33, NULL, 'view-book', 'web', NULL, 1, '2021-03-19 03:26:41', '2021-03-19 03:26:41', NULL),
(34, NULL, 'add-book', 'web', NULL, 1, '2021-03-19 03:26:46', '2021-03-19 03:26:46', NULL),
(35, NULL, 'edit-book', 'web', NULL, 1, '2021-03-19 03:26:52', '2021-03-19 03:26:52', NULL),
(36, NULL, 'delete-book', 'web', NULL, 1, '2021-03-19 03:26:58', '2021-03-19 03:26:58', NULL),
(37, NULL, 'view-note', 'web', NULL, 1, '2021-03-19 03:27:26', '2021-03-19 03:27:26', NULL),
(38, NULL, 'add-note', 'web', NULL, 1, '2021-03-19 03:27:35', '2021-03-19 03:27:35', NULL),
(39, NULL, 'edit-note', 'web', NULL, 1, '2021-03-19 03:27:42', '2021-03-19 03:27:42', NULL),
(40, NULL, 'delete-note', 'web', NULL, 1, '2021-03-19 03:27:48', '2021-03-19 03:27:48', NULL),
(41, NULL, 'view-video', 'web', NULL, 1, '2021-03-19 03:28:13', '2021-03-19 03:28:13', NULL),
(42, NULL, 'add-video', 'web', NULL, 1, '2021-03-19 03:28:20', '2021-03-19 03:28:20', NULL),
(43, NULL, 'edit-video', 'web', NULL, 1, '2021-03-19 03:28:25', '2021-03-19 03:28:25', NULL),
(44, NULL, 'delete-video', 'web', NULL, 1, '2021-03-19 03:28:36', '2021-03-19 03:28:36', NULL),
(45, NULL, 'view-solution', 'web', NULL, 1, '2021-03-19 03:29:09', '2021-03-19 03:29:09', NULL),
(46, NULL, 'add-solution', 'web', NULL, 1, '2021-03-19 03:29:15', '2021-03-19 03:29:15', NULL),
(47, NULL, 'edit-solution', 'web', NULL, 1, '2021-03-19 03:29:22', '2021-03-19 03:29:22', NULL),
(48, NULL, 'delete-solution', 'web', NULL, 1, '2021-03-19 03:29:33', '2021-03-19 03:29:33', NULL),
(49, NULL, 'view-material', 'web', NULL, 1, '2021-03-19 03:30:08', '2021-03-19 03:30:08', NULL),
(50, NULL, 'add-material', 'web', NULL, 1, '2021-03-19 03:30:17', '2021-03-19 03:30:17', NULL),
(51, NULL, 'edit-material', 'web', NULL, 1, '2021-03-19 03:30:24', '2021-03-19 03:30:24', NULL),
(52, NULL, 'delete-material', 'web', NULL, 1, '2021-03-19 03:30:33', '2021-03-19 03:30:33', NULL),
(53, NULL, 'view-paper', 'web', NULL, 1, '2021-03-19 03:30:59', '2021-03-19 03:30:59', NULL),
(54, NULL, 'add-paper', 'web', NULL, 1, '2021-03-19 03:31:10', '2021-03-19 03:31:10', NULL),
(55, NULL, 'edit-paper', 'web', NULL, 1, '2021-03-19 03:31:19', '2021-03-19 03:31:19', NULL),
(56, NULL, 'delete-paper', 'web', NULL, 1, '2021-03-19 03:31:27', '2021-03-19 03:31:27', NULL),
(57, NULL, 'view-worksheet', 'web', NULL, 1, '2021-03-19 03:31:44', '2021-03-19 03:31:44', NULL),
(58, NULL, 'add-worksheet', 'web', NULL, 1, '2021-03-19 03:32:00', '2021-03-19 03:32:00', NULL),
(59, NULL, 'edit-worksheet', 'web', NULL, 1, '2021-03-19 03:32:11', '2021-03-19 03:32:11', NULL),
(60, NULL, 'delete-worksheet', 'web', NULL, 1, '2021-03-19 03:32:23', '2021-03-19 03:32:23', NULL),
(61, NULL, 'view-question', 'web', NULL, 1, '2021-03-19 03:32:34', '2021-03-19 03:32:34', NULL),
(62, NULL, 'add-question', 'web', NULL, 1, '2021-03-19 03:32:42', '2021-03-19 03:32:42', NULL),
(63, NULL, 'edit-question', 'web', NULL, 1, '2021-03-19 03:32:51', '2021-03-19 03:32:51', NULL),
(64, NULL, 'delete-question', 'web', NULL, 1, '2021-03-19 03:32:58', '2021-03-19 03:32:58', NULL),
(65, NULL, 'view-exam', 'web', NULL, 1, '2021-03-19 09:55:55', '2021-03-22 08:29:08', NULL),
(66, NULL, 'view-exam-question', 'web', NULL, 1, '2021-03-19 09:56:30', '2021-03-19 09:56:30', NULL),
(67, NULL, 'add-exam-question', 'web', NULL, 1, '2021-03-19 09:57:04', '2021-03-19 09:57:04', NULL),
(68, NULL, 'edit-exam-question', 'web', NULL, 1, '2021-03-19 09:57:25', '2021-03-19 09:57:25', NULL),
(69, NULL, 'delete-exam-question', 'web', NULL, 1, '2021-03-19 09:57:33', '2021-03-19 09:57:33', NULL),
(70, NULL, 'view-exam-result', 'web', NULL, 1, '2021-03-19 09:57:52', '2021-03-19 09:57:52', NULL),
(71, NULL, 'view-slider', 'web', NULL, 1, '2021-03-19 09:58:13', '2021-03-19 09:58:13', NULL),
(72, NULL, 'add-slider', 'web', NULL, 1, '2021-03-19 09:58:20', '2021-03-19 09:58:20', NULL),
(73, NULL, 'edit-slider', 'web', NULL, 1, '2021-03-19 09:58:29', '2021-03-19 09:58:29', NULL),
(74, NULL, 'delete-slider', 'web', NULL, 1, '2021-03-19 09:58:35', '2021-03-19 09:58:35', NULL),
(75, NULL, 'add-exam', 'web', NULL, 1, '2021-03-22 13:20:38', '2021-03-22 13:20:38', NULL),
(76, NULL, 'edit-exam', 'web', NULL, 1, '2021-03-22 13:20:49', '2021-03-22 13:20:49', NULL),
(77, NULL, 'delete-exam', 'web', NULL, 1, '2021-03-22 13:20:56', '2021-03-22 13:20:56', NULL),
(78, NULL, 'add-mcq-question', 'web', NULL, 1, '2021-04-04 17:34:17', '2021-04-04 17:36:15', NULL),
(79, NULL, 'view-mcq-question', 'web', NULL, 1, '2021-04-04 17:37:09', '2021-04-04 17:37:09', NULL),
(80, NULL, 'edit-mcq-question', 'web', NULL, 1, '2021-04-04 17:37:35', '2021-04-04 17:37:35', NULL),
(81, NULL, 'delete-mcq-question', 'web', NULL, 1, '2021-04-04 17:37:59', '2021-04-04 17:37:59', NULL),
(85, NULL, 'vie-delete', 'web', NULL, 1, '2021-04-11 16:57:17', '2021-04-11 16:57:17', NULL),
(86, NULL, 'view-note', 'web', NULL, 1, '2021-04-11 16:57:17', '2021-04-11 16:57:17', NULL),
(87, NULL, 'Board-view', 'web', NULL, 1, '2021-04-11 17:00:21', '2021-04-11 17:00:21', NULL),
(88, NULL, 'Board-add', 'web', NULL, 1, '2021-04-11 17:00:21', '2021-04-11 17:00:21', NULL),
(89, NULL, 'Board-edit', 'web', NULL, 1, '2021-04-11 17:00:21', '2021-04-11 17:00:21', NULL),
(90, NULL, 'Board-delete', 'web', NULL, 1, '2021-04-11 17:00:21', '2021-04-11 17:00:21', NULL),
(91, NULL, 'Board-note', 'web', NULL, 1, '2021-04-11 17:00:21', '2021-04-11 17:00:21', NULL),
(92, NULL, 'Medium-view', 'web', NULL, 1, '2021-04-11 17:00:32', '2021-04-11 17:00:32', NULL),
(93, NULL, 'Medium-add', 'web', NULL, 1, '2021-04-11 17:00:32', '2021-04-11 17:00:32', NULL),
(94, NULL, 'Medium-edit', 'web', NULL, 1, '2021-04-11 17:00:32', '2021-04-11 17:00:32', NULL),
(95, NULL, 'Medium-delete', 'web', NULL, 1, '2021-04-11 17:00:32', '2021-04-11 17:00:32', NULL),
(96, NULL, 'Medium-note', 'web', NULL, 1, '2021-04-11 17:00:32', '2021-04-11 17:00:32', NULL),
(97, NULL, 'Standard-view', 'web', NULL, 1, '2021-04-11 17:00:35', '2021-04-11 17:00:35', NULL),
(98, NULL, 'Standard-add', 'web', NULL, 1, '2021-04-11 17:00:35', '2021-04-11 17:00:35', NULL),
(99, NULL, 'Standard-edit', 'web', NULL, 1, '2021-04-11 17:00:35', '2021-04-11 17:00:35', NULL),
(100, NULL, 'Standard-delete', 'web', NULL, 1, '2021-04-11 17:00:35', '2021-04-11 17:00:35', NULL),
(101, NULL, 'Standard-note', 'web', NULL, 1, '2021-04-11 17:00:35', '2021-04-11 17:00:35', NULL),
(102, NULL, 'Semester-view', 'web', NULL, 1, '2021-04-11 17:00:44', '2021-04-11 17:00:44', NULL),
(103, NULL, 'Semester-add', 'web', NULL, 1, '2021-04-11 17:00:44', '2021-04-11 17:00:44', NULL),
(104, NULL, 'Semester-edit', 'web', NULL, 1, '2021-04-11 17:00:44', '2021-04-11 17:00:44', NULL),
(105, NULL, 'Semester-delete', 'web', NULL, 1, '2021-04-11 17:00:44', '2021-04-11 17:00:44', NULL),
(106, NULL, 'Semester-note', 'web', NULL, 1, '2021-04-11 17:00:44', '2021-04-11 17:00:44', NULL),
(107, NULL, 'Subject-view', 'web', NULL, 1, '2021-04-11 17:00:49', '2021-04-11 17:00:49', NULL),
(108, NULL, 'Subject-add', 'web', NULL, 1, '2021-04-11 17:00:49', '2021-04-11 17:00:49', NULL),
(109, NULL, 'Subject-edit', 'web', NULL, 1, '2021-04-11 17:00:49', '2021-04-11 17:00:49', NULL),
(110, NULL, 'Subject-delete', 'web', NULL, 1, '2021-04-11 17:00:49', '2021-04-11 17:00:49', NULL),
(111, NULL, 'Subject-note', 'web', NULL, 1, '2021-04-11 17:00:49', '2021-04-11 17:00:49', NULL),
(112, NULL, 'Unit-view', 'web', NULL, 1, '2021-04-11 17:00:56', '2021-04-11 17:00:56', NULL),
(113, NULL, 'Unit-add', 'web', NULL, 1, '2021-04-11 17:00:56', '2021-04-11 17:00:56', NULL),
(114, NULL, 'Unit-edit', 'web', NULL, 1, '2021-04-11 17:00:56', '2021-04-11 17:00:56', NULL),
(115, NULL, 'Unit-delete', 'web', NULL, 1, '2021-04-11 17:00:56', '2021-04-11 17:00:56', NULL),
(116, NULL, 'Unit-note', 'web', NULL, 1, '2021-04-11 17:00:56', '2021-04-11 17:00:56', NULL),
(117, NULL, 'Book-view', 'web', NULL, 1, '2021-04-11 17:08:06', '2021-04-11 17:08:06', NULL),
(118, NULL, 'Book-add', 'web', NULL, 1, '2021-04-11 17:08:06', '2021-04-11 17:08:06', NULL),
(119, NULL, 'Book-edit', 'web', NULL, 1, '2021-04-11 17:08:06', '2021-04-11 17:08:06', NULL),
(120, NULL, 'Book-delete', 'web', NULL, 1, '2021-04-11 17:08:06', '2021-04-11 17:08:06', NULL),
(121, NULL, 'Book-note', 'web', NULL, 1, '2021-04-11 17:08:06', '2021-04-11 17:08:06', NULL);

-- --------------------------------------------------------

--
-- Table structure for table `personal_access_tokens`
--

CREATE TABLE `personal_access_tokens` (
  `id` bigint UNSIGNED NOT NULL,
  `tokenable_type` varchar(255) CHARACTER SET utf8mb4 COLLATE utf8mb4_unicode_ci NOT NULL,
  `tokenable_id` bigint UNSIGNED NOT NULL,
  `name` varchar(255) CHARACTER SET utf8mb4 COLLATE utf8mb4_unicode_ci NOT NULL,
  `token` varchar(64) CHARACTER SET utf8mb4 COLLATE utf8mb4_unicode_ci NOT NULL,
  `abilities` text CHARACTER SET utf8mb4 COLLATE utf8mb4_unicode_ci,
  `last_used_at` timestamp NULL DEFAULT NULL,
  `created_at` timestamp NULL DEFAULT NULL,
  `updated_at` timestamp NULL DEFAULT NULL
) ENGINE=InnoDB DEFAULT CHARSET=utf8mb4 COLLATE=utf8mb4_unicode_ci;

-- --------------------------------------------------------

--
-- Table structure for table `questions`
--

CREATE TABLE `questions` (
  `id` bigint UNSIGNED NOT NULL,
  `board_id` int NOT NULL DEFAULT '0',
  `medium_id` int NOT NULL DEFAULT '0',
  `standard_id` int NOT NULL DEFAULT '0',
  `semester_id` int NOT NULL DEFAULT '0',
  `subject_id` int NOT NULL DEFAULT '0',
  `unit_id` int NOT NULL DEFAULT '0',
  `question` varchar(255) CHARACTER SET utf8mb4 COLLATE utf8mb4_unicode_ci NOT NULL,
  `note` text CHARACTER SET utf8mb4 COLLATE utf8mb4_unicode_ci,
  `option_a` varchar(255) CHARACTER SET utf8mb4 COLLATE utf8mb4_unicode_ci NOT NULL,
  `option_b` varchar(255) CHARACTER SET utf8mb4 COLLATE utf8mb4_unicode_ci NOT NULL,
  `option_c` varchar(255) CHARACTER SET utf8mb4 COLLATE utf8mb4_unicode_ci NOT NULL,
  `option_d` varchar(255) CHARACTER SET utf8mb4 COLLATE utf8mb4_unicode_ci NOT NULL,
  `answer` varchar(255) CHARACTER SET utf8mb4 COLLATE utf8mb4_unicode_ci NOT NULL,
  `group_id` int NOT NULL DEFAULT '0',
  `section_id` int NOT NULL DEFAULT '0',
  `per_question_marks` int NOT NULL,
  `level` varchar(50) CHARACTER SET utf8mb4 COLLATE utf8mb4_unicode_ci DEFAULT NULL,
  `status` enum('Active','Inactive','Deleted') CHARACTER SET utf8mb4 COLLATE utf8mb4_unicode_ci DEFAULT 'Active',
  `created_at` timestamp NULL DEFAULT NULL,
  `updated_at` timestamp NULL DEFAULT NULL
) ENGINE=InnoDB DEFAULT CHARSET=utf8mb4 COLLATE=utf8mb4_unicode_ci;

-- --------------------------------------------------------

--
-- Table structure for table `question_types`
--

CREATE TABLE `question_types` (
  `id` int NOT NULL,
  `question_type` varchar(255) DEFAULT NULL,
  `status` enum('Active','Inactive','Deleted') NOT NULL DEFAULT 'Active',
  `created_at` timestamp NOT NULL DEFAULT CURRENT_TIMESTAMP ON UPDATE CURRENT_TIMESTAMP,
  `updated_at` timestamp NULL DEFAULT NULL
) ENGINE=InnoDB DEFAULT CHARSET=utf8mb4 COLLATE=utf8mb4_0900_ai_ci;

--
-- Dumping data for table `question_types`
--

INSERT INTO `question_types` (`id`, `question_type`, `status`, `updated_at`) VALUES
(1, 'test', 'Deleted', '2021-03-23 04:46:55'),
(2, 'MCQ - वैकल्पिक प्रश्न  - વૈકલ્પિક પ્રશ્ન', 'Active', '2021-03-23 04:47:56'),
(3, 'Fill in the blanks - रिक्त स्थानों की पूर्ति करे - ખાલી જગ્યા પુરો', 'Active', '2021-03-23 05:16:27'),
(4, 'Make mach - जोड़ मिलाइए - જોડકા જોડો', 'Active', '2021-03-23 05:16:45'),
(5, 'Write a short note - टूंकनोंध लिखें - ટૂંકનોંધ લખો', 'Active', '2021-03-23 05:17:06'),
(6, 'Give answer in one sentence - एक वाक्य में उत्तर दीजिए - એક વાક્યમાં જવાબ આપો', 'Active', '2021-03-23 05:17:26'),
(7, 'Give answer in two  sentence - दो वाक्य में उत्तर दीजिए - બે વાક્યમાં જવાબ આપો', 'Active', '2021-03-23 05:17:43'),
(8, 'Give answer in three or four sentence - तीन से चार वाक्य में उत्तर दीजिए - ત્રણ થી ચાર વાક્યમાં જવાબ આપો', 'Active', '2021-03-23 05:18:09'),
(9, 'Write essay - निबंध लिखें - નિબંધ લખો', 'Active', '2021-03-23 05:18:30'),
(10, 'Write True or False - सही या गलत लिखें - સાચું કે ખોટું લખો', 'Active', '2021-03-23 06:05:35'),
(11, 'Write the synonyms words - समानार्थक शब्द लिखें - સમાનાર્થી શબ્દો લખો', 'Active', '2021-03-23 06:16:11'),
(12, 'Write the opposite words - विपरीत शब्द लिखो - વિરુદ્ધાર્થી શબ્દો લખો', 'Active', '2021-03-23 06:13:56');

-- --------------------------------------------------------

--
-- Table structure for table `roles`
--

CREATE TABLE `roles` (
  `id` bigint UNSIGNED NOT NULL,
  `name` varchar(255) COLLATE utf8mb4_unicode_ci NOT NULL,
  `guard_name` varchar(255) COLLATE utf8mb4_unicode_ci DEFAULT 'web',
  `slug` varchar(255) COLLATE utf8mb4_unicode_ci DEFAULT NULL,
  `status` tinyint(1) NOT NULL DEFAULT '1' COMMENT '0-Active, 1-disabled',
  `created_at` timestamp NULL DEFAULT NULL,
  `updated_at` timestamp NULL DEFAULT NULL,
  `deleted_at` timestamp NULL DEFAULT NULL
) ENGINE=InnoDB DEFAULT CHARSET=utf8mb4 COLLATE=utf8mb4_unicode_ci;

--
-- Dumping data for table `roles`
--

INSERT INTO `roles` (`id`, `name`, `guard_name`, `slug`, `status`, `created_at`, `updated_at`, `deleted_at`) VALUES
(1, 'super_admin', 'web', 'Super-Admin', 1, NULL, NULL, NULL),
(2, 'admin', 'web', 'Admin', 1, NULL, NULL, NULL),
(3, 'datamanager', 'web', 'Data Manager', 1, NULL, NULL, NULL),
(4, 'examiner', 'web', 'Examiner', 1, NULL, NULL, NULL),
(5, 'faculties', 'web', 'Faculties', 1, NULL, NULL, NULL),
(6, 'analist', 'web', 'Analist', 1, NULL, NULL, NULL);

-- --------------------------------------------------------

--
-- Table structure for table `role_has_permissions`
--

CREATE TABLE `role_has_permissions` (
  `permission_id` bigint UNSIGNED NOT NULL,
  `role_id` bigint UNSIGNED NOT NULL
) ENGINE=InnoDB DEFAULT CHARSET=utf8mb4 COLLATE=utf8mb4_unicode_ci;

--
-- Dumping data for table `role_has_permissions`
--

INSERT INTO `role_has_permissions` (`permission_id`, `role_id`) VALUES
(1, 1),
(2, 1),
(3, 1),
(4, 1),
(5, 1),
(6, 1),
(7, 1),
(8, 1),
(9, 1),
(10, 1),
(11, 1),
(12, 1),
(13, 1),
(14, 1),
(15, 1),
(16, 1),
(17, 1),
(18, 1),
(19, 1),
(20, 1),
(21, 1),
(22, 1),
(23, 1),
(24, 1),
(25, 1),
(26, 1),
(27, 1),
(28, 1),
(29, 1),
(30, 1),
(31, 1),
(32, 1),
(33, 1),
(34, 1),
(35, 1),
(36, 1),
(37, 1),
(38, 1),
(39, 1),
(40, 1),
(41, 1),
(42, 1),
(43, 1),
(44, 1),
(45, 1),
(46, 1),
(47, 1),
(48, 1),
(49, 1),
(50, 1),
(51, 1),
(52, 1),
(53, 1),
(54, 1),
(55, 1),
(56, 1),
(57, 1),
(58, 1),
(59, 1),
(60, 1),
(61, 1),
(62, 1),
(63, 1),
(64, 1),
(65, 1),
(66, 1),
(67, 1),
(68, 1),
(69, 1),
(70, 1),
(71, 1),
(72, 1),
(73, 1),
(74, 1),
(75, 1),
(76, 1),
(77, 1),
(21, 5),
(22, 5),
(23, 5),
(24, 5),
(25, 5),
(26, 5),
(27, 5),
(28, 5),
(33, 5),
(34, 5),
(35, 5),
(36, 5),
(37, 5);

-- --------------------------------------------------------

--
-- Table structure for table `semesters`
--

CREATE TABLE `semesters` (
  `id` bigint UNSIGNED NOT NULL,
  `board_id` bigint UNSIGNED NOT NULL,
  `medium_id` int NOT NULL DEFAULT '0',
  `standard_id` bigint UNSIGNED NOT NULL,
  `semester` varchar(255) CHARACTER SET utf8mb4 COLLATE utf8mb4_unicode_ci DEFAULT NULL,
  `status` enum('Active','Inactive','Deleted') CHARACTER SET utf8mb4 COLLATE utf8mb4_unicode_ci DEFAULT 'Active',
  `order_no` int NOT NULL DEFAULT '0',
  `created_at` timestamp NULL DEFAULT NULL,
  `updated_at` timestamp NULL DEFAULT NULL
) ENGINE=InnoDB DEFAULT CHARSET=utf8mb4 COLLATE=utf8mb4_unicode_ci;

--
-- Dumping data for table `semesters`
--

INSERT INTO `semesters` (`id`, `board_id`, `medium_id`, `standard_id`, `semester`, `status`, `order_no`, `created_at`, `updated_at`) VALUES
(1, 1, 1, 1, 'Semester  1  -  સત્ર  1', 'Deleted', 0, '2021-02-15 05:07:57', '2021-03-17 11:03:08'),
(2, 1, 1, 1, 'Semester  2 -  સત્ર  2', 'Deleted', 0, '2021-02-15 05:07:57', '2021-03-17 11:03:14'),
(3, 1, 0, 2, 'SEM 1', 'Deleted', 0, '2021-02-15 05:07:57', '2021-03-17 10:57:57'),
(4, 1, 0, 3, 'SEM 2', 'Deleted', 0, '2021-02-15 05:07:57', '2021-03-17 10:57:51'),
(5, 1, 1, 2, 'Semester  1  -  સત્ર  1', 'Deleted', 0, '2021-03-17 11:00:22', '2021-03-17 11:01:20'),
(6, 1, 1, 2, 'Semester  1  -  સત્ર  1', 'Deleted', 0, '2021-03-17 11:01:39', '2021-03-17 11:03:04'),
(7, 5, 6, 10, 'SEMESTER 1  -  સત્ર 1', 'Deleted', 0, '2021-03-17 13:32:14', '2021-03-17 13:32:52'),
(8, 5, 6, 10, 'SEMESTER 1  -  સત્ર 1', 'Deleted', 0, '2021-03-17 13:33:07', '2021-03-17 13:38:40'),
(9, 5, 6, 11, 'SEMESTER 1  -  સત્ર 1', 'Deleted', 0, '2021-03-17 13:33:22', '2021-03-17 13:38:43'),
(10, 5, 6, 12, 'SEMESTER 1  -  સત્ર 1', 'Deleted', 0, '2021-03-17 13:34:06', '2021-03-17 13:38:37'),
(11, 5, 6, 10, 'Semester - 1 / સત્ર - ૧', 'Active', 1, '2021-03-17 13:38:58', '2021-04-06 17:25:32'),
(12, 6, 13, 96, 'SEM 1', 'Deleted', 0, '2021-03-17 15:37:58', '2021-03-20 02:28:16'),
(13, 5, 6, 10, 'Semester - 2 / સત્ર - ૨', 'Active', 2, '2021-03-20 02:30:16', '2021-04-06 17:25:32'),
(14, 5, 6, 11, 'Semester - 1 / સત્ર - ૧', 'Active', 3, '2021-03-20 02:30:34', '2021-04-06 17:25:32'),
(15, 5, 6, 11, 'Semester - 2 / સત્ર - ૨', 'Active', 4, '2021-03-20 02:30:51', '2021-04-06 17:25:32'),
(16, 5, 6, 12, 'Semester - 1 / સત્ર - ૧', 'Active', 5, '2021-03-20 02:31:05', '2021-04-06 17:25:32'),
(17, 5, 6, 12, 'Semester - 2 / સત્ર - ૨', 'Active', 6, '2021-03-20 02:31:20', '2021-04-06 17:25:32'),
(18, 5, 6, 13, 'Semester - 1 / સત્ર - ૧', 'Active', 7, '2021-03-20 02:31:42', '2021-04-06 17:25:32'),
(19, 5, 6, 13, 'Semester - 2 / સત્ર - ૨', 'Active', 8, '2021-03-20 02:32:04', '2021-04-06 17:25:32'),
(20, 5, 6, 14, 'Semester - 1 / સત્ર - ૧', 'Active', 9, '2021-03-20 02:32:18', '2021-04-06 17:25:32'),
(21, 5, 6, 14, 'Semester - 2 / સત્ર - ૨', 'Active', 10, '2021-03-20 02:32:36', '2021-04-06 17:25:32'),
(22, 5, 6, 15, 'Semester - 1 / સત્ર - ૧', 'Active', 11, '2021-03-20 02:32:49', '2021-04-06 17:25:32'),
(23, 5, 6, 15, 'Semester - 2 / સત્ર - ૨', 'Active', 12, '2021-03-20 02:33:06', '2021-04-06 17:25:32'),
(24, 5, 6, 16, 'Semester - 1 / સત્ર - ૧', 'Active', 13, '2021-03-20 02:33:17', '2021-04-06 17:25:32'),
(25, 5, 6, 16, 'Semester - 2 / સત્ર - ૨', 'Active', 14, '2021-03-20 02:33:33', '2021-04-06 17:25:32'),
(26, 5, 6, 17, 'Semester - 1 / સત્ર - ૧', 'Active', 15, '2021-03-20 02:33:45', '2021-04-06 17:25:32'),
(27, 5, 6, 17, 'Semester - 2 / સત્ર - ૨', 'Active', 16, '2021-03-20 02:34:04', '2021-04-06 17:25:32'),
(28, 5, 6, 18, 'Semester - 1 / સત્ર - ૧', 'Active', 17, '2021-03-20 02:34:16', '2021-04-06 17:25:32'),
(29, 5, 6, 18, 'Semester - 2 / સત્ર - ૨', 'Active', 18, '2021-03-20 02:34:28', '2021-04-06 17:25:32'),
(30, 5, 6, 19, 'Semester - 1 / સત્ર - ૧', 'Active', 19, '2021-03-20 02:34:46', '2021-04-06 17:25:32'),
(31, 5, 6, 19, 'Semester - 2 / સત્ર - ૨', 'Active', 20, '2021-03-20 02:35:00', '2021-04-06 17:25:32'),
(32, 5, 6, 20, 'Science / વિજ્ઞાન પ્રવાહ', 'Active', 21, '2021-03-20 02:35:09', '2021-04-07 10:36:00'),
(33, 5, 6, 20, 'Commerce / વાણિજ્ય પ્રવાહ', 'Active', 22, '2021-03-20 02:35:24', '2021-04-07 10:37:46'),
(34, 5, 6, 21, 'Science / વિજ્ઞાન પ્રવાહ', 'Active', 23, '2021-03-20 02:35:53', '2021-04-07 10:42:19'),
(35, 5, 6, 21, 'Commerce / વાણિજ્ય પ્રવાહ', 'Active', 24, '2021-03-20 02:36:06', '2021-04-07 10:43:05'),
(36, 5, 7, 22, 'Semester - 1 / सत्र - १', 'Active', 25, '2021-03-20 02:37:26', '2021-04-06 17:25:32'),
(37, 5, 7, 22, 'Semester - 2  / सत्र - २', 'Active', 26, '2021-03-20 02:37:55', '2021-04-06 17:25:32'),
(38, 5, 7, 23, 'Semester - 1 / सत्र - १', 'Active', 27, '2021-03-20 02:38:18', '2021-04-06 17:25:32'),
(39, 5, 7, 23, 'Semester - 2 / सत्र - २', 'Active', 28, '2021-03-20 02:38:38', '2021-04-06 17:25:32'),
(40, 5, 7, 24, 'Semester - 1 / सत्र - १', 'Active', 29, '2021-03-20 02:38:47', '2021-04-06 17:25:32'),
(41, 5, 7, 24, 'Semester - 2 / सत्र - २', 'Active', 30, '2021-03-20 02:39:24', '2021-04-06 17:25:32'),
(42, 5, 7, 25, 'Semester - 1 / सत्र - १', 'Active', 31, '2021-03-20 02:45:53', '2021-04-06 17:25:32'),
(43, 5, 7, 25, 'Semester - 2 / सत्र - २', 'Active', 32, '2021-03-20 02:46:17', '2021-04-06 17:25:32'),
(44, 5, 7, 26, 'Semester - 1 / सत्र - १', 'Active', 33, '2021-03-20 02:46:30', '2021-04-06 17:25:32'),
(45, 5, 7, 26, 'Semester - 2 / सत्र - २', 'Active', 34, '2021-03-20 02:46:57', '2021-04-06 17:25:32'),
(46, 5, 7, 27, 'Semester - 1 / सत्र - १', 'Active', 35, '2021-03-20 02:47:06', '2021-04-06 17:25:32'),
(47, 5, 7, 27, 'Semester - 2 / सत्र - २', 'Active', 36, '2021-03-20 02:47:25', '2021-04-06 17:25:32'),
(48, 5, 7, 28, 'Semester - 1 / सत्र - १', 'Active', 37, '2021-03-20 03:00:45', '2021-04-06 17:25:32'),
(49, 5, 7, 28, 'Semester - 2 / सत्र - २', 'Active', 38, '2021-03-20 03:01:10', '2021-04-06 17:25:32'),
(50, 5, 7, 29, 'Semester - 1 / सत्र - १', 'Active', 39, '2021-03-20 03:01:27', '2021-04-06 17:25:32'),
(51, 5, 7, 29, 'Semester - 2 / सत्र - २', 'Active', 40, '2021-03-20 03:01:58', '2021-04-06 17:25:32'),
(52, 5, 7, 30, 'Semester - 1 / सत्र - १', 'Active', 41, '2021-03-20 03:02:17', '2021-04-06 17:25:32'),
(53, 5, 7, 30, 'Semester - 2 / सत्र - २', 'Active', 42, '2021-03-20 03:02:39', '2021-04-06 17:25:32'),
(54, 5, 7, 31, 'Semester - 1 / सत्र - १', 'Active', 43, '2021-03-20 03:02:47', '2021-04-06 17:25:32'),
(55, 5, 7, 31, 'Semester - 2 / सत्र - २', 'Active', 44, '2021-03-20 03:03:07', '2021-04-06 17:25:32'),
(56, 5, 7, 32, 'Semester - 1 / सत्र - १', 'Active', 45, '2021-03-20 03:03:15', '2021-04-06 17:25:32'),
(57, 5, 7, 32, 'Semester - 2 / सत्र - २', 'Active', 46, '2021-03-20 03:03:33', '2021-04-06 17:25:32'),
(58, 5, 7, 33, 'Semester - 1 / सत्र - १', 'Active', 47, '2021-03-20 03:03:50', '2021-04-06 17:25:32'),
(59, 5, 7, 33, 'Semester - 2 / सत्र - २', 'Active', 48, '2021-03-20 03:04:15', '2021-04-06 17:25:32'),
(60, 5, 6, 10, 'Semester - 3 / સત્ર - 3', 'Deleted', 0, '2021-03-20 18:49:35', '2021-03-23 11:28:27'),
(61, 5, 6, 20, 'Arts / વિનયન પ્રવાહ', 'Active', 49, '2021-04-07 10:45:55', '2021-04-07 10:45:55'),
(62, 5, 6, 21, 'Arts / વિનયન પ્રવાહ', 'Active', 50, '2021-04-07 10:46:31', '2021-04-07 10:46:31'),
(63, 6, 13, 103, 'Semester - 1 / सत्र - १', 'Active', 51, '2021-04-12 04:17:59', '2021-04-12 11:49:30'),
(64, 6, 13, 103, 'Semester - 2 / सत्र - २', 'Deleted', 0, '2021-04-12 04:19:26', '2021-04-13 10:07:26'),
(65, 6, 13, 103, 'World And Expressions-2', 'Deleted', 0, '2021-04-12 11:26:10', '2021-04-12 11:47:43'),
(66, 6, 13, 102, 'Semester - 1 / सत्र - १', 'Active', 52, '2021-04-13 04:53:48', '2021-04-13 04:53:48'),
(67, 6, 13, 101, 'Semester - 1 / सत्र - १', 'Active', 53, '2021-04-13 04:54:06', '2021-04-13 04:54:06'),
(68, 6, 13, 100, 'Semester - 1 / सत्र - १', 'Active', 54, '2021-04-13 04:54:27', '2021-04-13 04:54:27'),
(69, 6, 13, 99, 'Semester - 1 / सत्र - १', 'Active', 55, '2021-04-13 10:09:18', '2021-04-13 10:09:18'),
(70, 6, 13, 98, 'Semester - 1 / सत्र - १', 'Active', 56, '2021-04-13 10:09:29', '2021-04-13 10:09:29'),
(71, 6, 13, 97, 'Semester - 1 / सत्र - १', 'Active', 57, '2021-04-13 10:09:43', '2021-04-13 10:09:43'),
(72, 6, 13, 96, 'Semester - 1 / सत्र - १', 'Active', 58, '2021-04-13 10:09:57', '2021-04-13 10:09:57'),
(73, 6, 13, 95, 'Semester - 1 / सत्र - १', 'Active', 59, '2021-04-13 10:10:08', '2021-04-13 10:10:08'),
(74, 6, 13, 94, 'Semester - 1 / सत्र - १', 'Active', 60, '2021-04-13 10:10:21', '2021-04-13 10:10:21');

-- --------------------------------------------------------

--
-- Table structure for table `sessions`
--

CREATE TABLE `sessions` (
  `id` varchar(255) CHARACTER SET utf8mb4 COLLATE utf8mb4_unicode_ci NOT NULL,
  `user_id` bigint UNSIGNED DEFAULT NULL,
  `ip_address` varchar(45) CHARACTER SET utf8mb4 COLLATE utf8mb4_unicode_ci DEFAULT NULL,
  `user_agent` text CHARACTER SET utf8mb4 COLLATE utf8mb4_unicode_ci,
  `payload` text CHARACTER SET utf8mb4 COLLATE utf8mb4_unicode_ci NOT NULL,
  `last_activity` int NOT NULL
) ENGINE=InnoDB DEFAULT CHARSET=utf8mb4 COLLATE=utf8mb4_unicode_ci;

--
-- Dumping data for table `sessions`
--

INSERT INTO `sessions` (`id`, `user_id`, `ip_address`, `user_agent`, `payload`, `last_activity`) VALUES
('0RzacQZpa14qHpZhD9xRSt6PwcgPj8QqqPkvCfPh', NULL, '49.34.112.132', 'okhttp/4.9.0', 'YTozOntzOjY6Il90b2tlbiI7czo0MDoiamJpWlpKSlJBMklYMnpJSk1GMjV1MWxWUWJlcVlUd291c3JNVUlYRCI7czo5OiJfcHJldmlvdXMiO2E6MTp7czozOiJ1cmwiO3M6MjU6Imh0dHBzOi8vc2hpdm1heC5jb20vbG9naW4iO31zOjY6Il9mbGFzaCI7YToyOntzOjM6Im9sZCI7YTowOnt9czozOiJuZXciO2E6MDp7fX19', 1618332102),
('0vkrVjlogPhPjWSomznjVuzHeIJLlnntixdyuPEX', NULL, '49.34.40.201', 'okhttp/4.9.0', 'YTozOntzOjY6Il90b2tlbiI7czo0MDoiNWdVYkhYMFJtbzVkY0NLT0pOYUVRYnl0dW11eFN1amFMRmpTNE5MWiI7czo5OiJfcHJldmlvdXMiO2E6MTp7czozOiJ1cmwiO3M6MjU6Imh0dHBzOi8vc2hpdm1heC5jb20vbG9naW4iO31zOjY6Il9mbGFzaCI7YToyOntzOjM6Im9sZCI7YTowOnt9czozOiJuZXciO2E6MDp7fX19', 1618330769),
('17u4ZOgE47gAkwNcXpRt5QmVJqaiIFjajJPfc4x5', NULL, '106.222.34.67', 'okhttp/4.9.0', 'YTozOntzOjY6Il90b2tlbiI7czo0MDoidmtlOVRab2x0S2ZsbjZIczNyb0Y0V252cjB0UnFEUGpSS05QYjBCdSI7czo5OiJfcHJldmlvdXMiO2E6MTp7czozOiJ1cmwiO3M6MjU6Imh0dHBzOi8vc2hpdm1heC5jb20vbG9naW4iO31zOjY6Il9mbGFzaCI7YToyOntzOjM6Im9sZCI7YTowOnt9czozOiJuZXciO2E6MDp7fX19', 1618331077),
('2yLM4jZW26WBMPK9lDn3whOJUb4xMtNs3cokVvcf', NULL, '106.205.225.50', 'okhttp/4.9.0', 'YTozOntzOjY6Il90b2tlbiI7czo0MDoic2xKc3VndkFGYVZmUnphanpxSzBWUm54dndJSEdYcmlVdVdFUGlHdCI7czo5OiJfcHJldmlvdXMiO2E6MTp7czozOiJ1cmwiO3M6MTk6Imh0dHBzOi8vc2hpdm1heC5jb20iO31zOjY6Il9mbGFzaCI7YToyOntzOjM6Im9sZCI7YTowOnt9czozOiJuZXciO2E6MDp7fX19', 1618332147),
('3AvsOx4loiPInuQod6Y7VE71119U7raVz9HhYlIq', NULL, '49.34.40.201', 'okhttp/4.9.0', 'YTozOntzOjY6Il90b2tlbiI7czo0MDoiVGdHNWdlV3MzQVk1Sk5jSHd3dkZQOHQ0QkF6TWlhNThJRVhab2dwWCI7czo5OiJfcHJldmlvdXMiO2E6MTp7czozOiJ1cmwiO3M6MTk6Imh0dHBzOi8vc2hpdm1heC5jb20iO31zOjY6Il9mbGFzaCI7YToyOntzOjM6Im9sZCI7YTowOnt9czozOiJuZXciO2E6MDp7fX19', 1618331079),
('3pNWOHIXOh549RaQedSyBZAHYK2SZ0aid6zT2Fj5', NULL, '49.34.112.132', 'okhttp/4.9.0', 'YTozOntzOjY6Il90b2tlbiI7czo0MDoiUlZ1R2RnRnVmYnllR3hQWGtURmg0WktENGFjSDhOYVBNR0duakdjeiI7czo5OiJfcHJldmlvdXMiO2E6MTp7czozOiJ1cmwiO3M6MTk6Imh0dHBzOi8vc2hpdm1heC5jb20iO31zOjY6Il9mbGFzaCI7YToyOntzOjM6Im9sZCI7YTowOnt9czozOiJuZXciO2E6MDp7fX19', 1618332102),
('3TE2YitqFw5rXWI6eTgzPFlbDYK8sInnPhFEnEuG', NULL, '49.34.112.132', 'okhttp/4.9.0', 'YTozOntzOjY6Il90b2tlbiI7czo0MDoiWmVMZGd2SDRyb3FiZ2pCOUFpdnZuckhjR2pMWXloRDVTSVVKZGNoeiI7czo5OiJfcHJldmlvdXMiO2E6MTp7czozOiJ1cmwiO3M6MjU6Imh0dHBzOi8vc2hpdm1heC5jb20vbG9naW4iO31zOjY6Il9mbGFzaCI7YToyOntzOjM6Im9sZCI7YTowOnt9czozOiJuZXciO2E6MDp7fX19', 1618332291),
('4qACSGudkbVoI9ZeKxc678cmldNxtl7BbeLHEIEK', NULL, '49.34.40.201', 'okhttp/4.9.0', 'YTozOntzOjY6Il90b2tlbiI7czo0MDoiZlk3TThPdXF4NHRUWElONUFndzdDNGRqdkRPRFdPcEFhZ3ZmNUtwdSI7czo5OiJfcHJldmlvdXMiO2E6MTp7czozOiJ1cmwiO3M6MTk6Imh0dHBzOi8vc2hpdm1heC5jb20iO31zOjY6Il9mbGFzaCI7YToyOntzOjM6Im9sZCI7YTowOnt9czozOiJuZXciO2E6MDp7fX19', 1618327354),
('6UGBdmYf0aXW4jEhc5CbiqC84t1Ei8NUfmonRWjg', NULL, '49.34.40.201', 'okhttp/4.9.0', 'YTozOntzOjY6Il90b2tlbiI7czo0MDoiYTU2YlpxR2tmNU9JRnVPT2x0bFNtNnpEQlJKTVp4ZFUxWjhhOExZMSI7czo5OiJfcHJldmlvdXMiO2E6MTp7czozOiJ1cmwiO3M6MjU6Imh0dHBzOi8vc2hpdm1heC5jb20vbG9naW4iO31zOjY6Il9mbGFzaCI7YToyOntzOjM6Im9sZCI7YTowOnt9czozOiJuZXciO2E6MDp7fX19', 1618327354),
('756dCteiOuoiwcejtzbUgxYJWsWFgdOfZgDsZPk4', NULL, '106.222.34.67', 'okhttp/4.9.0', 'YTozOntzOjY6Il90b2tlbiI7czo0MDoiRlNsdXhpWnU1Umkxb3dYeUs1NEdLaWZFTDFZTVhBRlpmczM5eGp4WSI7czo5OiJfcHJldmlvdXMiO2E6MTp7czozOiJ1cmwiO3M6MjU6Imh0dHBzOi8vc2hpdm1heC5jb20vbG9naW4iO31zOjY6Il9mbGFzaCI7YToyOntzOjM6Im9sZCI7YTowOnt9czozOiJuZXciO2E6MDp7fX19', 1618331114),
('9yvAK1ovkz5IyXqYfPcCdAMOd0Kc1B46XesRGCJo', NULL, '54.36.148.200', 'Mozilla/5.0 (compatible; AhrefsBot/7.0; +http://ahrefs.com/robot/)', 'YTozOntzOjY6Il90b2tlbiI7czo0MDoicTRCVkIxNGowdldNWkg5bDRTYVNDMDFiYlo3eURHTXZxc0oyNE4wQSI7czo5OiJfcHJldmlvdXMiO2E6MTp7czozOiJ1cmwiO3M6MTk6Imh0dHBzOi8vc2hpdm1heC5jb20iO31zOjY6Il9mbGFzaCI7YToyOntzOjM6Im9sZCI7YTowOnt9czozOiJuZXciO2E6MDp7fX19', 1618331585),
('ARy3TXX4UB8vGamVAvwH4TOpaj5wmSdMauIdME8K', NULL, '49.34.40.201', 'okhttp/4.9.0', 'YTozOntzOjY6Il90b2tlbiI7czo0MDoiR3VXZjlrbExiVk9JSlVYQkFOTWE3c2x2Qko5OHc2ZUZENFNQam5jWSI7czo5OiJfcHJldmlvdXMiO2E6MTp7czozOiJ1cmwiO3M6MTk6Imh0dHBzOi8vc2hpdm1heC5jb20iO31zOjY6Il9mbGFzaCI7YToyOntzOjM6Im9sZCI7YTowOnt9czozOiJuZXciO2E6MDp7fX19', 1618327355),
('bRaiii2mO471L73QsHBtmFqQLj1eTUqRUhIBnw8X', NULL, '49.34.40.201', 'okhttp/4.9.0', 'YTozOntzOjY6Il90b2tlbiI7czo0MDoiUlJheHBNVHB0a3NodXlPNHlUMUZqazRscTd4V1dZQ0NNZjVvRnpQRiI7czo5OiJfcHJldmlvdXMiO2E6MTp7czozOiJ1cmwiO3M6MTk6Imh0dHBzOi8vc2hpdm1heC5jb20iO31zOjY6Il9mbGFzaCI7YToyOntzOjM6Im9sZCI7YTowOnt9czozOiJuZXciO2E6MDp7fX19', 1618327470),
('cRxGgvh7rDSqbHdOmMSdrtmGDgftUoMKmjNT7KGZ', NULL, '49.34.40.201', 'okhttp/4.9.0', 'YTozOntzOjY6Il90b2tlbiI7czo0MDoicElMVXVBdjloSkh1WW5VNGtYVndJUDU4MUVWTDJPaU1Nb2M5d2J0TCI7czo5OiJfcHJldmlvdXMiO2E6MTp7czozOiJ1cmwiO3M6MTk6Imh0dHBzOi8vc2hpdm1heC5jb20iO31zOjY6Il9mbGFzaCI7YToyOntzOjM6Im9sZCI7YTowOnt9czozOiJuZXciO2E6MDp7fX19', 1618327966),
('dPih1KH94YnWJ1nTXfI2IWt6fNafcQMQDUB9OQ5D', NULL, '49.34.112.132', 'okhttp/4.9.0', 'YTozOntzOjY6Il90b2tlbiI7czo0MDoiQXVFTHpoMUgwMzloZEFRMVJXNnJYUTJXOHltZm5pTTUzYXFmNzV6eiI7czo5OiJfcHJldmlvdXMiO2E6MTp7czozOiJ1cmwiO3M6MjU6Imh0dHBzOi8vc2hpdm1heC5jb20vbG9naW4iO31zOjY6Il9mbGFzaCI7YToyOntzOjM6Im9sZCI7YTowOnt9czozOiJuZXciO2E6MDp7fX19', 1618332292),
('dRrI2VRHuh1wYeleTfL8huvMsLkx5q0samjNUIOK', NULL, '49.34.40.201', 'okhttp/4.9.0', 'YTozOntzOjY6Il90b2tlbiI7czo0MDoiRUJmeWpUeGRPQnRuOTl0VUFkTkl2cVpHcmVIekVZeXVCdDJ6V2ZaViI7czo5OiJfcHJldmlvdXMiO2E6MTp7czozOiJ1cmwiO3M6MTk6Imh0dHBzOi8vc2hpdm1heC5jb20iO31zOjY6Il9mbGFzaCI7YToyOntzOjM6Im9sZCI7YTowOnt9czozOiJuZXciO2E6MDp7fX19', 1618330770),
('EKOtLaNl3CNFkz5t0MCNgP5JmcGWKKkou881mxbH', NULL, '13.82.3.237', 'Mozilla/5.0 (Windows NT 10.0; Win64; x64) AppleWebKit/537.36 (KHTML, like Gecko) Chrome/88.0.4240.193 Safari/537.36', 'YTozOntzOjY6Il90b2tlbiI7czo0MDoiczNaYjNJOFlTamU5ajFXa1FvcVJITm93YjR1WVdndHk3TFkySk1ZeCI7czo5OiJfcHJldmlvdXMiO2E6MTp7czozOiJ1cmwiO3M6MjU6Imh0dHBzOi8vc2hpdm1heC5jb20vbG9naW4iO31zOjY6Il9mbGFzaCI7YToyOntzOjM6Im9sZCI7YTowOnt9czozOiJuZXciO2E6MDp7fX19', 1618327001),
('ExRkhFUNW0RFrvHVcf1ppXpkp6gPfuhfduGGGLeH', NULL, '49.34.112.132', 'okhttp/4.9.0', 'YTozOntzOjY6Il90b2tlbiI7czo0MDoiaTFiRHREWTVnN1pIbTVTdVR0VlIzSDhobDk3emdHa1BYaGdyYm9wcSI7czo5OiJfcHJldmlvdXMiO2E6MTp7czozOiJ1cmwiO3M6MTk6Imh0dHBzOi8vc2hpdm1heC5jb20iO31zOjY6Il9mbGFzaCI7YToyOntzOjM6Im9sZCI7YTowOnt9czozOiJuZXciO2E6MDp7fX19', 1618332292),
('fgtpzP9AeTcJbW0C4uLwuwKZzOOZFyKlg1Tw8M5b', NULL, '49.34.40.201', 'okhttp/4.9.0', 'YTozOntzOjY6Il90b2tlbiI7czo0MDoiOW5lOXZmYWpkcXZsQ3FtTjdYVm1HTEJoQUxsNG1NdkI2aUtKSEZCNCI7czo5OiJfcHJldmlvdXMiO2E6MTp7czozOiJ1cmwiO3M6MjU6Imh0dHBzOi8vc2hpdm1heC5jb20vbG9naW4iO31zOjY6Il9mbGFzaCI7YToyOntzOjM6Im9sZCI7YTowOnt9czozOiJuZXciO2E6MDp7fX19', 1618327966),
('fsMdpBbriGp6wiLjxYZt3bIB0KERzi0vc8WvFE2c', NULL, '49.34.40.201', 'okhttp/4.9.0', 'YTozOntzOjY6Il90b2tlbiI7czo0MDoiellrcWhERGVwaDh2dE5CclVFNTJYT2gxT0tVOEJzOEI3ZlYweUtrZSI7czo5OiJfcHJldmlvdXMiO2E6MTp7czozOiJ1cmwiO3M6MjU6Imh0dHBzOi8vc2hpdm1heC5jb20vbG9naW4iO31zOjY6Il9mbGFzaCI7YToyOntzOjM6Im9sZCI7YTowOnt9czozOiJuZXciO2E6MDp7fX19', 1618327480),
('fwACzfZexgJmYyKVjgotl7qrFIAXN0Ah9CFwBBVO', NULL, '49.34.40.201', 'okhttp/4.9.0', 'YTozOntzOjY6Il90b2tlbiI7czo0MDoiQ0xBd2VreDR4UEExZFZ4OERmS0ZOZHZWTmwxQnZUdUQzMGVxZTVXTyI7czo5OiJfcHJldmlvdXMiO2E6MTp7czozOiJ1cmwiO3M6MjU6Imh0dHBzOi8vc2hpdm1heC5jb20vbG9naW4iO31zOjY6Il9mbGFzaCI7YToyOntzOjM6Im9sZCI7YTowOnt9czozOiJuZXciO2E6MDp7fX19', 1618327479),
('HBt1moTQYErRT385eNQZcQo2LUTeUMBWaQz9NkKk', NULL, '49.34.40.201', 'okhttp/4.9.0', 'YTozOntzOjY6Il90b2tlbiI7czo0MDoibnhJZGhEbGZPN0IyMmRES1NHTmtsa2p2OUthUjdTMnF3S0dITERIdCI7czo5OiJfcHJldmlvdXMiO2E6MTp7czozOiJ1cmwiO3M6MjU6Imh0dHBzOi8vc2hpdm1heC5jb20vbG9naW4iO31zOjY6Il9mbGFzaCI7YToyOntzOjM6Im9sZCI7YTowOnt9czozOiJuZXciO2E6MDp7fX19', 1618330770),
('hcQaMeF0li6KJr9roSSHO8dcgxt7loE1NxFXdDgC', NULL, '49.34.40.201', 'okhttp/4.9.0', 'YTozOntzOjY6Il90b2tlbiI7czo0MDoieWJYYnF6WjQ2YzhndDN4MGNSY2xWc3FDcEFxRlZKWXlUaUVJbVBaeiI7czo5OiJfcHJldmlvdXMiO2E6MTp7czozOiJ1cmwiO3M6MjU6Imh0dHBzOi8vc2hpdm1heC5jb20vbG9naW4iO31zOjY6Il9mbGFzaCI7YToyOntzOjM6Im9sZCI7YTowOnt9czozOiJuZXciO2E6MDp7fX19', 1618331080),
('k7mTy8TIyfjwP1DJu0S43A5UkL4ulhNYKStfT3K3', NULL, '106.205.225.50', 'okhttp/4.9.0', 'YTozOntzOjY6Il90b2tlbiI7czo0MDoidzFwMlBMYVN2NFFlVjMzcnZOOG5CczNvU0NVQ21lanp6OGRrbm8yTSI7czo5OiJfcHJldmlvdXMiO2E6MTp7czozOiJ1cmwiO3M6MTk6Imh0dHBzOi8vc2hpdm1heC5jb20iO31zOjY6Il9mbGFzaCI7YToyOntzOjM6Im9sZCI7YTowOnt9czozOiJuZXciO2E6MDp7fX19', 1618332177),
('KFP7nSHNeAYF1XjOjzlrGDsA59A2EmPEvDbwY2Id', NULL, '106.205.225.50', 'okhttp/4.9.0', 'YTozOntzOjY6Il90b2tlbiI7czo0MDoiNWlnNjRmaW5VVEJLakpJMEhVQm5hZUhYbk9tR1JsMmg4WXdueVQ4eSI7czo5OiJfcHJldmlvdXMiO2E6MTp7czozOiJ1cmwiO3M6MjU6Imh0dHBzOi8vc2hpdm1heC5jb20vbG9naW4iO31zOjY6Il9mbGFzaCI7YToyOntzOjM6Im9sZCI7YTowOnt9czozOiJuZXciO2E6MDp7fX19', 1618332149),
('kqm2vANvNrtqQ2NRQagghKVm8DFfr54eYQ2bARsJ', NULL, '49.34.40.201', 'okhttp/4.9.0', 'YTozOntzOjY6Il90b2tlbiI7czo0MDoiVVkyd2xqMXJQbExLTWt0NFE4ZHJsWmFHRDBtV1R4R3VTSzc0RmNOTiI7czo5OiJfcHJldmlvdXMiO2E6MTp7czozOiJ1cmwiO3M6MTk6Imh0dHBzOi8vc2hpdm1heC5jb20iO31zOjY6Il9mbGFzaCI7YToyOntzOjM6Im9sZCI7YTowOnt9czozOiJuZXciO2E6MDp7fX19', 1618330769),
('lEtouMcS1mmbUJ8EygxhRseZNARQX4wWfxhqQ5UH', NULL, '49.34.40.201', 'okhttp/4.9.0', 'YTozOntzOjY6Il90b2tlbiI7czo0MDoieU9odGlxdmNEcGJJdGVUTjhZY0NmRzZzNTM0SDVpUGR5cnNPRk1jQiI7czo5OiJfcHJldmlvdXMiO2E6MTp7czozOiJ1cmwiO3M6MTk6Imh0dHBzOi8vc2hpdm1heC5jb20iO31zOjY6Il9mbGFzaCI7YToyOntzOjM6Im9sZCI7YTowOnt9czozOiJuZXciO2E6MDp7fX19', 1618327480),
('mdmXX5EKBj7fzrrqOpzf7BImP1GgZIVdrAAsfFbH', NULL, '49.34.40.201', 'okhttp/4.9.0', 'YTozOntzOjY6Il90b2tlbiI7czo0MDoiZnNGbENBS0xLNHdLQmlLazNxbmU1OXU3bndMSkJsSXJTcTNZVXNGeSI7czo5OiJfcHJldmlvdXMiO2E6MTp7czozOiJ1cmwiO3M6MjU6Imh0dHBzOi8vc2hpdm1heC5jb20vbG9naW4iO31zOjY6Il9mbGFzaCI7YToyOntzOjM6Im9sZCI7YTowOnt9czozOiJuZXciO2E6MDp7fX19', 1618327470),
('mjzZNOF7KKmv8CG6R0agRgdY902pa4NQ8rkD4Qlm', NULL, '106.222.34.67', 'okhttp/4.9.0', 'YTozOntzOjY6Il90b2tlbiI7czo0MDoiZ2p1UFpURkgxSzFPU2o0cWw1Mm9YbXFKaGhjYXVZUklUVDZST0MwSCI7czo5OiJfcHJldmlvdXMiO2E6MTp7czozOiJ1cmwiO3M6MTk6Imh0dHBzOi8vc2hpdm1heC5jb20iO31zOjY6Il9mbGFzaCI7YToyOntzOjM6Im9sZCI7YTowOnt9czozOiJuZXciO2E6MDp7fX19', 1618331076),
('mlLccejE5LqXc4Ad33qBnWcsnDwnxojsF680TNMp', NULL, '49.34.40.201', 'okhttp/4.9.0', 'YTozOntzOjY6Il90b2tlbiI7czo0MDoiUnZ2eE1HNTV4TmY0VUd2eHhoaVpHSzRIWnFNc2ZuU1J6ZXBRdlVWTyI7czo5OiJfcHJldmlvdXMiO2E6MTp7czozOiJ1cmwiO3M6MjU6Imh0dHBzOi8vc2hpdm1heC5jb20vbG9naW4iO31zOjY6Il9mbGFzaCI7YToyOntzOjM6Im9sZCI7YTowOnt9czozOiJuZXciO2E6MDp7fX19', 1618327965),
('mTWchNcje4rTzobNYGZ9Fnx8e88o8BXaLdp6lW4O', NULL, '106.205.225.50', 'okhttp/4.9.0', 'YTozOntzOjY6Il90b2tlbiI7czo0MDoic1JRN2N2eW1XSUx6WXp4U3IwTHUyd281UzhFOGJVd2RKR29vZWRldiI7czo5OiJfcHJldmlvdXMiO2E6MTp7czozOiJ1cmwiO3M6MTk6Imh0dHBzOi8vc2hpdm1heC5jb20iO31zOjY6Il9mbGFzaCI7YToyOntzOjM6Im9sZCI7YTowOnt9czozOiJuZXciO2E6MDp7fX19', 1618332150),
('mUeu3biSp0XH2lJl2NgLX6QNqJLQKY3OgbSusIIW', NULL, '106.205.225.50', 'okhttp/4.9.0', 'YTozOntzOjY6Il90b2tlbiI7czo0MDoiZkQ5eGREcERnalQzSkNCRmR2eEJSaVhaNWFFYnBPMGp1VlNIWmp2aCI7czo5OiJfcHJldmlvdXMiO2E6MTp7czozOiJ1cmwiO3M6MjU6Imh0dHBzOi8vc2hpdm1heC5jb20vbG9naW4iO31zOjY6Il9mbGFzaCI7YToyOntzOjM6Im9sZCI7YTowOnt9czozOiJuZXciO2E6MDp7fX19', 1618332188),
('NwjInhH9pPmdVlvbi9Q1tuQ1Eek0uymQZFCm4Vpp', NULL, '49.33.153.155', 'Mozilla/5.0 (Linux; Android 5.1.1; vivo V3) AppleWebKit/537.36 (KHTML, like Gecko) Chrome/84.0.4147.89 Mobile Safari/537.36', 'YTo0OntzOjY6Il90b2tlbiI7czo0MDoiZlByVVdLM2NKY3hVdWlzWlpuMk13SVJhcWYxdks3Z0Rrd3VKbjhkdyI7czozOiJ1cmwiO2E6MTp7czo4OiJpbnRlbmRlZCI7czozMToiaHR0cHM6Ly9zaGl2bWF4LmNvbS9ib29rL2NyZWF0ZSI7fXM6OToiX3ByZXZpb3VzIjthOjE6e3M6MzoidXJsIjtzOjI1OiJodHRwczovL3NoaXZtYXguY29tL2xvZ2luIjt9czo2OiJfZmxhc2giO2E6Mjp7czozOiJvbGQiO2E6MDp7fXM6MzoibmV3IjthOjA6e319fQ==', 1618328438),
('nyYgJwFQeb4fEDJ0ovdJAUpfGSvke2rOjcvLZRvd', NULL, '49.34.40.201', 'okhttp/4.9.0', 'YTozOntzOjY6Il90b2tlbiI7czo0MDoiQjl4b1RjdFl4Rzk0aHIybHpVT01xOTJIQndINVkya25uS3BrNXFObSI7czo5OiJfcHJldmlvdXMiO2E6MTp7czozOiJ1cmwiO3M6MTk6Imh0dHBzOi8vc2hpdm1heC5jb20iO31zOjY6Il9mbGFzaCI7YToyOntzOjM6Im9sZCI7YTowOnt9czozOiJuZXciO2E6MDp7fX19', 1618327479),
('PgrXE0qbkUM7RTdKFaUjSaplrRkqop0ekOKfldtt', NULL, '49.34.112.132', 'okhttp/4.9.0', 'YTozOntzOjY6Il90b2tlbiI7czo0MDoiT25oSTdzSllKaHU3WnJnYU94UzF1d1llWTc0YWxybmJhU3dVRm8yWSI7czo5OiJfcHJldmlvdXMiO2E6MTp7czozOiJ1cmwiO3M6MTk6Imh0dHBzOi8vc2hpdm1heC5jb20iO31zOjY6Il9mbGFzaCI7YToyOntzOjM6Im9sZCI7YTowOnt9czozOiJuZXciO2E6MDp7fX19', 1618332101),
('PJ85EQyn0cxHHRNvhogknpJrf2GtMAXfGcZuOWpz', NULL, '106.205.225.50', 'okhttp/4.9.0', 'YTozOntzOjY6Il90b2tlbiI7czo0MDoiZ3phdDBoRUFWWjRJVXY2dTlDR2NjNGpqN1Rsb01idEUzVllXZTJtQiI7czo5OiJfcHJldmlvdXMiO2E6MTp7czozOiJ1cmwiO3M6MTk6Imh0dHBzOi8vc2hpdm1heC5jb20iO31zOjY6Il9mbGFzaCI7YToyOntzOjM6Im9sZCI7YTowOnt9czozOiJuZXciO2E6MDp7fX19', 1618332187),
('QE4OFkiuQ9Fek3eo8m16jOdhCTvSYaIDzLUpD5to', NULL, '106.222.34.67', 'okhttp/4.9.0', 'YTozOntzOjY6Il90b2tlbiI7czo0MDoiQjFaT0lzZWJSRUxkQmh4MmlUSGpxZUhoZVV1Sm90RUtxZmF0RE5PWSI7czo5OiJfcHJldmlvdXMiO2E6MTp7czozOiJ1cmwiO3M6MjU6Imh0dHBzOi8vc2hpdm1heC5jb20vbG9naW4iO31zOjY6Il9mbGFzaCI7YToyOntzOjM6Im9sZCI7YTowOnt9czozOiJuZXciO2E6MDp7fX19', 1618331115),
('QvH5vSYH2zDTXeS39ZmbJTi2SJDCgypgGOSQihym', NULL, '49.34.112.132', 'okhttp/4.9.0', 'YTozOntzOjY6Il90b2tlbiI7czo0MDoiUlJNaDNpZmJGd25nWDVnTnpUQnVmRkN1S1FVY3U4UmRZeVJKT2xrSyI7czo5OiJfcHJldmlvdXMiO2E6MTp7czozOiJ1cmwiO3M6MTk6Imh0dHBzOi8vc2hpdm1heC5jb20iO31zOjY6Il9mbGFzaCI7YToyOntzOjM6Im9sZCI7YTowOnt9czozOiJuZXciO2E6MDp7fX19', 1618332291),
('r0j9pw5HEocITGodOshT50tF4TdLHg7aPsCAsmY4', NULL, '106.222.34.67', 'okhttp/4.9.0', 'YTozOntzOjY6Il90b2tlbiI7czo0MDoiVzZhSmRteFp2akJ3V2RHYklLUEtaaVVSRWZZc05mbVFaaEZtb2pTZyI7czo5OiJfcHJldmlvdXMiO2E6MTp7czozOiJ1cmwiO3M6MTk6Imh0dHBzOi8vc2hpdm1heC5jb20iO31zOjY6Il9mbGFzaCI7YToyOntzOjM6Im9sZCI7YTowOnt9czozOiJuZXciO2E6MDp7fX19', 1618331114),
('S1MBrgTWtoPWZ84WrdXJ2rOAvp3SplIgchymQJY0', NULL, '49.34.40.201', 'okhttp/4.9.0', 'YTozOntzOjY6Il90b2tlbiI7czo0MDoidzhBMldmRHNPc2M1TDEyWWQ4SzdqOGNvbkRXeXUzYTFabHpXczRLaCI7czo5OiJfcHJldmlvdXMiO2E6MTp7czozOiJ1cmwiO3M6MTk6Imh0dHBzOi8vc2hpdm1heC5jb20iO31zOjY6Il9mbGFzaCI7YToyOntzOjM6Im9sZCI7YTowOnt9czozOiJuZXciO2E6MDp7fX19', 1618327471),
('SGxdsfOMtLzPeBPeuzkwsR96BdFsc5LRVvRm2zSa', NULL, '49.34.40.201', 'okhttp/4.9.0', 'YTozOntzOjY6Il90b2tlbiI7czo0MDoiMEVKanpsMnF0eFBXTkpXbUlxT0tQY1pLOHhKd3p6NEplRVhuakdXZiI7czo5OiJfcHJldmlvdXMiO2E6MTp7czozOiJ1cmwiO3M6MjU6Imh0dHBzOi8vc2hpdm1heC5jb20vbG9naW4iO31zOjY6Il9mbGFzaCI7YToyOntzOjM6Im9sZCI7YTowOnt9czozOiJuZXciO2E6MDp7fX19', 1618327355),
('t0DRqeu1R6AOAQGiDkQDYBy5Amayu1aoi8F5BYkS', NULL, '106.222.34.67', 'okhttp/4.9.0', 'YTozOntzOjY6Il90b2tlbiI7czo0MDoiOUphc2NGU0ZGVWZvQmtoVDhCcklJM3lvOTlodjNzVjVxT04ydWN4SCI7czo5OiJfcHJldmlvdXMiO2E6MTp7czozOiJ1cmwiO3M6MTk6Imh0dHBzOi8vc2hpdm1heC5jb20iO31zOjY6Il9mbGFzaCI7YToyOntzOjM6Im9sZCI7YTowOnt9czozOiJuZXciO2E6MDp7fX19', 1618331077),
('T18KEXzdsihg3dA7Lx2EiTwBL0LfplYNRmxDgtaV', NULL, '106.205.225.50', 'okhttp/4.9.0', 'YTozOntzOjY6Il90b2tlbiI7czo0MDoiNHdTMkFyR01YTkt3ZWpXbFIySHNEZ01BNXRxdnNWUkdnYk1PUTdRUCI7czo5OiJfcHJldmlvdXMiO2E6MTp7czozOiJ1cmwiO3M6MTk6Imh0dHBzOi8vc2hpdm1heC5jb20iO31zOjY6Il9mbGFzaCI7YToyOntzOjM6Im9sZCI7YTowOnt9czozOiJuZXciO2E6MDp7fX19', 1618332295),
('T6NsMyNURqUksXLhmWMEja1MehnbYOGMX6nUTfkT', NULL, '106.205.225.50', 'okhttp/4.9.0', 'YTozOntzOjY6Il90b2tlbiI7czo0MDoiRGJ4cFVEZ0xaQVhzOXhsZG1lMFdWWjZqRGtFRW5NMjA0YUM3VlFqTCI7czo5OiJfcHJldmlvdXMiO2E6MTp7czozOiJ1cmwiO3M6MTk6Imh0dHBzOi8vc2hpdm1heC5jb20iO31zOjY6Il9mbGFzaCI7YToyOntzOjM6Im9sZCI7YTowOnt9czozOiJuZXciO2E6MDp7fX19', 1618332295),
('tewWB81zdJIp6eo1Vw6yXgG6NCS6dT3MBcluaP5h', NULL, '49.34.40.201', 'okhttp/4.9.0', 'YTozOntzOjY6Il90b2tlbiI7czo0MDoiVk9VMnFZMmxub1BWUDd5MWpCVjhkQnF4SXZPYVNmaXREendlRHNxUCI7czo5OiJfcHJldmlvdXMiO2E6MTp7czozOiJ1cmwiO3M6MTk6Imh0dHBzOi8vc2hpdm1heC5jb20iO31zOjY6Il9mbGFzaCI7YToyOntzOjM6Im9sZCI7YTowOnt9czozOiJuZXciO2E6MDp7fX19', 1618327965),
('U1JypZGEpHqjN4Mn1BElUXbcMOytnsdMUQCLDmYp', NULL, '106.205.225.50', 'okhttp/4.9.0', 'YTozOntzOjY6Il90b2tlbiI7czo0MDoiaVh3ZkcxWGlMTm9lR3hxdzd6a05KUGh6WXBBalFNaEFyRTJXY0hRSSI7czo5OiJfcHJldmlvdXMiO2E6MTp7czozOiJ1cmwiO3M6MjU6Imh0dHBzOi8vc2hpdm1heC5jb20vbG9naW4iO31zOjY6Il9mbGFzaCI7YToyOntzOjM6Im9sZCI7YTowOnt9czozOiJuZXciO2E6MDp7fX19', 1618332296),
('uC1QORvkYiILqzJHZEYGXOleXTpMHUJUmS3UFoQv', NULL, '49.34.40.201', 'okhttp/4.9.0', 'YTozOntzOjY6Il90b2tlbiI7czo0MDoiRFM2NEVxczZUSEtOaFJoVVlUa0dRTlVhSVl1NlBNa0ZwQzRrUkR3WSI7czo5OiJfcHJldmlvdXMiO2E6MTp7czozOiJ1cmwiO3M6MTk6Imh0dHBzOi8vc2hpdm1heC5jb20iO31zOjY6Il9mbGFzaCI7YToyOntzOjM6Im9sZCI7YTowOnt9czozOiJuZXciO2E6MDp7fX19', 1618331080),
('WixWQRZfmztyKHubijEELfnuUOzLreJnSbnSrmoi', NULL, '49.34.112.132', 'okhttp/4.9.0', 'YTozOntzOjY6Il90b2tlbiI7czo0MDoiRTZrQTRrUzZLVGYzbHdnZ1g1aTNrSFh2ZmlQN1B0VVdYWUVhTVFCRSI7czo5OiJfcHJldmlvdXMiO2E6MTp7czozOiJ1cmwiO3M6MjU6Imh0dHBzOi8vc2hpdm1heC5jb20vbG9naW4iO31zOjY6Il9mbGFzaCI7YToyOntzOjM6Im9sZCI7YTowOnt9czozOiJuZXciO2E6MDp7fX19', 1618332101),
('WUYmTLUEewEKzgeBHIT6duipKSwMZVuNi2CMhqlW', NULL, '49.34.40.201', 'okhttp/4.9.0', 'YTozOntzOjY6Il90b2tlbiI7czo0MDoidXZ3VjNCeVlkdDhxTXc1Y0k3RVFyWnk4cFRDbWNpU2Y4MHhDUWEzZSI7czo5OiJfcHJldmlvdXMiO2E6MTp7czozOiJ1cmwiO3M6MjU6Imh0dHBzOi8vc2hpdm1heC5jb20vbG9naW4iO31zOjY6Il9mbGFzaCI7YToyOntzOjM6Im9sZCI7YTowOnt9czozOiJuZXciO2E6MDp7fX19', 1618331079),
('XjUrImfzYintaxb9mXtGvP7hvhBaOpPpsmZ2b3RN', NULL, '106.222.34.67', 'okhttp/4.9.0', 'YTozOntzOjY6Il90b2tlbiI7czo0MDoiaEtyZEpOaDMzUXBSZ1pES0tXbTA1bGwyMm54YmQwUkIwZE56RWtMMCI7czo5OiJfcHJldmlvdXMiO2E6MTp7czozOiJ1cmwiO3M6MTk6Imh0dHBzOi8vc2hpdm1heC5jb20iO31zOjY6Il9mbGFzaCI7YToyOntzOjM6Im9sZCI7YTowOnt9czozOiJuZXciO2E6MDp7fX19', 1618331115),
('y07n5H9Ho6gboAVm5BvqwcRNqddSTwKAp5t8ibN6', NULL, '49.34.40.201', 'okhttp/4.9.0', 'YTozOntzOjY6Il90b2tlbiI7czo0MDoiMTBId0RqamZ4ZWFSNkg3dnRDVHVpVHUxeTVBMnhpSFBGWnB2bDJGdyI7czo5OiJfcHJldmlvdXMiO2E6MTp7czozOiJ1cmwiO3M6MjU6Imh0dHBzOi8vc2hpdm1heC5jb20vbG9naW4iO31zOjY6Il9mbGFzaCI7YToyOntzOjM6Im9sZCI7YTowOnt9czozOiJuZXciO2E6MDp7fX19', 1618327471),
('zaOwAlocIvbVukVkQXavrEsRsr1tbayPO5uljQsv', NULL, '106.222.34.67', 'okhttp/4.9.0', 'YTozOntzOjY6Il90b2tlbiI7czo0MDoiZVE3QjVtYlFTYnVQYjVyd2dXb09oZVQ1OUZtQzJXcU5pNzBlcVRGRiI7czo5OiJfcHJldmlvdXMiO2E6MTp7czozOiJ1cmwiO3M6MjU6Imh0dHBzOi8vc2hpdm1heC5jb20vbG9naW4iO31zOjY6Il9mbGFzaCI7YToyOntzOjM6Im9sZCI7YTowOnt9czozOiJuZXciO2E6MDp7fX19', 1618331076),
('zDlukCvggBLscPMMgJNMPTJMcHhFwHumec2VErZ7', NULL, '106.205.225.50', 'okhttp/4.9.0', 'YTozOntzOjY6Il90b2tlbiI7czo0MDoia0pYTDFZc3JXR1A3RVBibFhVZjQycE56T3VtN1RuN3hydWQ4TlZObiI7czo5OiJfcHJldmlvdXMiO2E6MTp7czozOiJ1cmwiO3M6MjU6Imh0dHBzOi8vc2hpdm1heC5jb20vbG9naW4iO31zOjY6Il9mbGFzaCI7YToyOntzOjM6Im9sZCI7YTowOnt9czozOiJuZXciO2E6MDp7fX19', 1618332295);

-- --------------------------------------------------------

--
-- Table structure for table `sliders`
--

CREATE TABLE `sliders` (
  `id` bigint UNSIGNED NOT NULL,
  `area` varchar(255) CHARACTER SET utf8mb4 COLLATE utf8mb4_unicode_ci DEFAULT NULL,
  `image` varchar(500) CHARACTER SET utf8mb4 COLLATE utf8mb4_unicode_ci DEFAULT NULL,
  `url` varchar(500) CHARACTER SET utf8mb4 COLLATE utf8mb4_unicode_ci DEFAULT NULL,
  `text` varchar(255) CHARACTER SET utf8mb4 COLLATE utf8mb4_unicode_ci DEFAULT NULL,
  `order` int NOT NULL,
  `status` enum('Active','Inactive','Deleted') CHARACTER SET utf8mb4 COLLATE utf8mb4_unicode_ci DEFAULT 'Active',
  `created_at` timestamp NULL DEFAULT NULL,
  `updated_at` timestamp NULL DEFAULT NULL
) ENGINE=InnoDB DEFAULT CHARSET=utf8mb4 COLLATE=utf8mb4_unicode_ci;

--
-- Dumping data for table `sliders`
--

INSERT INTO `sliders` (`id`, `area`, `image`, `url`, `text`, `order`, `status`, `created_at`, `updated_at`) VALUES
(1, 'GSEB Website', '2074465503.jpg', 'https://www.gseb.org', 'Gujarat Secondary and Higher Secondary Education Board', 1, 'Active', '2021-02-15 05:23:52', '2021-03-28 17:39:37'),
(2, 'CBSE Website', '2084207696.jpg', 'https://www.cbse.gov.in', 'Central Board of Secondary Education', 2, 'Active', '2021-02-15 05:24:07', '2021-03-28 17:39:18'),
(3, 'ICSE Website', '1497699240.jpg', 'https://www.cisce.org', 'Indian Certificate 0f Secondary Education', 3, 'Active', '2021-04-07 18:10:13', '2021-04-07 18:10:13');

-- --------------------------------------------------------

--
-- Table structure for table `solutions`
--

CREATE TABLE `solutions` (
  `id` bigint UNSIGNED NOT NULL,
  `board_id` int NOT NULL DEFAULT '0',
  `medium_id` int NOT NULL DEFAULT '0',
  `standard_id` int NOT NULL DEFAULT '0',
  `semester_id` int NOT NULL DEFAULT '0',
  `subject_id` int NOT NULL DEFAULT '0',
  `unit_id` bigint UNSIGNED NOT NULL,
  `user_id` bigint UNSIGNED NOT NULL,
  `question` text CHARACTER SET utf8mb4 COLLATE utf8mb4_unicode_ci,
  `answer` text CHARACTER SET utf8mb4 COLLATE utf8mb4_unicode_ci,
  `marks` varchar(255) CHARACTER SET utf8mb4 COLLATE utf8mb4_unicode_ci DEFAULT NULL,
  `image` text CHARACTER SET utf8mb4 COLLATE utf8mb4_unicode_ci,
  `label` varchar(255) CHARACTER SET utf8mb4 COLLATE utf8mb4_unicode_ci DEFAULT NULL,
  `question_type` int NOT NULL DEFAULT '0',
  `level` varchar(50) CHARACTER SET utf8mb4 COLLATE utf8mb4_unicode_ci DEFAULT NULL,
  `status` enum('Active','Inactive','Deleted') CHARACTER SET utf8mb4 COLLATE utf8mb4_unicode_ci DEFAULT 'Active',
  `order_no` int NOT NULL DEFAULT '0',
  `created_at` timestamp NULL DEFAULT NULL,
  `updated_at` timestamp NULL DEFAULT NULL
) ENGINE=InnoDB DEFAULT CHARSET=utf8mb4 COLLATE=utf8mb4_unicode_ci;

-- --------------------------------------------------------

--
-- Table structure for table `solution_material_counts`
--

CREATE TABLE `solution_material_counts` (
  `id` int NOT NULL,
  `type_id` int NOT NULL DEFAULT '0',
  `user_id` int NOT NULL DEFAULT '0',
  `whatsapp_count` int NOT NULL DEFAULT '0',
  `share_count` int NOT NULL DEFAULT '0',
  `show_count` int NOT NULL DEFAULT '0',
  `created_at` timestamp NULL DEFAULT NULL,
  `updated_at` timestamp NULL DEFAULT NULL
) ENGINE=InnoDB DEFAULT CHARSET=utf8mb4 COLLATE=utf8mb4_0900_ai_ci;

-- --------------------------------------------------------

--
-- Table structure for table `standards`
--

CREATE TABLE `standards` (
  `id` bigint UNSIGNED NOT NULL,
  `board_id` bigint UNSIGNED NOT NULL,
  `medium_id` int NOT NULL DEFAULT '0',
  `standard` varchar(255) CHARACTER SET utf8mb4 COLLATE utf8mb4_unicode_ci DEFAULT NULL,
  `section` varchar(255) CHARACTER SET utf8mb4 COLLATE utf8mb4_unicode_ci DEFAULT NULL,
  `semester` varchar(500) CHARACTER SET utf8mb4 COLLATE utf8mb4_unicode_ci DEFAULT NULL,
  `thumbnail` varchar(500) CHARACTER SET utf8mb4 COLLATE utf8mb4_unicode_ci DEFAULT NULL,
  `status` enum('Active','Inactive','Deleted') CHARACTER SET utf8mb4 COLLATE utf8mb4_unicode_ci DEFAULT 'Active',
  `order_no` int NOT NULL DEFAULT '0',
  `created_at` timestamp NULL DEFAULT NULL,
  `updated_at` timestamp NULL DEFAULT NULL
) ENGINE=InnoDB DEFAULT CHARSET=utf8mb4 COLLATE=utf8mb4_unicode_ci;

--
-- Dumping data for table `standards`
--

INSERT INTO `standards` (`id`, `board_id`, `medium_id`, `standard`, `section`, `semester`, `thumbnail`, `status`, `order_no`, `created_at`, `updated_at`) VALUES
(1, 1, 1, '1', 'Primary Section - પ્રાથમિક વિભાગ', NULL, '213961760.png', 'Deleted', 0, '2021-02-15 05:07:05', '2021-03-17 11:02:24'),
(2, 1, 1, '2', 'Primary Section - પ્રાથમિક વિભાગ', NULL, '977141639.png', 'Deleted', 0, '2021-02-15 05:07:13', '2021-03-17 11:02:31'),
(3, 1, 1, '3', 'Primary Section - પ્રાથમિક વિભાગ', NULL, '1394235464.png', 'Deleted', 0, '2021-02-15 05:07:21', '2021-03-17 11:02:37'),
(4, 1, 1, '4', 'Primary Section - પ્રાથમિક વિભાગ', NULL, '1940217543.png', 'Deleted', 0, '2021-02-15 05:07:31', '2021-03-17 11:02:43'),
(5, 1, 1, '6', 'Upper Primary  Section - ઉચ્ચ પ્રાથમિક વિભાગ', NULL, '1940217543.png', 'Deleted', 0, '2021-02-15 05:07:31', '2021-03-17 11:02:51'),
(6, 1, 1, '7', 'Upper Primary  Section - ઉચ્ચ પ્રાથમિક વિભાગ', NULL, '666678929.jpg', 'Deleted', 0, '2021-03-17 10:51:03', '2021-03-17 11:03:39'),
(7, 1, 1, '8', 'Upper Primary  Section - ઉચ્ચ પ્રાથમિક વિભાગ', NULL, '422194582.jpg', 'Deleted', 0, '2021-03-17 10:52:14', '2021-03-17 11:03:33'),
(8, 1, 1, '5', 'Primary  Section - પ્રાથમિક વિભાગ', NULL, '618019218.jpg', 'Deleted', 0, '2021-03-17 10:53:15', '2021-03-17 10:54:24'),
(9, 1, 1, '5', 'Primary  Section - પ્રાથમિક વિભાગ', NULL, '168498238.jpg', 'Deleted', 0, '2021-03-17 10:53:17', '2021-03-17 11:03:27'),
(10, 5, 6, '૧', 'PRIMARY SECTION  - પ્રાથમિક વિભાગ', NULL, '1717681708.jpg', 'Active', 1, '2021-03-17 12:22:29', '2021-04-06 17:25:31'),
(11, 5, 6, '૨', 'PRIMARY SECTION  - પ્રાથમિક વિભાગ', NULL, '579118323.jpg', 'Active', 2, '2021-03-17 12:22:48', '2021-04-06 17:25:31'),
(12, 5, 6, '૩', 'PRIMARY SECTION  - પ્રાથમિક વિભાગ', NULL, '1916791119.jpg', 'Active', 3, '2021-03-17 12:23:03', '2021-04-06 17:25:31'),
(13, 5, 6, '૪', 'PRIMARY SECTION  - પ્રાથમિક વિભાગ', NULL, '1352714728.jpg', 'Active', 4, '2021-03-17 12:23:21', '2021-04-06 17:25:31'),
(14, 5, 6, '૫', 'PRIMARY SECTION  - પ્રાથમિક વિભાગ', NULL, '1106445157.jpg', 'Active', 5, '2021-03-17 12:23:39', '2021-04-06 17:25:31'),
(15, 5, 6, '૬', 'UPPER PRIMARY SECTION  - ઉચ્ચ પ્રાથમિક વિભાગ', NULL, '478556936.jpg', 'Active', 6, '2021-03-17 12:27:57', '2021-04-06 17:25:31'),
(16, 5, 6, '૭', 'UPPER PRIMARY SECTION  - ઉચ્ચ પ્રાથમિક વિભાગ', NULL, '2140935272.jpg', 'Active', 7, '2021-03-17 12:28:17', '2021-04-06 17:25:31'),
(17, 5, 6, '૮', 'UPPER PRIMARY SECTION  - ઉચ્ચ પ્રાથમિક વિભાગ', NULL, '1714756719.jpg', 'Active', 8, '2021-03-17 12:28:33', '2021-04-06 17:25:31'),
(18, 5, 6, '૯', 'SECONDARY SECTION  - માધ્યમિક વિભાગ', NULL, '184248836.jpg', 'Active', 9, '2021-03-17 12:31:12', '2021-04-06 17:25:31'),
(19, 5, 6, '૧૦', 'SECONDARY SECTION  - માધ્યમિક વિભાગ', NULL, '933768889.jpg', 'Active', 10, '2021-03-17 12:32:11', '2021-04-06 17:25:31'),
(20, 5, 6, '૧૧', 'HIGHER  SECONDARY  SECTION  - ઉચ્ચત્તર માધ્યમિક વિભાગ', NULL, '1421590382.jpg', 'Active', 11, '2021-03-17 13:19:06', '2021-04-12 08:10:07'),
(21, 5, 6, '૧૨', 'HIGHER  SECONDARY  SECTION  - ઉચ્ચત્તર માધ્યમિક વિભાગ', NULL, '184211467.jpg', 'Active', 12, '2021-03-17 13:22:29', '2021-04-06 17:25:31'),
(22, 5, 7, '1', 'PRIMARY SECTION  -  प्राथमिक विभाग', NULL, '256557376.jpg', 'Active', 13, '2021-03-17 13:59:41', '2021-04-06 17:25:31'),
(23, 5, 7, '2', 'PRIMARY SECTION  -  प्राथमिक विभाग', NULL, '240079595.jpg', 'Active', 14, '2021-03-17 14:00:08', '2021-04-06 17:25:31'),
(24, 5, 7, '3', 'PRIMARY SECTION  -  प्राथमिक विभाग', NULL, '1018746283.jpg', 'Active', 15, '2021-03-17 14:00:27', '2021-04-06 17:25:31'),
(25, 5, 7, '4', 'PRIMARY SECTION  -  प्राथमिक विभाग', NULL, '1538055758.jpg', 'Active', 16, '2021-03-17 14:00:46', '2021-04-06 17:25:31'),
(26, 5, 7, '5', 'PRIMARY SECTION  -  प्राथमिक विभाग', NULL, '1443206910.jpg', 'Active', 17, '2021-03-17 14:01:03', '2021-04-06 17:25:31'),
(27, 5, 7, '6', 'UPPER PRIMARY  SECTION   -  उच्च प्राथमिक विभाग', NULL, '1484366924.jpg', 'Active', 18, '2021-03-17 14:03:03', '2021-04-06 17:25:31'),
(28, 5, 7, '7', 'UPPER PRIMARY  SECTION   -  उच्च प्राथमिक विभाग', NULL, '1990808362.jpg', 'Active', 19, '2021-03-17 14:03:29', '2021-04-06 17:25:31'),
(29, 5, 7, '8', 'UPPER PRIMARY  SECTION   -  उच्च प्राथमिक विभाग', NULL, '1403986599.jpg', 'Active', 20, '2021-03-17 14:03:47', '2021-04-06 17:25:31'),
(30, 5, 7, '9', 'SECONDARY SECTION  - माध्यमिक विभाग', NULL, '442270728.jpg', 'Active', 21, '2021-03-17 14:07:53', '2021-04-06 17:25:31'),
(31, 5, 7, '10', 'SECONDARY SECTION  - माध्यमिक विभाग', NULL, '304273522.jpg', 'Active', 22, '2021-03-17 14:08:12', '2021-04-06 17:25:31'),
(32, 5, 7, '11', 'HIGHER SECONDARY SECTION  -  उच्चत्तर माध्यमिक विभाग', NULL, '2097250993.jpg', 'Active', 23, '2021-03-17 14:08:30', '2021-04-06 17:25:31'),
(33, 5, 7, '12', 'HIGHER SECONDARY SECTION  -  उच्चत्तर माध्यमिक विभाग', NULL, '112718504.jpg', 'Active', 24, '2021-03-17 14:08:49', '2021-04-06 17:25:31'),
(34, 5, 8, '१', 'PRIMARY SECTION  -  प्राथमिक विभाग', NULL, '1093303709.jpg', 'Active', 25, '2021-03-17 14:13:19', '2021-04-06 17:25:31'),
(35, 5, 8, '२', 'PRIMARY SECTION  -  प्राथमिक विभाग', NULL, '225440889.jpg', 'Active', 26, '2021-03-17 14:13:36', '2021-04-06 17:25:31'),
(36, 5, 8, '३', 'PRIMARY SECTION  -  प्राथमिक विभाग', NULL, '438263063.jpg', 'Active', 27, '2021-03-17 14:13:53', '2021-04-06 17:25:31'),
(37, 5, 8, '४', 'PRIMARY SECTION  -  प्राथमिक विभाग', NULL, '1184323296.jpg', 'Active', 28, '2021-03-17 14:14:17', '2021-04-06 17:25:31'),
(38, 5, 8, '५', 'PRIMARY SECTION  -  प्राथमिक विभाग', NULL, '385535371.jpg', 'Active', 29, '2021-03-17 14:14:36', '2021-04-06 17:25:31'),
(39, 5, 8, '६', 'UPPER PRIMARY  SECTION   -  उच्च प्राथमिक विभाग', NULL, '1461202096.jpg', 'Active', 30, '2021-03-17 14:16:16', '2021-04-06 17:25:31'),
(40, 5, 8, '७', 'UPPER PRIMARY  SECTION   -  उच्च प्राथमिक विभाग', NULL, '1223593159.jpg', 'Active', 31, '2021-03-17 14:16:35', '2021-04-06 17:25:31'),
(41, 5, 8, '८', 'UPPER PRIMARY  SECTION   -  उच्च प्राथमिक विभाग', NULL, '403571743.jpg', 'Active', 32, '2021-03-17 14:17:28', '2021-04-06 17:25:31'),
(42, 5, 8, '९', 'SECONDARY SECTION  - माध्यमिक विभाग', NULL, '1865376342.jpg', 'Active', 33, '2021-03-17 14:18:41', '2021-04-06 17:25:31'),
(43, 5, 8, '१०', 'SECONDARY SECTION  - माध्यमिक विभाग', NULL, '1179594622.jpg', 'Active', 34, '2021-03-17 14:18:58', '2021-04-06 17:25:31'),
(44, 5, 8, '११', 'HIGHER SECONDARY SECTION  - उच्चत्तर माध्यमिक विभाग', NULL, '1384408060.jpg', 'Active', 35, '2021-03-17 14:19:16', '2021-04-06 17:25:31'),
(45, 5, 8, '१२', 'HIGHER SECONDARY SECTION  - उच्चत्तर माध्यमिक विभाग', NULL, '178993912.jpg', 'Active', 36, '2021-03-17 14:19:34', '2021-04-06 17:25:31'),
(46, 5, 9, '१', 'PRIMARY SECTION  -  प्राथमिक विभाग', NULL, '1225363535.jpg', 'Active', 37, '2021-03-17 14:21:34', '2021-04-06 17:25:31'),
(47, 5, 9, '२', 'PRIMARY SECTION  -  प्राथमिक विभाग', NULL, '723880279.jpg', 'Active', 38, '2021-03-17 14:21:47', '2021-04-06 17:25:31'),
(48, 5, 9, '३', 'PRIMARY SECTION  -  प्राथमिक विभाग', NULL, '1271252213.jpg', 'Active', 39, '2021-03-17 14:22:01', '2021-04-06 17:25:31'),
(49, 5, 9, '४', 'PRIMARY SECTION  -  प्राथमिक विभाग', NULL, '1567862721.jpg', 'Active', 40, '2021-03-17 14:22:15', '2021-04-06 17:25:31'),
(50, 5, 9, '५', 'PRIMARY SECTION  -  प्राथमिक विभाग', NULL, '1147985103.jpg', 'Active', 41, '2021-03-17 14:22:26', '2021-04-06 17:25:31'),
(51, 5, 9, '६', 'UPPER PRIMARY  SECTION   -  उच्च प्राथमिक विभाग', NULL, '1497866019.jpg', 'Active', 42, '2021-03-17 14:23:17', '2021-04-06 17:25:31'),
(52, 5, 9, '७', 'UPPER PRIMARY  SECTION   -  उच्च प्राथमिक विभाग', NULL, '1399272192.jpg', 'Active', 43, '2021-03-17 14:23:31', '2021-04-06 17:25:31'),
(53, 5, 9, '८', 'UPPER PRIMARY  SECTION   -  उच्च प्राथमिक विभाग', NULL, '1787422169.jpg', 'Active', 44, '2021-03-17 14:23:47', '2021-04-06 17:25:31'),
(54, 5, 9, '९', 'SECONDARY SECTION  - माध्यमिक विभाग', NULL, '1343409484.jpg', 'Active', 45, '2021-03-17 14:25:04', '2021-04-06 17:25:31'),
(55, 5, 9, '१०', 'SECONDARY SECTION  - माध्यमिक विभाग', NULL, '480916002.jpg', 'Active', 46, '2021-03-17 14:25:18', '2021-04-06 17:25:31'),
(56, 5, 9, '११', 'HIGHER SECONDARY SECTION  - उच्चत्तर माध्यमिक विभाग', NULL, '1462496438.jpg', 'Active', 47, '2021-03-17 14:27:44', '2021-04-06 17:25:31'),
(57, 5, 9, '१२', 'HIGHER SECONDARY SECTION  - उच्चत्तर माध्यमिक विभाग', NULL, '919075535.jpg', 'Active', 48, '2021-03-17 14:27:57', '2021-04-06 17:25:31'),
(58, 5, 10, '١ = اک = 1', 'PRIMARY SECTION  - پرتھمک  وبھگ', NULL, '503113044.jpg', 'Active', 49, '2021-03-17 14:39:39', '2021-04-06 17:25:31'),
(59, 5, 10, '٢ = دو = 2', 'PRIMARY SECTION  - پرتھمک  وبھگ', NULL, '1200854133.jpg', 'Active', 50, '2021-03-17 14:40:43', '2021-04-06 17:25:31'),
(60, 5, 10, '٣ = ٹن = 3', 'PRIMARY SECTION  - پرتھمک  وبھگ', NULL, '1690201110.jpg', 'Active', 51, '2021-03-17 14:41:30', '2021-04-06 17:25:31'),
(61, 5, 10, '٤ = چار = 4', 'PRIMARY SECTION  - پرتھمک  وبھگ', NULL, '853721875.jpg', 'Active', 52, '2021-03-17 14:42:11', '2021-04-06 17:25:31'),
(62, 5, 10, '٥ = پانچ = 5', 'PRIMARY SECTION  - پرتھمک  وبھگ', NULL, '1442158292.jpg', 'Active', 53, '2021-03-17 14:43:06', '2021-04-06 17:25:31'),
(63, 5, 10, '٦ = چھ = 6', 'UPPER PRIMARY SECTION  - اچھ  پرتھمک   وبھگ', NULL, '427309770.jpg', 'Active', 54, '2021-03-17 14:46:14', '2021-04-06 17:25:31'),
(64, 5, 10, '٧ = سات = 7', 'UPPER PRIMARY SECTION  - اچھ  پرتھمک   وبھگ', NULL, '1264865346.jpg', 'Active', 55, '2021-03-17 14:46:59', '2021-04-06 17:25:31'),
(65, 5, 10, '٨ = آٹھ = 8', 'UPPER PRIMARY SECTION  - اچھ  پرتھمک   وبھگ', NULL, '1302756795.jpg', 'Active', 56, '2021-03-17 14:47:46', '2021-04-06 17:25:31'),
(66, 5, 10, '٩ = نو = 9', 'SECONDARY  SECTION  - مدھیمک  وبھگ', NULL, '1006353313.jpg', 'Active', 57, '2021-03-17 14:51:39', '2021-04-06 17:25:31'),
(67, 5, 10, '١٠ = دس = 10', 'SECONDARY  SECTION  - مدھیمک  وبھگ', NULL, '1291315634.jpg', 'Active', 58, '2021-03-17 14:52:27', '2021-04-06 17:25:31'),
(68, 5, 10, '١١ = گیارہ = 11', 'HIGHER SECONDARY  SECTION  - اچھ  مدھیمک  وبھگ', NULL, '1768460392.jpg', 'Active', 59, '2021-03-17 14:57:27', '2021-04-06 17:25:31'),
(69, 5, 10, '١٢ = بارہ = 12', 'HIGHER SECONDARY  SECTION  - اچھ  مدھیمک  وبھگ', NULL, '509743185.jpg', 'Active', 60, '2021-03-17 14:58:04', '2021-04-06 17:25:31'),
(70, 5, 11, '1', 'PRIMARY SECTION  - پراتهمڳڪ  ڀڳبهاگ', NULL, '422120175.jpg', 'Active', 61, '2021-03-17 15:01:25', '2021-04-06 17:25:31'),
(71, 5, 11, '2', 'PRIMARY SECTION  - پراتهمڳڪ  ڀڳبهاگ', NULL, '1404535472.jpg', 'Active', 62, '2021-03-17 15:01:42', '2021-04-06 17:25:31'),
(72, 5, 11, '3', 'PRIMARY SECTION  - پراتهمڳڪ  ڀڳبهاگ', NULL, '65706023.jpg', 'Active', 63, '2021-03-17 15:01:56', '2021-04-06 17:25:31'),
(73, 5, 11, '4', 'PRIMARY SECTION  - پراتهمڳڪ  ڀڳبهاگ', NULL, '1458596832.jpg', 'Active', 64, '2021-03-17 15:02:11', '2021-04-06 17:25:31'),
(74, 5, 11, '5', 'PRIMARY SECTION  - پراتهمڳڪ  ڀڳبهاگ', NULL, '224434682.jpg', 'Active', 65, '2021-03-17 15:02:23', '2021-04-06 17:25:31'),
(75, 5, 11, '6', 'UPPER PRIMARY SECTION  - عطهه  پراتهمڳڪ  ڀڳبهاگ', NULL, '893563841.jpg', 'Active', 66, '2021-03-17 15:03:28', '2021-04-06 17:25:31'),
(76, 5, 11, '7', 'UPPER PRIMARY SECTION  - عطهه  پراتهمڳڪ  ڀڳبهاگ', NULL, '1870717354.jpg', 'Active', 67, '2021-03-17 15:03:41', '2021-04-06 17:25:31'),
(77, 5, 11, '8', 'UPPER PRIMARY SECTION  - عطهه  پراتهمڳڪ  ڀڳبهاگ', NULL, '1183887401.jpg', 'Active', 68, '2021-03-17 15:03:55', '2021-04-06 17:25:31'),
(78, 5, 11, '9', 'SECONDARY SECTION  - مادهٿمڳڪ  ڀڳبهاگ', NULL, '827194907.jpg', 'Active', 69, '2021-03-17 15:04:49', '2021-04-06 17:25:31'),
(79, 5, 11, '10', 'SECONDARY SECTION  - مادهٿمڳڪ  ڀڳبهاگ', NULL, '796359013.jpg', 'Active', 70, '2021-03-17 15:05:08', '2021-04-06 17:25:31'),
(80, 5, 11, '11', 'HIGHER SECONDARY SECTION  - عطههاتار  مادهٿمڳڪ  ڀڳبهاگ', NULL, '27604786.jpg', 'Active', 71, '2021-03-17 15:06:20', '2021-04-06 17:25:31'),
(81, 5, 11, '12', 'HIGHER SECONDARY SECTION  - عطههاتار  مادهٿمڳڪ  ڀڳبهاگ', NULL, '1348455191.jpg', 'Active', 72, '2021-03-17 15:06:33', '2021-04-06 17:25:31'),
(82, 5, 12, '१', 'PRIMARY SECTION  -  प्राथमिक विभाग', NULL, '1727767830.jpg', 'Active', 73, '2021-03-17 15:08:26', '2021-04-06 17:25:31'),
(83, 5, 12, '२', 'PRIMARY SECTION  -  प्राथमिक विभाग', NULL, '1629970481.jpg', 'Active', 74, '2021-03-17 15:08:46', '2021-04-06 17:25:31'),
(84, 5, 12, '३', 'PRIMARY SECTION  -  प्राथमिक विभाग', NULL, '2015331817.jpg', 'Active', 75, '2021-03-17 15:09:03', '2021-04-06 17:25:31'),
(85, 5, 12, '४', 'PRIMARY SECTION  -  प्राथमिक विभाग', NULL, '707276756.jpg', 'Active', 76, '2021-03-17 15:09:19', '2021-04-06 17:25:31'),
(86, 5, 12, '५', 'PRIMARY SECTION  -  प्राथमिक विभाग', NULL, '1669850069.jpg', 'Active', 77, '2021-03-17 15:09:45', '2021-04-06 17:25:31'),
(87, 5, 12, '६', 'UPPER PRIMARY  SECTION   -  उच्च प्राथमिक विभाग', NULL, '133658818.jpg', 'Active', 78, '2021-03-17 15:11:28', '2021-04-06 17:25:31'),
(88, 5, 12, '७', 'UPPER PRIMARY  SECTION   -  उच्च प्राथमिक विभाग', NULL, '326111178.jpg', 'Active', 79, '2021-03-17 15:11:44', '2021-04-06 17:25:31'),
(89, 5, 12, '८', 'UPPER PRIMARY  SECTION   -  उच्च प्राथमिक विभाग', NULL, '2077434224.jpg', 'Active', 80, '2021-03-17 15:12:01', '2021-04-06 17:25:31'),
(90, 5, 12, '९', 'SECONDARY SECTION  - माध्यमिक विभाग', NULL, '221707887.jpg', 'Active', 81, '2021-03-17 15:13:13', '2021-04-06 17:25:31'),
(91, 5, 12, '१०', 'SECONDARY SECTION  - माध्यमिक विभाग', NULL, '1408007459.jpg', 'Active', 82, '2021-03-17 15:13:31', '2021-04-06 17:25:31'),
(92, 5, 12, '११', 'HIGHER SECONDARY SECTION  -  उच्चत्तर माध्यमिक विभाग', NULL, '687952383.jpg', 'Active', 83, '2021-03-17 15:15:39', '2021-04-06 17:25:31'),
(93, 5, 12, '१२', 'HIGHER SECONDARY SECTION  -  उच्चत्तर माध्यमिक विभाग', NULL, '1514904392.jpg', 'Active', 84, '2021-03-17 15:15:58', '2021-04-06 17:25:31'),
(94, 6, 13, '1', 'PRIMARY SECTION  -  प्राथमिक विभाग', NULL, '1571692017.jpg', 'Active', 85, '2021-03-17 15:20:54', '2021-04-06 17:25:31'),
(95, 6, 13, '2', 'PRIMARY SECTION  -  प्राथमिक विभाग', NULL, '1851021845.jpg', 'Active', 86, '2021-03-17 15:21:11', '2021-04-06 17:25:31'),
(96, 6, 13, '3', 'PRIMARY SECTION  -  प्राथमिक विभाग', NULL, '1058571795.jpg', 'Active', 87, '2021-03-17 15:21:27', '2021-04-06 17:25:31'),
(97, 6, 13, '4', 'PRIMARY SECTION  -  प्राथमिक विभाग', NULL, '858244388.jpg', 'Active', 88, '2021-03-17 15:21:40', '2021-04-06 17:25:31'),
(98, 6, 13, '5', 'PRIMARY SECTION  -  प्राथमिक विभाग', NULL, '747610518.jpg', 'Active', 89, '2021-03-17 15:21:55', '2021-04-06 17:25:31'),
(99, 6, 13, '6', 'UPPER PRIMARY  SECTION  -  उच्च प्राथमिक विभाग', NULL, '1757135188.jpg', 'Active', 90, '2021-03-17 15:23:01', '2021-04-06 17:25:31'),
(100, 6, 13, '7', 'UPPER PRIMARY  SECTION   -  उच्च प्राथमिक विभाग', NULL, '1346271471.jpg', 'Active', 91, '2021-03-17 15:23:15', '2021-04-06 17:25:32'),
(101, 6, 13, '8', 'UPPER PRIMARY  SECTION   -  उच्च प्राथमिक विभाग', NULL, '1785505576.jpg', 'Active', 92, '2021-03-17 15:23:36', '2021-04-06 17:25:32'),
(102, 6, 13, '9', 'SECONDARY SECTION  - माध्यमिक विभाग', NULL, '500789203.jpg', 'Active', 93, '2021-03-17 15:24:49', '2021-04-06 17:25:32'),
(103, 6, 13, '10', 'SECONDARY SECTION  - माध्यमिक विभाग', NULL, '287049700.jpg', 'Active', 94, '2021-03-17 15:25:07', '2021-04-06 17:25:32'),
(104, 6, 13, '11', 'HIGHER SECONDARY SECTION  - उच्चत्तर माध्यमिक विभाग', NULL, '717724559.jpg', 'Active', 95, '2021-03-17 15:27:00', '2021-04-06 17:25:32'),
(105, 6, 13, '12', 'HIGHER SECONDARY SECTION  - उच्चत्तर माध्यमिक विभाग', NULL, '1980180555.jpg', 'Active', 96, '2021-03-17 15:27:23', '2021-04-06 17:25:32'),
(106, 6, 14, '१', 'PRIMARY SECTION  -  प्राथमिक विभाग', NULL, '837909600.jpg', 'Active', 97, '2021-03-17 15:29:35', '2021-04-06 17:25:32'),
(107, 6, 14, '२', 'PRIMARY SECTION  -  प्राथमिक विभाग', NULL, '1963467984.jpg', 'Active', 98, '2021-03-17 15:29:52', '2021-04-06 17:25:32'),
(108, 6, 14, '३', 'PRIMARY SECTION  -  प्राथमिक विभाग', NULL, '1537234211.jpg', 'Active', 99, '2021-03-17 15:30:09', '2021-04-06 17:25:32'),
(109, 6, 14, '४', 'PRIMARY SECTION  -  प्राथमिक विभाग', NULL, '1936073139.jpg', 'Active', 100, '2021-03-17 15:30:26', '2021-04-06 17:25:32'),
(110, 6, 14, '५', 'PRIMARY SECTION  -  प्राथमिक विभाग', NULL, '1696745779.jpg', 'Active', 101, '2021-03-17 15:31:29', '2021-04-06 17:25:32'),
(111, 6, 14, '६', 'UPPER PRIMARY  SECTION   -  उच्च प्राथमिक विभाग', NULL, '1107728085.jpg', 'Active', 102, '2021-03-17 15:32:35', '2021-04-06 17:25:32'),
(112, 6, 14, '७', 'UPPER PRIMARY  SECTION   -  उच्च प्राथमिक विभाग', NULL, '622636690.jpg', 'Active', 103, '2021-03-17 15:32:53', '2021-04-06 17:25:32'),
(113, 6, 14, '८', 'UPPER PRIMARY  SECTION   -  उच्च प्राथमिक विभाग', NULL, '1894803220.jpg', 'Active', 104, '2021-03-17 15:33:14', '2021-04-06 17:25:32'),
(114, 6, 14, '९', 'SECONDARY SECTION  - माध्यमिक विभाग', NULL, '1674938310.jpg', 'Active', 105, '2021-03-17 15:34:36', '2021-04-06 17:25:32'),
(115, 6, 14, '१०', 'SECONDARY SECTION  - माध्यमिक विभाग', NULL, '340101726.jpg', 'Active', 106, '2021-03-17 15:34:54', '2021-04-06 17:25:32'),
(116, 6, 14, '११', 'HIGHER SECONDARY SECTION  - उच्चत्तर माध्यमिक विभाग', NULL, '318670112.jpg', 'Active', 107, '2021-03-17 15:35:57', '2021-04-06 17:25:32'),
(117, 6, 14, '१२', 'HIGHER SECONDARY SECTION  - उच्चत्तर माध्यमिक विभाग', NULL, '1917934475.jpg', 'Active', 108, '2021-03-17 15:36:16', '2021-04-06 17:25:32');

-- --------------------------------------------------------

--
-- Table structure for table `student_question_answers`
--

CREATE TABLE `student_question_answers` (
  `id` bigint UNSIGNED NOT NULL,
  `exam_student_id` int NOT NULL,
  `question_id` int NOT NULL,
  `answer` varchar(255) CHARACTER SET utf8mb4 COLLATE utf8mb4_unicode_ci NOT NULL,
  `status` enum('Active','Inactive','Deleted') CHARACTER SET utf8mb4 COLLATE utf8mb4_unicode_ci DEFAULT 'Active',
  `created_at` timestamp NULL DEFAULT NULL,
  `updated_at` timestamp NULL DEFAULT NULL
) ENGINE=InnoDB DEFAULT CHARSET=utf8mb4 COLLATE=utf8mb4_unicode_ci;

-- --------------------------------------------------------

--
-- Table structure for table `subjects`
--

CREATE TABLE `subjects` (
  `id` bigint UNSIGNED NOT NULL,
  `board_id` bigint UNSIGNED NOT NULL,
  `medium_id` int NOT NULL DEFAULT '0',
  `standard_id` bigint UNSIGNED NOT NULL,
  `semester_id` bigint UNSIGNED NOT NULL,
  `subject_name` varchar(255) CHARACTER SET utf8mb4 COLLATE utf8mb4_unicode_ci DEFAULT NULL,
  `sub_title` varchar(255) CHARACTER SET utf8mb4 COLLATE utf8mb4_unicode_ci DEFAULT NULL,
  `url` varchar(500) CHARACTER SET utf8mb4 COLLATE utf8mb4_unicode_ci DEFAULT NULL,
  `thumbnail` varchar(500) CHARACTER SET utf8mb4 COLLATE utf8mb4_unicode_ci DEFAULT NULL,
  `status` enum('Active','Inactive','Deleted') CHARACTER SET utf8mb4 COLLATE utf8mb4_unicode_ci DEFAULT 'Active',
  `order_no` int NOT NULL DEFAULT '0',
  `created_at` timestamp NULL DEFAULT NULL,
  `updated_at` timestamp NULL DEFAULT NULL
) ENGINE=InnoDB DEFAULT CHARSET=utf8mb4 COLLATE=utf8mb4_unicode_ci;

--
-- Dumping data for table `subjects`
--

INSERT INTO `subjects` (`id`, `board_id`, `medium_id`, `standard_id`, `semester_id`, `subject_name`, `sub_title`, `url`, `thumbnail`, `status`, `order_no`, `created_at`, `updated_at`) VALUES
(1, 5, 6, 10, 11, 'કલરવ - ગુજરાતી', 'KALRAV - GUJARATI', NULL, '163377171.jpg', 'Active', 1, '2021-04-06 18:21:05', '2021-04-06 18:21:05'),
(2, 5, 6, 10, 13, 'કલરવ - ગુજરાતી', 'KALRAV - GUJARATI', NULL, '255900949.jpg', 'Active', 2, '2021-04-06 18:22:13', '2021-04-06 18:22:13'),
(3, 5, 6, 10, 11, 'કલકલિયો', 'KALKALIYO', NULL, '596121114.jpg', 'Active', 3, '2021-04-06 18:24:04', '2021-04-06 18:24:04'),
(4, 5, 6, 10, 13, 'કલકલિયો', 'KALKALIYO', NULL, '1519087469.jpg', 'Active', 4, '2021-04-06 18:24:56', '2021-04-06 18:24:56'),
(5, 5, 6, 10, 11, 'ગણિત - ગમ્મત', 'MATH - MAGIC', NULL, '953739664.jpg', 'Active', 5, '2021-04-06 18:26:02', '2021-04-06 18:26:02'),
(6, 5, 6, 10, 13, 'ગણિત - ગમ્મત', 'MATH - MAGIC', NULL, '1298714770.jpg', 'Active', 6, '2021-04-06 18:26:41', '2021-04-06 18:26:41'),
(7, 5, 6, 10, 11, 'હિન્દી', 'HINDI', NULL, '342853141.jpg', 'Active', 7, '2021-04-06 18:27:36', '2021-04-06 18:27:36'),
(8, 5, 6, 10, 13, 'હિન્દી', 'HINDI', NULL, '1976774614.jpg', 'Active', 8, '2021-04-06 18:28:05', '2021-04-06 18:28:05'),
(9, 5, 6, 10, 11, 'અંગ્રેજી', 'ENGLISH', NULL, '27769697.jpg', 'Active', 9, '2021-04-06 18:28:54', '2021-04-06 18:28:54'),
(10, 5, 6, 10, 13, 'અંગ્રેજી', 'ENGLISH', NULL, '653141706.jpg', 'Active', 10, '2021-04-06 18:29:29', '2021-04-06 18:29:29'),
(11, 5, 6, 11, 14, 'કલ્લોલ - ગુજરાતી', 'KALLOL - GUJARATI', NULL, '1117108760.jpg', 'Active', 11, '2021-04-06 18:47:20', '2021-04-06 18:47:20'),
(12, 5, 6, 11, 15, 'કલ્લોલ - ગુજરાતી', 'KALLOL - GUJARATI', NULL, '2079573779.jpg', 'Active', 12, '2021-04-06 18:48:01', '2021-04-06 18:48:01'),
(13, 5, 6, 11, 14, 'ગણિત - ગમ્મત', 'MATH - MAGIC', NULL, '1732065549.jpg', 'Active', 15, '2021-04-06 18:48:46', '2021-04-06 18:48:46'),
(14, 5, 6, 11, 15, 'ગણિત - ગમ્મત', 'MATH - MAGIC', NULL, '947968884.jpg', 'Active', 16, '2021-04-06 18:49:16', '2021-04-06 18:49:16'),
(15, 5, 6, 11, 14, 'બુલબુલ', 'BULBUL', NULL, '1705984607.jpg', 'Active', 13, '2021-04-06 18:50:00', '2021-04-06 18:50:00'),
(16, 5, 6, 11, 15, 'બુલબુલ', 'BULBUL', NULL, '507846241.jpg', 'Active', 14, '2021-04-06 18:51:03', '2021-04-06 18:51:03'),
(17, 5, 6, 11, 14, 'હિન્દી', 'HINDI', NULL, '526410877.jpg', 'Active', 17, '2021-04-06 18:51:46', '2021-04-06 18:51:46'),
(18, 5, 6, 11, 15, 'હિન્દી', 'HINDI', NULL, '870821591.jpg', 'Active', 18, '2021-04-06 18:52:20', '2021-04-06 18:52:20'),
(19, 5, 6, 11, 14, 'અંગ્રેજી', 'ENGLISH', NULL, '986837390.jpg', 'Active', 19, '2021-04-06 18:52:56', '2021-04-06 18:52:56'),
(20, 5, 6, 11, 15, 'અંગ્રેજી', 'ENGLISH', NULL, '261493330.jpg', 'Active', 20, '2021-04-06 18:53:35', '2021-04-06 18:53:35'),
(21, 5, 6, 12, 16, 'કલશોર', 'KALSHOR', NULL, '1845568026.jpg', 'Active', 21, '2021-04-06 19:00:10', '2021-04-06 19:00:10'),
(22, 5, 6, 12, 17, 'કલશોર', 'KALSHOR', NULL, '1081585532.jpg', 'Active', 22, '2021-04-06 19:02:11', '2021-04-06 19:02:11'),
(23, 5, 6, 12, 16, 'મયૂર', 'MAYOOR', NULL, '1100917375.jpg', 'Active', 23, '2021-04-06 19:02:58', '2021-04-06 19:02:58'),
(24, 5, 6, 12, 17, 'મયૂર', 'MAYOOR', NULL, '1278701726.jpg', 'Active', 24, '2021-04-06 19:03:33', '2021-04-06 19:03:33'),
(25, 5, 6, 12, 16, 'ગણિત - ગમ્મત', 'MATH - MAGIC', NULL, '1639507604.jpg', 'Active', 25, '2021-04-06 19:04:06', '2021-04-06 19:04:06'),
(26, 5, 6, 12, 17, 'ગણિત - ગમ્મત', 'MATH - MAGIC', NULL, '378363296.jpg', 'Active', 26, '2021-04-06 19:04:37', '2021-04-06 19:04:37'),
(27, 5, 6, 12, 16, 'પર્યાવરણ - આસપાસ', 'ENVIRONMENT - ARROUND', NULL, '44476653.jpg', 'Active', 27, '2021-04-06 19:07:45', '2021-04-06 19:07:45'),
(28, 5, 6, 12, 17, 'પર્યાવરણ - આસપાસ', 'ENVIRONMENT - ARROUND', NULL, '456860715.jpg', 'Active', 28, '2021-04-06 19:08:29', '2021-04-06 19:08:29'),
(29, 5, 6, 12, 16, 'હિન્દી', 'HINDI', NULL, '448584140.jpg', 'Active', 29, '2021-04-06 19:09:18', '2021-04-06 19:09:18'),
(30, 5, 6, 12, 17, 'હિન્દી', 'HINDI', NULL, '1589431971.jpg', 'Active', 30, '2021-04-06 19:09:57', '2021-04-06 19:09:57'),
(31, 5, 6, 12, 16, 'અંગ્રેજી', 'ENGLISH', NULL, '102280974.jpg', 'Active', 31, '2021-04-06 19:10:35', '2021-04-06 19:10:35'),
(32, 5, 6, 12, 17, 'અંગ્રેજી', 'ENGLISH', NULL, '207287581.jpg', 'Active', 32, '2021-04-06 19:11:06', '2021-04-06 19:11:06'),
(33, 5, 6, 13, 18, 'ગુજરાતી', 'GUJARATI', NULL, '1137452412.jpg', 'Active', 33, '2021-04-06 19:16:40', '2021-04-06 19:16:40'),
(34, 5, 6, 13, 19, 'ગુજરાતી', 'GUJARATI', NULL, '384204563.jpg', 'Active', 34, '2021-04-06 19:17:16', '2021-04-06 19:17:51'),
(35, 5, 6, 13, 18, 'પતરંગો', 'PATRANGO', NULL, '1681134930.jpg', 'Active', 35, '2021-04-06 19:19:02', '2021-04-06 19:19:02'),
(36, 5, 6, 13, 19, 'પતરંગો', 'PATRANGO', NULL, '119440928.jpg', 'Active', 36, '2021-04-06 19:20:00', '2021-04-06 19:20:00'),
(37, 5, 6, 13, 18, 'ગણિત - ગમ્મત', 'MATH - MAGIC', NULL, '1316811157.jpg', 'Active', 37, '2021-04-06 19:20:39', '2021-04-06 19:20:39'),
(38, 5, 6, 13, 19, 'ગણિત - ગમ્મત', 'MATH - MAGIC', NULL, '1306234419.jpg', 'Active', 38, '2021-04-06 19:21:30', '2021-04-06 19:21:30'),
(39, 5, 6, 13, 18, 'પર્યાવરણ - આસપાસ', 'ENVIRONMENT - ARROUND', NULL, '717869609.jpg', 'Active', 39, '2021-04-06 19:22:12', '2021-04-06 19:22:12'),
(40, 5, 6, 13, 19, 'પર્યાવરણ - આસપાસ', 'ENVIRONMENT - ARROUND', NULL, '578630635.jpg', 'Active', 40, '2021-04-06 19:24:40', '2021-04-06 19:24:40'),
(41, 5, 6, 13, 18, 'હિન્દી', 'HINDI', NULL, '1109806584.jpg', 'Active', 41, '2021-04-06 19:25:24', '2021-04-06 19:25:24'),
(42, 5, 6, 13, 19, 'હિન્દી', 'HINDI', NULL, '1333181092.jpg', 'Active', 42, '2021-04-06 19:25:56', '2021-04-06 19:25:56'),
(43, 5, 6, 13, 18, 'અંગ્રેજી', 'ENGLISH', NULL, '488060567.jpg', 'Active', 43, '2021-04-06 19:26:27', '2021-04-06 19:26:27'),
(44, 5, 6, 13, 19, 'અંગ્રેજી', 'ENGLISH', NULL, '1076769368.jpg', 'Active', 44, '2021-04-06 19:27:03', '2021-04-06 19:27:03'),
(45, 5, 6, 14, 20, 'ગુજરાતી', 'GUJARATI', NULL, '490663855.jpg', 'Active', 45, '2021-04-06 19:30:41', '2021-04-06 19:30:41'),
(46, 5, 6, 14, 21, 'ગુજરાતી', 'GUJARATI', NULL, '67134860.jpg', 'Active', 46, '2021-04-06 19:31:31', '2021-04-06 19:31:31'),
(47, 5, 6, 14, 20, 'ગણિત - ગમ્મત', 'MATH - MAGIC', NULL, '1699336958.jpg', 'Active', 47, '2021-04-06 19:32:18', '2021-04-06 19:32:18'),
(48, 5, 6, 14, 21, 'ગણિત - ગમ્મત', 'MATH - MAGIC', NULL, '1043716860.jpg', 'Active', 48, '2021-04-06 19:32:45', '2021-04-06 19:32:45'),
(49, 5, 6, 14, 20, 'પર્યાવરણ - આસપાસ', 'ENVIRONMENT - ARROUND', NULL, '1555973773.jpg', 'Active', 49, '2021-04-06 19:33:21', '2021-04-06 19:33:21'),
(50, 5, 6, 14, 21, 'પર્યાવરણ - આસપાસ', 'ENVIRONMENT - ARROUND', NULL, '1555459112.jpg', 'Active', 50, '2021-04-06 19:34:06', '2021-04-06 19:34:06'),
(51, 5, 6, 14, 20, 'હિન્દી', 'HINDI', NULL, '2026525000.jpg', 'Active', 51, '2021-04-06 19:34:48', '2021-04-06 19:34:48'),
(52, 5, 6, 14, 21, 'હિન્દી', 'HINDI', NULL, '1875155320.jpg', 'Active', 52, '2021-04-06 19:35:20', '2021-04-06 19:35:20'),
(53, 5, 6, 14, 20, 'અંગ્રેજી', 'ENGLISH', NULL, '455500853.jpg', 'Active', 53, '2021-04-06 19:35:55', '2021-04-06 19:35:55'),
(54, 5, 6, 14, 21, 'અંગ્રેજી', 'ENGLISH', NULL, '917175294.jpg', 'Active', 54, '2021-04-06 19:36:25', '2021-04-06 19:36:25'),
(55, 5, 6, 15, 22, 'ગુજરાતી', 'GUJARATI', NULL, '2041380406.jpg', 'Active', 55, '2021-04-06 19:52:50', '2021-04-06 19:52:50'),
(56, 5, 6, 15, 23, 'ગુજરાતી', 'GUJARATI', NULL, '863748350.jpg', 'Active', 56, '2021-04-06 19:53:48', '2021-04-06 19:53:48'),
(57, 5, 6, 16, 24, 'ગુજરાતી', 'GUJARATI', NULL, '1082437252.jpg', 'Active', 57, '2021-04-06 19:54:34', '2021-04-06 19:54:34'),
(58, 5, 6, 16, 25, 'ગુજરાતી', 'GUJARATI', NULL, '531178351.jpg', 'Active', 58, '2021-04-06 19:55:01', '2021-04-06 19:55:01'),
(59, 5, 6, 17, 26, 'ગુજરાતી', 'GUJARATI', NULL, '2137037869.jpg', 'Active', 59, '2021-04-06 19:55:33', '2021-04-06 19:55:33'),
(60, 5, 6, 17, 27, 'ગુજરાતી', 'GUJARATI', NULL, '1085981090.jpg', 'Active', 60, '2021-04-06 19:55:59', '2021-04-06 19:55:59'),
(61, 5, 6, 18, 28, 'ગુજરાતી', 'GUJARATI', NULL, '677703110.jpg', 'Active', 61, '2021-04-06 19:56:27', '2021-04-06 19:56:27'),
(62, 5, 6, 18, 29, 'ગુજરાતી', 'GUJARATI', NULL, '1772964944.jpg', 'Active', 62, '2021-04-06 19:56:53', '2021-04-06 19:56:53'),
(63, 5, 6, 19, 30, 'ગુજરાતી (પ્રથમ ભાષા)', 'GUJARATI (FIRST LANGUAGE)', NULL, '444078021.jpg', 'Active', 63, '2021-04-06 19:57:28', '2021-04-07 16:16:08'),
(64, 5, 6, 19, 31, 'ગુજરાતી (પ્રથમ ભાષા)', 'GUJARATI (FIRST LANGUAGE)', NULL, '1199012815.jpg', 'Active', 64, '2021-04-06 19:58:08', '2021-04-07 11:48:41'),
(65, 5, 6, 15, 22, 'હિન્દી', 'HINDI', NULL, '706354076.jpg', 'Active', 65, '2021-04-06 20:00:52', '2021-04-06 20:00:52'),
(66, 5, 6, 15, 23, 'હિન્દી', 'HINDI', NULL, '1945047834.jpg', 'Active', 66, '2021-04-06 20:01:17', '2021-04-06 20:01:17'),
(67, 5, 6, 16, 24, 'હિન્દી', 'HINDI', NULL, '2077201386.jpg', 'Active', 67, '2021-04-06 20:01:44', '2021-04-06 20:01:44'),
(68, 5, 6, 16, 25, 'હિન્દી', 'HINDI', NULL, '406309214.jpg', 'Active', 68, '2021-04-06 20:02:12', '2021-04-06 20:02:12'),
(69, 5, 6, 17, 26, 'હિન્દી', 'HINDI', NULL, '428557172.jpg', 'Active', 69, '2021-04-06 20:02:40', '2021-04-06 20:02:40'),
(70, 5, 6, 17, 27, 'હિન્દી', 'HINDI', NULL, '1728560850.jpg', 'Active', 70, '2021-04-06 20:03:06', '2021-04-06 20:03:06'),
(71, 5, 6, 18, 28, 'હિન્દી', 'HINDI', NULL, '1316094358.jpg', 'Active', 71, '2021-04-06 20:03:36', '2021-04-06 20:03:36'),
(72, 5, 6, 18, 29, 'હિન્દી', 'HINDI', NULL, '1888395884.jpg', 'Active', 72, '2021-04-06 20:04:04', '2021-04-06 20:04:04'),
(73, 5, 6, 19, 30, 'હિન્દી (દ્વિતીય ભાષા)', 'HINDI (SECOND LANGUAGE)', NULL, '1746145721.jpg', 'Active', 73, '2021-04-06 20:04:30', '2021-04-07 16:15:18'),
(74, 5, 6, 19, 31, 'હિન્દી (દ્વિતીય ભાષા)', 'HINDI (SECOND LANGUAGE)', NULL, '1380343429.jpg', 'Active', 74, '2021-04-06 20:04:58', '2021-04-07 16:13:46'),
(75, 5, 6, 15, 22, 'અંગ્રેજી', 'ENGLISH', NULL, '1460729451.jpg', 'Active', 75, '2021-04-06 20:06:12', '2021-04-06 20:06:12'),
(76, 5, 6, 15, 23, 'અંગ્રેજી', 'ENGLISH', NULL, '1407143195.jpg', 'Active', 76, '2021-04-06 20:06:40', '2021-04-06 20:06:40'),
(77, 5, 6, 16, 24, 'અંગ્રેજી', 'ENGLISH', NULL, '329614201.jpg', 'Active', 77, '2021-04-06 20:07:07', '2021-04-06 20:07:07'),
(78, 5, 6, 16, 25, 'અંગ્રેજી', 'ENGLISH', NULL, '1611103.jpg', 'Active', 78, '2021-04-06 20:07:38', '2021-04-06 20:07:38'),
(79, 5, 6, 17, 26, 'અંગ્રેજી', 'ENGLISH', NULL, '183559325.jpg', 'Active', 79, '2021-04-06 20:08:15', '2021-04-06 20:08:15'),
(80, 5, 6, 17, 27, 'અંગ્રેજી', 'ENGLISH', NULL, '493929858.jpg', 'Active', 80, '2021-04-06 20:08:41', '2021-04-06 20:08:41'),
(81, 5, 6, 18, 28, 'અંગ્રેજી', 'ENGLISH', NULL, '2050340888.jpg', 'Active', 81, '2021-04-06 20:09:11', '2021-04-06 20:09:11'),
(82, 5, 6, 18, 29, 'અંગ્રેજી', 'ENGLISH', NULL, '683476521.jpg', 'Active', 82, '2021-04-06 20:09:38', '2021-04-06 20:09:38'),
(83, 5, 6, 19, 30, 'અંગ્રેજી (દ્વિતીય ભાષા)', 'ENGLISH (SECOND LANGUAGE)', NULL, '911675497.jpg', 'Active', 83, '2021-04-06 20:10:09', '2021-04-07 16:17:57'),
(84, 5, 6, 19, 31, 'અંગ્રેજી (દ્વિતીય ભાષા)', 'ENGLISH (SECOND LANGUAGE)', NULL, '599614916.jpg', 'Active', 84, '2021-04-06 20:10:35', '2021-04-07 16:20:54'),
(85, 5, 6, 15, 22, 'સંસ્કૃત', 'SANSKRIT', NULL, '402463678.jpg', 'Active', 85, '2021-04-06 20:12:17', '2021-04-06 20:12:17'),
(86, 5, 6, 15, 23, 'સંસ્કૃત', 'SANSKRIT', NULL, '821258808.jpg', 'Active', 86, '2021-04-06 20:13:10', '2021-04-06 20:13:10'),
(87, 5, 6, 16, 24, 'સંસ્કૃત', 'SANSKRIT', NULL, '768246074.jpg', 'Active', 87, '2021-04-06 20:13:42', '2021-04-06 20:13:42'),
(88, 5, 6, 16, 25, 'સંસ્કૃત', 'SANSKRIT', NULL, '1551617198.jpg', 'Active', 88, '2021-04-06 20:14:11', '2021-04-06 20:14:11'),
(89, 5, 6, 17, 26, 'સંસ્કૃત', 'SANSKRIT', NULL, '1053604760.jpg', 'Active', 89, '2021-04-06 20:14:41', '2021-04-06 20:14:41'),
(90, 5, 6, 17, 27, 'સંસ્કૃત', 'SANSKRIT', NULL, '869663374.jpg', 'Active', 90, '2021-04-06 20:15:12', '2021-04-06 20:15:12'),
(91, 5, 6, 18, 28, 'સંસ્કૃત', 'SANSKRIT', NULL, '1435225875.jpg', 'Active', 91, '2021-04-06 20:15:42', '2021-04-06 20:17:57'),
(92, 5, 6, 18, 29, 'સંસ્કૃત', 'SANSKRIT', NULL, '1762490785.jpg', 'Active', 92, '2021-04-06 20:16:13', '2021-04-06 20:16:13'),
(93, 5, 6, 19, 30, 'સંસ્કૃત', 'SANSKRIT', NULL, '1400724965.jpg', 'Active', 93, '2021-04-06 20:16:55', '2021-04-06 20:16:55'),
(94, 5, 6, 19, 31, 'સંસ્કૃત', 'SANSKRIT', NULL, '1894086135.jpg', 'Active', 94, '2021-04-06 20:17:27', '2021-04-06 20:17:27'),
(95, 5, 6, 15, 22, 'ગણિત', 'MATH', NULL, '654680919.jpg', 'Active', 95, '2021-04-06 20:22:01', '2021-04-06 20:22:01'),
(96, 5, 6, 15, 23, 'ગણિત', 'MATH', NULL, '966206297.jpg', 'Active', 96, '2021-04-06 20:22:27', '2021-04-06 20:22:27'),
(97, 5, 6, 16, 24, 'ગણિત', 'MATH', NULL, '958363651.jpg', 'Active', 97, '2021-04-06 20:22:58', '2021-04-06 20:22:58'),
(98, 5, 6, 16, 25, 'ગણિત', 'MATH', NULL, '1289314017.jpg', 'Active', 98, '2021-04-06 20:23:25', '2021-04-06 20:23:25'),
(99, 5, 6, 17, 26, 'ગણિત', 'MATH', NULL, '452509504.jpg', 'Active', 99, '2021-04-06 20:23:54', '2021-04-06 20:23:54'),
(100, 5, 6, 17, 27, 'ગણિત', 'MATH', NULL, '1832288380.jpg', 'Active', 100, '2021-04-06 20:24:19', '2021-04-06 20:24:19'),
(101, 5, 6, 18, 28, 'ગણિત', 'MATH', NULL, '1637219723.jpg', 'Active', 101, '2021-04-06 20:24:51', '2021-04-06 20:24:51'),
(102, 5, 6, 18, 29, 'ગણિત', 'MATH', NULL, '606685190.jpg', 'Active', 102, '2021-04-06 20:25:18', '2021-04-06 20:25:18'),
(103, 5, 6, 19, 30, 'ગણિત', 'MATH', NULL, '1370996251.jpg', 'Active', 103, '2021-04-06 20:25:50', '2021-04-06 20:25:50'),
(104, 5, 6, 19, 31, 'ગણિત', 'MATH', NULL, '752940599.jpg', 'Active', 104, '2021-04-06 20:26:19', '2021-04-06 20:26:19'),
(105, 5, 6, 15, 22, 'વિજ્ઞાન', 'SCIENCE', NULL, '1506578759.jpg', 'Active', 105, '2021-04-07 02:36:03', '2021-04-07 02:36:03'),
(106, 5, 6, 15, 23, 'વિજ્ઞાન', 'SCIENCE', NULL, '404793612.jpg', 'Active', 106, '2021-04-07 02:37:48', '2021-04-07 02:37:48'),
(107, 5, 6, 16, 24, 'વિજ્ઞાન', 'SCIENCE', NULL, '1374303634.jpg', 'Active', 107, '2021-04-07 02:44:12', '2021-04-07 02:44:12'),
(108, 5, 6, 16, 25, 'વિજ્ઞાન', 'SCIENCE', NULL, '2046482310.jpg', 'Active', 108, '2021-04-07 02:44:45', '2021-04-07 02:44:45'),
(109, 5, 6, 17, 26, 'વિજ્ઞાન', 'SCIENCE', NULL, '1693605780.jpg', 'Active', 109, '2021-04-07 02:45:15', '2021-04-07 02:45:15'),
(110, 5, 6, 17, 27, 'વિજ્ઞાન', 'SCIENCE', NULL, '819733491.jpg', 'Active', 110, '2021-04-07 02:45:42', '2021-04-07 02:45:42'),
(111, 5, 6, 18, 28, 'વિજ્ઞાન', 'SCIENCE', NULL, '1488898096.jpg', 'Active', 111, '2021-04-07 02:47:56', '2021-04-07 02:47:56'),
(112, 5, 6, 18, 29, 'વિજ્ઞાન', 'SCIENCE', NULL, '1830359838.jpg', 'Active', 112, '2021-04-07 02:48:26', '2021-04-07 02:48:26'),
(113, 5, 6, 19, 30, 'વિજ્ઞાન', 'SCIENCE', NULL, '564666247.jpg', 'Active', 113, '2021-04-07 02:53:11', '2021-04-07 02:53:11'),
(114, 5, 6, 19, 31, 'વિજ્ઞાન', 'SCIENCE', NULL, '1156783684.jpg', 'Active', 114, '2021-04-07 02:57:06', '2021-04-07 02:57:06'),
(115, 5, 6, 15, 22, 'સામાજિક વિજ્ઞાન', 'SOCIAL SCIENCE', NULL, '1031329546.jpg', 'Active', 115, '2021-04-07 03:28:56', '2021-04-07 03:28:56'),
(116, 5, 6, 15, 23, 'સામાજિક વિજ્ઞાન', 'SOCIAL SCIENCE', NULL, '911345533.jpg', 'Active', 116, '2021-04-07 03:47:23', '2021-04-07 03:47:23'),
(117, 5, 6, 16, 24, 'સામાજિક વિજ્ઞાન', 'SOCIAL SCIENCE', NULL, '1353829451.jpg', 'Active', 117, '2021-04-07 03:48:30', '2021-04-07 03:48:30'),
(118, 5, 6, 16, 25, 'સામાજિક વિજ્ઞાન', 'SOCIAL SCIENCE', NULL, '416629494.jpg', 'Active', 118, '2021-04-07 03:49:14', '2021-04-07 03:49:14'),
(119, 5, 6, 17, 26, 'સામાજિક વિજ્ઞાન', 'SOCIAL SCIENCE', NULL, '437749653.jpg', 'Active', 119, '2021-04-07 03:49:55', '2021-04-07 03:49:55'),
(120, 5, 6, 17, 27, 'સામાજિક વિજ્ઞાન', 'SOCIAL SCIENCE', NULL, '1645662873.jpg', 'Active', 120, '2021-04-07 03:51:30', '2021-04-07 03:51:30'),
(121, 5, 6, 18, 28, 'સામાજિક વિજ્ઞાન', 'SOCIAL SCIENCE', NULL, '1480504086.jpg', 'Active', 121, '2021-04-07 03:52:11', '2021-04-07 03:52:11'),
(122, 5, 6, 18, 29, 'સામાજિક વિજ્ઞાન', 'SOCIAL SCIENCE', NULL, '607574599.jpg', 'Active', 122, '2021-04-07 03:52:51', '2021-04-07 03:52:51'),
(123, 5, 6, 19, 30, 'સામાજિક વિજ્ઞાન', 'SOCIAL SCIENCE', NULL, '1834205644.jpg', 'Active', 123, '2021-04-07 03:54:55', '2021-04-07 03:54:55'),
(124, 5, 6, 19, 31, 'સામાજિક વિજ્ઞાન', 'SOCIAL SCIENCE', NULL, '203558492.jpg', 'Active', 124, '2021-04-07 03:55:35', '2021-04-07 03:55:35'),
(125, 6, 13, 103, 63, 'English ( First Language)', 'ENGLISH (FIRST LANGUAGE)', NULL, '', 'Active', 125, '2021-04-12 04:23:07', '2021-04-12 04:23:07'),
(126, 6, 13, 103, 63, 'Hindi (Second Language)', 'HINDI (SECOND LANGUAGE)', NULL, '', 'Active', 126, '2021-04-12 04:24:47', '2021-04-12 04:24:47'),
(127, 6, 13, 103, 63, 'Sanskrit', 'SANSKRIT', NULL, '', 'Active', 127, '2021-04-12 04:25:24', '2021-04-12 04:25:24'),
(128, 5, 7, 31, 54, 'English ( First Language)', 'ENGLISH (FIRST LANGUAGE)', NULL, '', 'Active', 128, '2021-04-12 08:56:54', '2021-04-12 08:56:54'),
(129, 5, 7, 31, 54, 'Hindi (Second Language)', 'HINDI (SECOND LANGUAGE)', NULL, '', 'Active', 129, '2021-04-12 08:59:04', '2021-04-12 08:59:04'),
(130, 5, 7, 31, 54, 'Gujarati (Second Language)', 'GUJARATI (SECOND LANGUAGE)', NULL, '', 'Active', 130, '2021-04-12 09:00:02', '2021-04-12 09:00:02'),
(131, 5, 7, 31, 54, 'Sanskrit', 'SANSKRIT', NULL, '', 'Active', 131, '2021-04-12 09:00:23', '2021-04-12 09:00:23'),
(132, 5, 7, 31, 54, 'Mathematics', 'MATHEMATICS', NULL, '', 'Active', 132, '2021-04-12 09:00:55', '2021-04-12 09:00:55'),
(133, 5, 7, 31, 54, 'Science & Technology', 'SCIENCE & TECHNOLOGY', NULL, '', 'Active', 133, '2021-04-12 09:01:36', '2021-04-12 09:01:36'),
(134, 5, 7, 31, 54, 'Social Science', 'SOCIAL SCIENCE', NULL, '', 'Active', 134, '2021-04-12 09:01:51', '2021-04-12 09:01:51'),
(135, 6, 13, 103, 64, 'English ( First Language)', 'ENGLISH (FIRST LANGUAGE)', NULL, '', 'Active', 135, '2021-04-12 10:45:59', '2021-04-12 10:45:59'),
(136, 6, 13, 103, 64, 'Hindi (Second Language)', 'HINDI (SECOND LANGUAGE)', NULL, '', 'Active', 136, '2021-04-12 10:46:46', '2021-04-12 10:46:46'),
(137, 6, 13, 103, 64, 'Sanskrit', 'SANSKRIT', NULL, '', 'Active', 137, '2021-04-12 10:47:08', '2021-04-12 10:47:08'),
(138, 6, 13, 103, 64, 'Mathematics', 'MATHEMATICS', NULL, '', 'Active', 138, '2021-04-12 10:48:05', '2021-04-12 10:48:05'),
(139, 6, 13, 103, 64, 'Science', 'SCIENCE', NULL, '', 'Active', 139, '2021-04-12 10:48:42', '2021-04-12 10:48:42'),
(140, 6, 13, 103, 64, 'Social Science', 'SOCIAL SCIENCE', NULL, '', 'Active', 140, '2021-04-12 10:48:56', '2021-04-12 10:48:56'),
(141, 6, 13, 103, 63, 'Mathematics', 'MATHEMATICS', NULL, '', 'Active', 141, '2021-04-12 10:49:37', '2021-04-12 10:49:37'),
(142, 6, 13, 103, 63, 'Science', 'SCIENCE', NULL, '', 'Active', 142, '2021-04-12 10:49:52', '2021-04-12 10:49:52'),
(143, 6, 13, 103, 63, 'Social Science', 'SOCIAL SCIENCE', NULL, '', 'Active', 143, '2021-04-12 10:50:14', '2021-04-12 10:50:14'),
(144, 6, 13, 103, 63, 'Physical Education', 'PHYSICAL EDUCATION', NULL, '', 'Active', 144, '2021-04-12 10:51:50', '2021-04-12 10:51:50'),
(145, 6, 13, 102, 66, 'English ( First Language)', 'ENGLISH (FIRST LANGUAGE)', NULL, '', 'Active', 145, '2021-04-13 05:26:52', '2021-04-13 05:26:52'),
(146, 6, 13, 102, 66, 'Hindi (Second Language)', 'HINDI (SECOND LANGUAGE)', NULL, '', 'Active', 146, '2021-04-13 05:29:59', '2021-04-13 05:29:59'),
(147, 6, 13, 102, 66, 'Sanskrit', 'SANSKRIT', NULL, '', 'Active', 147, '2021-04-13 05:30:25', '2021-04-13 05:30:25'),
(148, 6, 13, 102, 66, 'Science', 'SCIENCE', NULL, NULL, 'Active', 148, '2021-04-13 05:31:02', '2021-04-13 05:32:56'),
(149, 6, 13, 102, 66, 'Social Science', 'SOCIAL SCIENCE', NULL, '', 'Active', 149, '2021-04-13 05:34:03', '2021-04-13 05:34:03'),
(150, 6, 13, 102, 66, 'Physical Education', 'PHYSICAL EDUCATION', NULL, '', 'Active', 150, '2021-04-13 05:34:31', '2021-04-13 05:34:31'),
(151, 6, 13, 102, 66, 'Information Technology', 'INFORMATION TECHNOLOGY', NULL, '', 'Active', 151, '2021-04-13 05:35:01', '2021-04-13 05:35:01'),
(152, 6, 13, 102, 66, 'Mathematics', 'MATHEMATICS', NULL, '', 'Active', 152, '2021-04-13 07:27:51', '2021-04-13 07:27:51'),
(153, 6, 13, 101, 67, 'English ( First Language)', 'ENGLISH (FIRST LANGUAGE)', NULL, '', 'Active', 153, '2021-04-13 08:47:16', '2021-04-13 08:47:16'),
(154, 6, 13, 101, 67, 'Hindi (Second Language)', 'HINDI (SECOND LANGUAGE)', NULL, '', 'Active', 154, '2021-04-13 08:48:34', '2021-04-13 08:48:34'),
(155, 6, 13, 101, 67, 'Sanskrit', 'SANSKRIT', NULL, '', 'Active', 155, '2021-04-13 08:49:01', '2021-04-13 08:49:01'),
(156, 6, 13, 101, 67, 'Mathematics', 'MATHSMATICS', NULL, '', 'Active', 156, '2021-04-13 08:49:38', '2021-04-13 08:49:38'),
(157, 6, 13, 101, 67, 'Science', 'SCIENCE', NULL, '', 'Active', 157, '2021-04-13 08:50:11', '2021-04-13 08:50:11'),
(158, 6, 13, 101, 67, 'Social Science', 'SOCIAL SCIENCE', NULL, '', 'Active', 158, '2021-04-13 08:51:08', '2021-04-13 08:51:08'),
(159, 6, 13, 100, 68, 'English ( First Language)', 'ENGLISH (FIRST LANGUAGE)', NULL, '', 'Active', 159, '2021-04-13 10:48:17', '2021-04-13 10:48:17'),
(160, 6, 13, 100, 68, 'Hindi (Second Language)', 'HINDI (SECOND LANGUAGE)', NULL, '', 'Active', 160, '2021-04-13 10:48:31', '2021-04-13 10:48:31'),
(161, 6, 13, 100, 68, 'Sanskrit', 'SANSKRIT', NULL, '', 'Active', 161, '2021-04-13 10:48:46', '2021-04-13 10:48:46'),
(162, 6, 13, 100, 68, 'Science', 'SCIENCE', NULL, '', 'Active', 163, '2021-04-13 10:49:07', '2021-04-13 10:49:07'),
(163, 6, 13, 100, 68, 'Social Science', 'SOCIAL SCIENCE', NULL, '', 'Active', 164, '2021-04-13 10:49:26', '2021-04-13 10:49:26'),
(164, 6, 13, 100, 68, 'Mathematics', 'MATHEMATICS', NULL, '', 'Active', 162, '2021-04-13 10:50:07', '2021-04-13 10:50:07');

-- --------------------------------------------------------

--
-- Table structure for table `units`
--

CREATE TABLE `units` (
  `id` bigint UNSIGNED NOT NULL,
  `board_id` int NOT NULL DEFAULT '0',
  `medium_id` int NOT NULL DEFAULT '0',
  `standard_id` bigint UNSIGNED NOT NULL,
  `semester_id` bigint UNSIGNED NOT NULL,
  `subject_id` bigint UNSIGNED NOT NULL,
  `title` varchar(255) CHARACTER SET utf8mb4 COLLATE utf8mb4_unicode_ci DEFAULT NULL,
  `sub_title` text COLLATE utf8mb4_unicode_ci,
  `url_type` varchar(50) CHARACTER SET utf8mb4 COLLATE utf8mb4_unicode_ci DEFAULT NULL,
  `url` varchar(500) CHARACTER SET utf8mb4 COLLATE utf8mb4_unicode_ci DEFAULT NULL,
  `thumbnail` varchar(500) CHARACTER SET utf8mb4 COLLATE utf8mb4_unicode_ci DEFAULT NULL,
  `pages` varchar(255) CHARACTER SET utf8mb4 COLLATE utf8mb4_unicode_ci DEFAULT NULL,
  `description` varchar(255) CHARACTER SET utf8mb4 COLLATE utf8mb4_unicode_ci DEFAULT NULL,
  `status` enum('Active','Inactive','Deleted') CHARACTER SET utf8mb4 COLLATE utf8mb4_unicode_ci DEFAULT 'Active',
  `order_no` int NOT NULL DEFAULT '0',
  `created_at` timestamp NULL DEFAULT NULL,
  `updated_at` timestamp NULL DEFAULT NULL
) ENGINE=InnoDB DEFAULT CHARSET=utf8mb4 COLLATE=utf8mb4_unicode_ci;

--
-- Dumping data for table `units`
--

INSERT INTO `units` (`id`, `board_id`, `medium_id`, `standard_id`, `semester_id`, `subject_id`, `title`, `sub_title`, `url_type`, `url`, `thumbnail`, `pages`, `description`, `status`, `order_no`, `created_at`, `updated_at`) VALUES
(1, 5, 6, 19, 30, 63, '(૪) ભૂલી ગયા પછી', NULL, 'file', NULL, NULL, '', '(4) BHOOLI GAYA PACHHEE', 'Active', 5, '2021-04-07 06:02:52', '2021-04-07 10:08:12'),
(2, 5, 6, 19, 30, 63, '(૧) વૈષ્ણવજન', NULL, 'file', NULL, NULL, '', '(1) VAISHNAVJAN', 'Inactive', 1, '2021-04-07 07:56:23', '2021-04-13 05:15:15'),
(3, 5, 6, 19, 30, 63, '(૨) રેસનો ઘોડો', NULL, 'file', NULL, NULL, '', '(2) RESNO GHODO', 'Active', 3, '2021-04-07 07:57:57', '2021-04-07 08:43:40'),
(4, 5, 6, 19, 30, 63, '(૩) શીલવંત સાધુને', NULL, 'file', NULL, NULL, '', '(3) SHEELVANT SADHUNE', 'Active', 4, '2021-04-07 07:59:18', '2021-04-07 10:02:12'),
(5, 5, 6, 19, 30, 63, '(૫) દીકરી', NULL, 'file', NULL, NULL, '', '(5) DEEKREE', 'Active', 2, '2021-04-07 08:06:27', '2021-04-07 10:08:32'),
(6, 5, 6, 19, 30, 63, '(૬) વાઈરલ ઇન્ફેકશન', NULL, 'file', NULL, NULL, '', '(6) VAIRAL INFECTION', 'Active', 6, '2021-04-07 11:26:40', '2021-04-07 11:34:03'),
(7, 5, 6, 19, 30, 63, '(૭) હું એવો  ગુજરાતી', NULL, 'file', NULL, NULL, '', '(7) HU AVO GUJARATI', 'Active', 10, '2021-04-07 11:27:18', '2021-04-07 11:36:41'),
(8, 5, 6, 19, 30, 63, '(૮) છત્રી', NULL, 'file', NULL, NULL, '', '(8) CHHATREE', 'Active', 7, '2021-04-07 11:36:18', '2021-04-07 11:37:31'),
(9, 5, 6, 19, 30, 63, '(૯) માધવને દીઠો છે ક્યાંય ?', NULL, 'file', NULL, NULL, '', '(9) MADHAVNE DITHO CHHE KYAY ?', 'Active', 8, '2021-04-07 11:37:30', '2021-04-07 11:38:09'),
(10, 5, 6, 19, 30, 63, '(૧૦) ડાંગવનો અને...', NULL, 'file', '', '', '', '(10) DANGAVNO ANE...', 'Active', 9, '2021-04-07 11:38:53', '2021-04-07 11:38:53'),
(11, 5, 6, 19, 30, 63, '(૧૧) શિકારીને', NULL, 'file', '', '', '', '(11) SHIKARINE', 'Active', 11, '2021-04-07 11:39:33', '2021-04-07 11:39:33'),
(12, 5, 6, 19, 30, 63, '(૧૨) ચોપડાની ઇન્દ્રજાળ', NULL, 'file', '', '', '', '(12) CHOPDANI INDRAJAL', 'Active', 12, '2021-04-07 11:40:21', '2021-04-07 11:40:21'),
(13, 5, 6, 19, 30, 63, 'વ્યાકરણ ૧ - ધ્વનિક્ષેણી , જોડણી , સંધિ', NULL, 'file', '', '', '', 'VYAKARAN 1 - DHVANIKSHENI , JODNI , SANDHI', 'Active', 13, '2021-04-07 11:47:47', '2021-04-07 11:47:47'),
(14, 5, 6, 19, 30, 63, 'વ્યાકરણ ૨ - સંજ્ઞા , વિશેષણ , ક્રિયાવિશેષણ', NULL, 'file', '', '', '', 'VYAKARAN 2 - SANGNA , VISHESHN, KRIYAVISHESHN', 'Active', 14, '2021-04-07 11:49:24', '2021-04-07 11:49:24'),
(15, 5, 6, 19, 30, 63, 'વ્યાકરણ 3 - વાક્યપ્રકાર : કર્તરિ , કર્મણિ , ભાવે અને પ્રેરક; વાક્યરૂપાંતર', NULL, 'file', NULL, NULL, '', 'VYAKARAN 3 - VAKYPRAKAR : KARTARI , KARMANI , BHAVE ANE PRERAK; VAKYRUPANTAR', 'Active', 15, '2021-04-07 11:52:44', '2021-04-07 11:56:31'),
(16, 5, 6, 19, 31, 64, '(૧૩) વતનથી વિદાય થતાં', NULL, 'file', '', '', '', '(13) VATANTHI VIDAY THATA', 'Active', 1, '2021-04-07 12:04:36', '2021-04-07 12:04:36'),
(17, 5, 6, 19, 31, 64, '(૧૪) જન્મોત્સવ', NULL, 'file', '', '', '', '(14) JANMOTSAV', 'Inactive', 2, '2021-04-07 12:05:25', '2021-04-07 17:13:23'),
(18, 5, 6, 19, 31, 64, '(૧૫) બોલીએ ના કાંઈ', NULL, 'file', NULL, NULL, '', '(15) BOLIE NA KAAI', 'Active', 3, '2021-04-07 12:06:55', '2021-04-07 12:08:23'),
(19, 5, 6, 19, 31, 64, '(૧૬) ગતિભંગ', NULL, 'file', '', '', '', '(16) GATIBHANG', 'Active', 4, '2021-04-07 12:10:19', '2021-04-07 12:10:19'),
(20, 5, 6, 19, 31, 64, '(૧૭) દિવસો જુદાઈના જાય છે', NULL, 'file', NULL, NULL, '', '(17) DIVSO JUDAINA JAY CHHE', 'Active', 5, '2021-04-07 12:11:32', '2021-04-07 12:12:07'),
(21, 5, 6, 19, 31, 64, '(૧૮) ભૂખથીય ભૂંડી ભીખ', NULL, 'file', '', '', '', '(18) BHOOKHATHIY BHOONDI BHEEKH', 'Active', 6, '2021-04-07 12:14:47', '2021-04-07 12:14:47'),
(22, 5, 6, 19, 31, 64, '(૧૯) એક બપોરે', NULL, 'file', NULL, NULL, '', '(19) EK BAPORE', 'Active', 7, '2021-04-07 12:15:14', '2021-04-07 12:15:50'),
(23, 5, 6, 19, 31, 64, '(૨૦) વિરલ વિભૂતિ', NULL, 'file', '', '', '', '(20) VIRAL VIBHOOTI', 'Active', 8, '2021-04-07 12:16:47', '2021-04-07 12:16:47'),
(24, 5, 6, 19, 31, 64, '(૨૧) ચાંદલિયો', NULL, 'file', '', '', '', '(21) CHANDALIYO', 'Active', 9, '2021-04-07 12:17:23', '2021-04-07 12:17:23'),
(25, 5, 6, 19, 31, 64, '(૨૨) હિમાલયમાં એક સાહસ', NULL, 'file', '', '', '', '(22) HIMALAYMA EK SAHAS', 'Active', 10, '2021-04-07 12:21:59', '2021-04-07 12:21:59'),
(26, 5, 6, 19, 31, 64, '(૨૩) લઘુકાવ્યો', NULL, 'file', '', '', '', '(23) LAGHUKAVYO', 'Active', 11, '2021-04-07 12:22:35', '2021-04-07 12:22:35'),
(27, 5, 6, 19, 31, 64, '(24) ઘોડીની સ્વામિભક્તિ', NULL, 'file', '', '', '', '(24) GHODINI SVAMIBHAKTI', 'Active', 12, '2021-04-07 12:23:19', '2021-04-07 12:23:19'),
(28, 5, 6, 19, 31, 64, 'વ્યાકરણ ૪ - અલંકાર', NULL, 'file', '', '', '', 'VYAKARAN 4 - ALANKAR', 'Active', 13, '2021-04-07 12:24:38', '2021-04-07 12:24:38'),
(29, 5, 6, 19, 31, 64, 'વ્યાકરણ ૫ - છંદ', NULL, 'file', '', '', '', 'VYAKARAN 5 - CHHAND', 'Active', 14, '2021-04-07 12:25:21', '2021-04-07 12:25:21'),
(30, 5, 6, 19, 31, 64, 'વ્યાકરણ ૬ - લેખનકૌશલ : અર્થવિસ્તાર , અહેવાલલેખન , સંક્ષેપીકરણ , નિબંધ', NULL, 'file', '', '', '', 'VYAKARAN 6 - LEKHANKAUSHAL : ARTHVISTAR , AHEVALLEKHAN , SANKSHEPIKARAN , NIMBANDH', 'Active', 15, '2021-04-07 12:30:24', '2021-04-07 12:30:24'),
(31, 5, 6, 19, 31, 64, 'વ્યાકરણ ૬ - લેખનકૌશલ : અર્થવિસ્તાર , અહેવાલલેખન , સંક્ષેપીકરણ , નિબંધ', NULL, 'file', '', '', '', 'VYAKARAN 6 - LEKHANKAUSHAL : ARTHVISTAR , AHEVALLEKHAN , SANKSHEPIKARAN , NIMBANDH', 'Deleted', 16, '2021-04-07 12:31:59', '2021-04-07 12:56:10'),
(32, 5, 6, 19, 31, 64, 'પૂરક વાચન ૧ - બહાદુર બાળકો', NULL, 'file', NULL, NULL, '', 'POORAK VACHAN 1 - BAHADUR BALKO', 'Active', 17, '2021-04-07 12:41:51', '2021-04-07 12:47:19'),
(33, 5, 6, 19, 31, 64, 'પૂરક વાચન ૨ - નદીવિયોગ', NULL, 'file', NULL, NULL, '', 'POORAK VACHAN 2 - NADIVIYOG', 'Active', 18, '2021-04-07 12:42:34', '2021-04-07 12:47:56'),
(34, 5, 6, 19, 31, 64, 'પૂરક વાચન 3 - તારે પગલે', NULL, 'file', NULL, NULL, '', 'POORAK VACHAN 3 - TARE PAGLE', 'Active', 19, '2021-04-07 12:43:15', '2021-04-07 12:48:34'),
(35, 5, 6, 19, 31, 64, 'પૂરક વાચન ૪ - મારી બા', NULL, 'file', '', '', '', 'POORAK VACHAN 4 - MARI BAA', 'Active', 20, '2021-04-07 12:45:38', '2021-04-07 12:45:38'),
(36, 5, 6, 19, 31, 64, 'પૂરક વાચન ૫ - વીરભૂમિ', NULL, 'file', '', '', '', 'POORAK VACHAN 5 - VEERBHOOMI', 'Deleted', 21, '2021-04-07 12:46:46', '2021-04-08 03:35:52'),
(37, 5, 6, 19, 31, 64, 'પૂરક વાચન ૫ - વીરભૂમિ', NULL, 'file', '', '', '', 'POORAK VACHAN 5 - VEERBHOOMI', 'Active', 22, '2021-04-08 03:37:49', '2021-04-08 03:37:49'),
(38, 5, 6, 19, 30, 73, '(१) प्रभुजी तुम चंदन हम पानी', NULL, 'file', NULL, NULL, '', '(1) PRABHUJI TUM CHANDAN HAM PANI', 'Active', 1, '2021-04-08 04:19:34', '2021-04-08 05:06:45'),
(39, 5, 6, 19, 30, 73, '(२) बूढी काकी', NULL, 'file', NULL, NULL, '', '(2) BUDHI KAKI', 'Active', 2, '2021-04-08 04:20:25', '2021-04-08 05:08:00'),
(40, 5, 6, 19, 30, 73, '(३) सवैये', NULL, 'file', NULL, NULL, '', '(3) SAVAIYE', 'Active', 3, '2021-04-08 04:21:09', '2021-04-08 05:08:58'),
(41, 5, 6, 19, 30, 73, '(४) एक प्रश्न : चार उतर', NULL, 'file', NULL, NULL, '', '(4) EK PRASHN : CHAR UTTAR', 'Active', 4, '2021-04-08 04:22:08', '2021-04-08 05:10:24'),
(42, 5, 6, 19, 30, 73, '(५) मीरा के पद', NULL, 'file', NULL, NULL, '', '(5) MEERA KE PAD', 'Active', 5, '2021-04-08 04:23:12', '2021-04-08 05:11:10'),
(43, 5, 6, 19, 30, 73, '(६) कालिदास का प्राणीप्रेम', NULL, 'file', NULL, NULL, '', '(6) KALIDAS KA PRANIPREM', 'Active', 6, '2021-04-08 04:24:19', '2021-04-08 05:12:03'),
(44, 5, 6, 19, 30, 73, '(७) जन्मभूमि', NULL, 'file', NULL, NULL, '', '(7) JANMBHOOMI', 'Active', 7, '2021-04-08 04:25:00', '2021-04-08 05:14:05'),
(45, 5, 6, 19, 30, 73, '(८) सुधा मूर्ति', NULL, 'file', NULL, NULL, '', '(8) SUDHAMOORTI', 'Active', 8, '2021-04-08 04:25:56', '2021-04-08 05:15:03'),
(46, 5, 6, 19, 30, 73, '(९) कुत्ते की सिख', NULL, 'file', NULL, NULL, '', '(9) KUTTE KI SIKH', 'Active', 9, '2021-04-08 04:26:42', '2021-04-08 05:16:09'),
(47, 5, 6, 19, 30, 73, '(१०) जीने की कला', NULL, 'file', NULL, NULL, '', 'JEENE KI KALA', 'Active', 10, '2021-04-08 04:27:52', '2021-04-08 05:16:58'),
(48, 5, 6, 19, 30, 73, '(११) भारतवर्ष हमारा है', NULL, 'file', NULL, NULL, '', '(11) BHARATVARSH HAMARA HAI', 'Active', 11, '2021-04-08 04:30:54', '2021-04-08 05:17:59'),
(49, 5, 6, 19, 31, 74, '(१२) एक नई शरुआत', NULL, 'file', NULL, NULL, '', '(12) EK NAYI SHARUAAT', 'Active', 1, '2021-04-08 04:32:53', '2021-04-08 05:19:10'),
(50, 5, 6, 19, 31, 74, '(१३) साधुपदेश', NULL, 'file', NULL, NULL, '', '(13) SADHUPDESH', 'Active', 2, '2021-04-08 04:33:33', '2021-04-08 05:20:09'),
(51, 5, 6, 19, 31, 74, '(१४) मेरी माँ', NULL, 'file', NULL, NULL, '', '(14) MERI MAA', 'Active', 3, '2021-04-08 04:34:17', '2021-04-08 05:20:47'),
(52, 5, 6, 19, 31, 74, '(१५) है जन शक्ति महान', NULL, 'file', NULL, NULL, '', '(15) HAI JAN SHAKTI MAHAN', 'Active', 4, '2021-04-08 04:35:35', '2021-04-08 05:22:01'),
(53, 5, 6, 19, 31, 74, '(१६) चोरी', NULL, 'file', NULL, NULL, '', '(16) CHORI', 'Active', 5, '2021-04-08 04:36:29', '2021-04-08 05:22:39'),
(54, 5, 6, 19, 31, 74, '(१७) कश्मीर', NULL, 'file', NULL, NULL, '', '(17) KASHMIR', 'Active', 6, '2021-04-08 04:37:13', '2021-04-08 05:23:24'),
(55, 5, 6, 19, 31, 74, '(१८) रचना', NULL, 'file', NULL, NULL, '', '(18) RACHNA', 'Active', 7, '2021-04-08 04:37:48', '2021-04-08 05:24:07'),
(56, 5, 6, 19, 31, 74, '(१९) तोता और इंद्र', NULL, 'file', NULL, NULL, '', '(19) TOTA AUR INDRA', 'Active', 8, '2021-04-08 04:38:48', '2021-04-08 05:25:10'),
(57, 5, 6, 19, 31, 74, '(२०) अलबम', NULL, 'file', NULL, NULL, '', '(20) ALABAM', 'Active', 9, '2021-04-08 04:39:51', '2021-04-08 05:25:44'),
(58, 5, 6, 19, 31, 74, '(२१) पहेलिया - मुकरियाँ', NULL, 'file', NULL, NULL, '', '(21) PAHELIYA - MUKARIYA', 'Active', 10, '2021-04-08 04:41:58', '2021-04-08 05:27:07'),
(59, 5, 6, 19, 31, 74, '(२२) भीतरी समृद्धि', NULL, 'file', NULL, NULL, '', '(22) BHITARI SAMRUDDHI', 'Active', 11, '2021-04-08 04:42:58', '2021-04-08 05:28:07'),
(60, 5, 6, 19, 31, 74, '(२३) भूख', NULL, 'file', NULL, NULL, '', '(23) BHOOKH', 'Active', 12, '2021-04-08 04:43:34', '2021-04-08 05:28:56'),
(61, 5, 6, 19, 31, 74, 'प्रयोजनमूलक हिंदी - संचार माध्यम', NULL, 'file', NULL, NULL, '', 'PRAYOJANMOOLAK HINDI  - SANCHAR MADHYAM', 'Active', 13, '2021-04-08 04:46:04', '2021-04-08 05:30:17'),
(62, 5, 6, 19, 31, 74, 'प्रयोजनमूलक हिंदी - पत्र-लेखन', NULL, 'file', NULL, NULL, '', 'PRAYOJANMOOLAK HINDI  - PATRA-LEKHAN', 'Active', 14, '2021-04-08 04:46:58', '2021-04-08 05:31:14'),
(63, 5, 6, 19, 31, 74, 'प्रयोजनमूलक हिंदी - पत्राचार', NULL, 'file', NULL, NULL, '', 'PRAYOJANMOOLAK HINDI  - PATRACHAR', 'Active', 15, '2021-04-08 04:48:59', '2021-04-08 05:32:01'),
(64, 5, 6, 19, 31, 74, 'पूरक वाचन १ - क्रिकेट जगत में अनुशासन और टीम भावना', NULL, 'file', NULL, NULL, '', 'POORAK VACHAN 1 - KRIKET JAGAT ME ANUSHASAN AUR TEEM BHAVNA', 'Active', 16, '2021-04-08 04:51:54', '2021-04-08 05:34:20'),
(65, 5, 6, 19, 31, 74, 'पूरक वाचन २ - जालियावाला बाग में वसंत', NULL, 'file', NULL, NULL, '', 'POORAK VACHAN 2 - JALIYAVALA BAG ME VASANT', 'Active', 17, '2021-04-08 04:53:28', '2021-04-08 05:35:58'),
(66, 5, 6, 19, 31, 74, 'पूरक वाचन ३ - सत्साहसी', NULL, 'file', NULL, NULL, '', 'POORAK VACHAN 3 - SATSAHSI', 'Active', 18, '2021-04-08 04:54:41', '2021-04-08 05:37:05'),
(67, 5, 6, 19, 31, 74, 'पूरक वाचन ४ : असाध्य एड्स', NULL, 'file', NULL, NULL, '', 'POORAK VACHAN 4 - ASADHY AIDS', 'Active', 19, '2021-04-08 04:55:47', '2021-04-08 05:38:17'),
(68, 5, 6, 19, 31, 74, 'पूरक वाचन ५ : बंटी की उलजन', NULL, 'file', NULL, NULL, '', 'POORAK VACHAN 5 - BANTI KI ULAJAN', 'Active', 20, '2021-04-08 04:57:26', '2021-04-08 05:39:13'),
(69, 5, 6, 19, 30, 83, '(1) Against The Odds', NULL, 'file', '', '', '', '(1) AGAINST THE ODDS', 'Active', 1, '2021-04-08 06:23:18', '2021-04-08 06:23:18'),
(70, 5, 6, 19, 30, 83, '(2) The Human Robot', NULL, 'file', '', '', '', '(2) THE HUMAN ROBOT', 'Active', 2, '2021-04-08 06:23:46', '2021-04-08 06:23:46'),
(71, 5, 6, 19, 30, 83, '(3) An Interview With Arun', NULL, 'file', '', '', '', '(3) AN INTERVIEW WITH ARUN', 'Active', 3, '2021-04-08 06:24:37', '2021-04-08 06:24:37'),
(72, 5, 6, 19, 30, 83, '(4) A Wonderful Creation', NULL, 'file', '', '', '', '(4) A WONDERFUL CREATION', 'Active', 4, '2021-04-08 06:26:29', '2021-04-08 06:26:29'),
(73, 5, 6, 19, 30, 83, '(5) Playing With Fire', NULL, 'file', '', '', '', '(5) PLAYING WITH FIRE', 'Active', 5, '2021-04-08 06:27:32', '2021-04-08 06:27:32'),
(74, 5, 6, 19, 31, 84, '(6) I Love You, Teacher', NULL, 'file', '', '', '', '(6) I LOVE YOU, TEACHER', 'Active', 1, '2021-04-08 06:29:31', '2021-04-08 06:29:31'),
(75, 5, 6, 19, 31, 84, '(7) Kach & Devyani', NULL, 'file', '', '', '', '(7) KACH & DEVYANI', 'Active', 2, '2021-04-08 06:30:15', '2021-04-08 06:30:15'),
(76, 5, 6, 19, 31, 84, '(8) Our Feathered Friends', NULL, 'file', '', '', '', '(8) OUR FEATHERED FRIENDS', 'Active', 3, '2021-04-08 06:31:02', '2021-04-08 06:31:02'),
(77, 5, 6, 19, 31, 84, '(9) Turn Up O Teens', NULL, 'file', '', '', '', '(9) TURN UP O TEENS', 'Active', 4, '2021-04-08 06:31:42', '2021-04-08 06:31:42'),
(78, 5, 6, 19, 31, 84, '(10) Test of True Love', NULL, 'file', '', '', '', '(10) TEST OF TRUE LOVE', 'Active', 5, '2021-04-08 06:32:17', '2021-04-08 06:32:17'),
(79, 5, 6, 19, 31, 84, 'Poems 1 - My Song', NULL, 'file', '', '', '', 'POEMS 1 - MY SONG', 'Active', 6, '2021-04-08 06:32:56', '2021-04-08 06:32:56'),
(80, 5, 6, 19, 31, 84, 'Poems 2 - Pencil', NULL, 'file', '', '', '', 'POEMS 2 - PENCIL', 'Active', 7, '2021-04-08 06:33:22', '2021-04-08 06:33:22'),
(81, 5, 6, 19, 31, 84, 'Poems 3 - Growing', NULL, 'file', '', '', '', 'POEMS 3 - GROWING', 'Active', 8, '2021-04-08 06:33:47', '2021-04-08 06:33:47'),
(82, 5, 6, 19, 31, 84, 'Poems 4 - Vanila Twilight', NULL, 'file', '', '', '', 'POEMS 4 - VANILA TWILIGHT', 'Active', 9, '2021-04-08 06:34:24', '2021-04-08 06:34:24'),
(83, 5, 6, 19, 30, 93, '(१) सं वदध्वम', NULL, 'file', '', '', '', '(1) SAN VADDHVAM', 'Active', 1, '2021-04-08 06:39:20', '2021-04-08 06:39:20'),
(84, 5, 6, 19, 30, 93, '(२) यद्धविषयो विनश्यति', NULL, 'file', '', '', '', '(2) YADDHAVISHYO VINASHYATI', 'Active', 2, '2021-04-08 06:40:24', '2021-04-08 06:40:24'),
(85, 5, 6, 19, 30, 93, '(३) स्वस्थवृतं समाचर', NULL, 'file', '', '', '', '(3) SVSTHVRUTM SAMACHAR', 'Active', 3, '2021-04-08 06:41:26', '2021-04-08 06:41:26'),
(86, 5, 6, 19, 30, 93, '(४) जनार्दनस्य पश्चिम: सन्देश:', NULL, 'file', NULL, NULL, '', '(4) JANARDANSY PASCHIM SANDESH', 'Active', 4, '2021-04-08 06:43:08', '2021-04-08 06:44:29'),
(87, 5, 6, 19, 30, 93, '(५) गुणवती कन्या', NULL, 'file', '', '', '', '(5) GUNVATI KANYA', 'Active', 5, '2021-04-08 10:46:36', '2021-04-08 10:46:36'),
(88, 5, 6, 19, 30, 93, '(६) काष्टखण्ड:', NULL, 'file', '', '', '', '(6) KASHTKHAND', 'Active', 6, '2021-04-08 10:47:25', '2021-04-08 10:47:25'),
(89, 5, 6, 19, 30, 93, '(७) सुभाषितकुसुमानि', NULL, 'file', '', '', '', '(7) SUBHASHITKUSUMANI', 'Active', 7, '2021-04-08 10:48:25', '2021-04-08 10:48:25'),
(90, 5, 6, 19, 30, 93, '(८) साक्षिभूत: मनुष्य:', NULL, 'file', '', '', '', '(8) SAKSHIBHOOT MANUSHY', 'Active', 8, '2021-04-08 10:49:43', '2021-04-08 10:49:43'),
(91, 5, 6, 19, 30, 93, '(९) चक्षुष्मान अन्ध एव', NULL, 'file', '', '', '', '(9) CHAKSHUSHMAN ANDH EVA', 'Active', 9, '2021-04-08 10:51:46', '2021-04-08 10:51:46'),
(92, 5, 6, 19, 30, 93, '(१०) त्वमेका भवानि', NULL, 'file', '', '', '', '(10) TVAMEKA BHAVANI', 'Active', 10, '2021-04-08 10:52:48', '2021-04-08 10:52:48'),
(93, 5, 6, 19, 31, 94, '(११) यस्य जननं तस्य मरणम', NULL, 'file', '', '', '', '(11) YASY JANANAM TASYA MARANAM', 'Active', 1, '2021-04-08 10:56:48', '2021-04-08 10:56:48'),
(94, 5, 6, 19, 31, 94, '(१२) कलिकालसर्वज्ञो', NULL, 'file', '', '', '', '(12) KALIKALSARVGNO', 'Active', 2, '2021-04-08 11:13:53', '2021-04-08 11:13:53'),
(95, 5, 6, 19, 31, 94, '(१३) गीतामृतम', NULL, 'file', '', '', '', '(13) GEETAMRUTAM', 'Active', 3, '2021-04-08 11:14:49', '2021-04-08 11:14:49'),
(96, 5, 6, 19, 31, 94, '(१४) क इदं दुष्करं कुर्यात', NULL, 'file', '', '', '', '(14) K IDAM DUSHKARAM KURYAT', 'Active', 4, '2021-04-08 11:18:29', '2021-04-08 11:18:29'),
(97, 5, 6, 19, 31, 94, '(१४) क इदं दुष्करं कुर्यात', NULL, 'file', '', '', '', '(14) K IDAM DUSHKARAM KURYAT', 'Active', 5, '2021-04-08 11:18:32', '2021-04-08 11:18:32'),
(98, 5, 6, 19, 31, 94, '(१५) जय: पराजयो वा', NULL, 'file', '', '', '', '(15) JAY PARAJAYO VA', 'Active', 6, '2021-04-08 11:19:53', '2021-04-08 11:19:53'),
(99, 5, 6, 19, 31, 94, '(१६) अभ्दुतं युद्धम', NULL, 'file', '', '', '', '(16) ABHDUTAM YUDDHAM', 'Active', 7, '2021-04-08 11:20:59', '2021-04-08 11:20:59'),
(100, 5, 6, 19, 31, 94, '(१७) स्वाभाविकं साद्रुश्यम', NULL, 'file', '', '', '', '(17) SVABHAVIKAM SADRUSHYAM', 'Active', 8, '2021-04-08 11:22:21', '2021-04-08 11:22:21'),
(101, 5, 6, 19, 31, 94, '(१८) मुत्कानि मुत्ककानि', NULL, 'file', '', '', '', '(18) MUTKANI MUTKKANI', 'Active', 9, '2021-04-08 11:23:53', '2021-04-08 11:23:53'),
(102, 5, 6, 19, 31, 94, '(१९) सत्यं मयूर:', NULL, 'file', '', '', '', '(19) SATYAM MAYOOR', 'Active', 10, '2021-04-08 11:24:49', '2021-04-08 11:24:49'),
(103, 5, 6, 19, 31, 94, '(२०) तथैव तिष्ठति', NULL, 'file', '', '', '', '(20) TATHAIV TISHTHATI', 'Active', 11, '2021-04-08 11:25:43', '2021-04-08 11:25:43'),
(104, 5, 6, 19, 31, 94, 'अभ्यास 1 - પુનરાવર્તન અને ક્રિયાપદ-પરિચય', NULL, 'file', '', '', '', 'ABHYAS 1 - PUNARAVARTAN ANE KRIYAPD - PARICHAY', 'Active', 12, '2021-04-08 11:28:36', '2021-04-08 11:28:36'),
(105, 5, 6, 19, 31, 94, 'अभ्यास 2 - વિશેષણ-પ્રયોગ-પરિચય', NULL, 'file', '', '', '', 'ABHYAS 2 - VISHESHAN-PRAYOG-PARICHAY', 'Active', 13, '2021-04-08 11:30:21', '2021-04-08 11:30:21'),
(106, 5, 6, 19, 31, 94, 'अभ्यास ३ - ઉપપદ-વિભક્તિ-પરિચય', NULL, 'file', '', '', '', 'ABHYAS 3 - UPAPAD-VIBHAKTI-PARICHAY', 'Active', 14, '2021-04-08 11:31:50', '2021-04-08 11:31:50'),
(107, 5, 6, 19, 31, 94, 'अभ्यास ४ - કૃદંત પરિચય', NULL, 'file', '', '', '', 'ABHYAS 4 - KRUDANT PARICHAY', 'Active', 15, '2021-04-08 11:32:53', '2021-04-08 11:32:53'),
(108, 5, 6, 19, 31, 94, 'अभ्यास ५ - સમાસ-પરિચય', NULL, 'file', '', '', '', 'ABHYAS 5 - SAMAS-PARICHAY', 'Active', 16, '2021-04-08 11:34:20', '2021-04-08 11:34:20'),
(109, 5, 6, 19, 31, 94, 'अभ्यास ६ - વિસર્ગસંધિ-પરિચય', NULL, 'file', '', '', '', 'ABHYAS 6 - VISARGSANDHI-PARICHAY', 'Active', 17, '2021-04-08 11:35:28', '2021-04-08 11:35:28'),
(110, 5, 6, 19, 30, 103, '(૧) વાસ્તવિક સંખ્યાઓ', NULL, 'file', '', '', '', '(1) VASTAVIK SANKHYAO', 'Active', 1, '2021-04-08 11:37:19', '2021-04-08 11:37:19'),
(111, 5, 6, 19, 30, 103, '(૨) બહુપદીઓ', NULL, 'file', '', '', '', '(2) BAHUPADIO', 'Active', 2, '2021-04-08 11:38:03', '2021-04-08 11:38:03'),
(112, 5, 6, 19, 30, 103, '(3) દ્વિચલ સુરેખ સમીકરણયુગ્મ', NULL, 'file', '', '', '', '(3) DVICHAL SUREKH SAMIKARANYUGMA', 'Active', 3, '2021-04-08 11:38:56', '2021-04-08 11:38:56'),
(113, 5, 6, 19, 30, 103, '(૪) દ્વિઘાત સમીકરણ', NULL, 'file', '', '', '', '(4) DVIGHAT SAMIKARAN', 'Active', 4, '2021-04-08 11:39:43', '2021-04-08 11:39:43'),
(114, 5, 6, 19, 30, 103, '(૫) સમાંતર શ્રેણી', NULL, 'file', '', '', '', '(5) SAMANTAR SHRENI', 'Active', 5, '2021-04-08 11:40:45', '2021-04-08 11:40:45'),
(115, 5, 6, 19, 30, 103, '(૬) ત્રિકોણ', NULL, 'file', '', '', '', '(6) TRIKON', 'Active', 6, '2021-04-08 11:41:25', '2021-04-08 11:41:25'),
(116, 5, 6, 19, 30, 103, '(૭) યામ ભૂમિતિ', NULL, 'file', '', '', '', '(7) YAM BHOOMITI', 'Active', 7, '2021-04-08 11:42:05', '2021-04-08 11:42:05'),
(117, 5, 6, 19, 30, 103, '(૮) ત્રિકોણમિતિનો પરિચય', NULL, 'file', '', '', '', '(8) TRIKONMITINO PARICHAY', 'Active', 8, '2021-04-08 11:42:49', '2021-04-08 11:42:49'),
(118, 5, 6, 19, 31, 104, '(૯) ત્રિકોણમિતિના ઉપયોગો', NULL, 'file', '', '', '', '(9) TRIKONMITINO UPYOG', 'Active', 1, '2021-04-08 11:46:54', '2021-04-08 11:46:54'),
(119, 5, 6, 19, 31, 104, '(૧૦) વર્તુળ', NULL, 'file', '', '', '', '(10) VARTUL', 'Active', 2, '2021-04-08 11:48:11', '2021-04-08 11:48:11'),
(120, 5, 6, 19, 31, 104, '(૧૧) રચના', NULL, 'file', '', '', '', '(11) RACHNA', 'Active', 3, '2021-04-08 11:49:57', '2021-04-08 11:49:57'),
(121, 5, 6, 19, 30, 113, '(૧) રાસાયણિક પ્રક્રિયાઓ અને સમીકરણો', NULL, 'file', NULL, NULL, '', '(11) RASAYANIK PRAKRIYAO ANE SAMIKARNO', 'Active', 4, '2021-04-08 11:50:02', '2021-04-08 12:31:23'),
(122, 5, 6, 19, 31, 104, '(૧૨) વર્તુળ સંબંધિત ક્ષેત્રફળ', NULL, 'file', '', '', '', '(12) VARTUL SAMBANDHIT KSHETRAFAL', 'Active', 5, '2021-04-08 11:52:22', '2021-04-08 11:52:22'),
(123, 5, 6, 19, 31, 104, '(૧૩) પૃષ્ઠફળ અને ઘનફળ', NULL, 'file', '', '', '', '(13) PRUSHTHFAL ANE GHANFAL', 'Active', 6, '2021-04-08 11:55:30', '2021-04-08 11:55:30'),
(124, 5, 6, 19, 31, 104, '(૧૪) આંકડાશાસ્ત્ર', NULL, 'file', '', '', '', '(14) AAKDASHASTRA', 'Active', 7, '2021-04-08 11:56:58', '2021-04-08 11:56:58'),
(125, 5, 6, 19, 31, 104, '(૧૫) સંભાવના', NULL, 'file', '', '', '', '(15) SAMBHAVNA', 'Active', 8, '2021-04-08 11:58:52', '2021-04-08 11:58:52'),
(126, 5, 6, 19, 31, 104, 'પરિશિષ્ટ A૧ - ગણિતમાં સાબિતીઓ', NULL, 'file', '', '', '', 'PARISHISHT A1 - GANITMA SABITIO', 'Active', 9, '2021-04-08 12:01:07', '2021-04-08 12:01:07'),
(127, 5, 6, 19, 31, 104, 'પરિશિષ્ટ A૨ - ગાણિતિક મોડેલિંગ', NULL, 'file', '', '', '', 'PARISHISHT A2 - GANITIK MODELING', 'Active', 10, '2021-04-08 12:02:18', '2021-04-08 12:02:18'),
(128, 5, 6, 19, 31, 104, 'જવાબો અને સૂચનો', NULL, 'file', NULL, NULL, '', 'JAVABO ANE SOOCHNO', 'Active', 11, '2021-04-08 12:02:53', '2021-04-08 12:03:20'),
(129, 5, 6, 19, 30, 103, 'જવાબો અને સૂચનો', NULL, 'file', NULL, NULL, '', 'JAVABO ANE SOOCHANO', 'Active', 9, '2021-04-08 12:05:07', '2021-04-08 12:05:51'),
(130, 5, 6, 19, 30, 113, '(૨) એસિડ, બેઇઝ અને ક્ષાર', NULL, 'file', '', '', '', '(2) ECID, BEIZ ANE KSHAR', 'Active', 5, '2021-04-08 13:18:06', '2021-04-08 13:18:06'),
(131, 5, 6, 19, 30, 113, '(3) ધાતુ અને અધાતુ', NULL, 'file', '', '', '', '(3) DHATU ANE ADHATU', 'Active', 6, '2021-04-08 13:20:24', '2021-04-08 13:20:24'),
(132, 5, 6, 19, 30, 113, '(૪) કાર્બન અને તેના સંયોજનો', NULL, 'file', '', '', '', '(4) KARBAN ANE TENA SANYOJANO', 'Active', 7, '2021-04-08 13:22:40', '2021-04-08 13:22:40'),
(133, 5, 6, 19, 30, 113, '(૫) તત્વોનું આવર્તનીય વર્ગીકરણ', NULL, 'file', '', '', '', '(5) TATVONU AAVARTANIY VARGIKARAN', 'Active', 8, '2021-04-08 13:23:57', '2021-04-08 13:23:57'),
(134, 5, 6, 19, 30, 113, '(૬) જૈવિક ક્રિયાઓ', NULL, 'file', '', '', '', '(6) JAIVIK KRIYAO', 'Active', 9, '2021-04-08 13:24:37', '2021-04-08 13:24:37'),
(135, 5, 6, 19, 30, 113, '(૭) નિયંત્રણ અને સંકલન', NULL, 'file', '', '', '', '(7) NIYANTRAN ANE SANKALAN', 'Active', 10, '2021-04-08 13:25:26', '2021-04-08 13:25:26'),
(136, 5, 6, 19, 30, 113, '(૮) સજીવો કેવી રીતે પ્રજનન કરે છે ?', NULL, 'file', '', '', '', '(8) SAJEEVO KEVI RITE PRAJANAN KARE CHHE ?', 'Active', 11, '2021-04-08 13:29:08', '2021-04-08 13:29:08'),
(137, 5, 6, 19, 30, 113, 'જવાબો', NULL, 'file', '', '', '', 'JAVABO', 'Active', 12, '2021-04-08 13:29:52', '2021-04-08 13:29:52'),
(138, 5, 6, 19, 31, 114, '(૯) આનુવંશિકતા અને ઉદવિકાસ', NULL, 'file', '', '', '', '(9) AANUVANSHIKATA ANE UDAVIKAS', 'Active', 1, '2021-04-08 13:32:08', '2021-04-08 13:32:08'),
(139, 5, 6, 19, 31, 114, '(૧૦) પરાવર્તન અને વક્રીભવન', NULL, 'file', '', '', '', '(10) PARAVARTAN ANE VAKRIBHAVAN', 'Active', 2, '2021-04-08 13:33:03', '2021-04-08 13:33:03'),
(140, 5, 6, 19, 31, 114, '(૧૧) માનવ આંખ અને રંગબેરંગી', NULL, 'file', '', '', '', '(11) MANAV AANKH ANE RANGBERANGI', 'Active', 3, '2021-04-08 13:33:55', '2021-04-08 13:33:55'),
(141, 5, 6, 19, 31, 114, '(૧૨) વિદ્યુત', NULL, 'file', '', '', '', '(12) VIDHYUT', 'Active', 4, '2021-04-08 13:34:36', '2021-04-08 13:34:36'),
(142, 5, 6, 19, 31, 114, '(૧૩) વિદ્યુતપ્રવાહની ચુંબકીય અસરો', NULL, 'file', '', '', '', '(13) VIDHYUTPRAVAHNI CHUMBAKIY ASARO', 'Active', 5, '2021-04-08 13:36:55', '2021-04-08 13:36:55'),
(143, 5, 6, 19, 31, 114, '(૧૪) ઊર્જાના સ્ત્રોતો', NULL, 'file', '', '', '', '(14) URJANA STROTO', 'Active', 6, '2021-04-08 13:37:31', '2021-04-08 13:37:31'),
(144, 5, 6, 19, 31, 114, '(૧૫) આપણું પર્યાવરણ', NULL, 'file', '', '', '', '(15) AAPNU PRYAVARAN', 'Active', 7, '2021-04-08 13:38:15', '2021-04-08 13:38:15'),
(145, 5, 6, 19, 31, 114, '(૧૬) નૈસર્ગિક સ્ત્રોતોનું પ્રબંધન', NULL, 'file', '', '', '', '(16) NAISARGIK STROTONU PRABANDHAN', 'Active', 8, '2021-04-08 13:39:15', '2021-04-08 13:39:15'),
(146, 5, 6, 19, 31, 114, 'જવાબો', NULL, 'file', '', '', '', 'JAVABO', 'Active', 9, '2021-04-08 13:39:39', '2021-04-08 13:39:39'),
(147, 5, 6, 19, 30, 123, '(૧) ભારતનો વારસો', NULL, 'file', '', '', '', '(1) BHARATNO VARSO', 'Active', 1, '2021-04-08 14:51:35', '2021-04-08 14:51:35'),
(148, 5, 6, 19, 30, 123, '(૨) ભારતનો સાંસ્કૃતિક વારસો : પરંપરાઓ : હસ્ત અને લલિતકલા', NULL, 'file', '', '', '', '(2) BHARAT NO SANSKRUTIK VARSO : PARAMPARAO : HAST ANE LALITKALA', 'Active', 2, '2021-04-08 14:53:34', '2021-04-08 14:53:34'),
(149, 5, 6, 19, 30, 123, '(3) ભારતનો સાંસ્કૃતિક વારસો : શિલ્પ અને સ્થાપત્ય', NULL, 'file', '', '', '', '(3) BHARAT NO SANSKRUTIK VARSO : SHILP ANE STHAPTAY', 'Active', 3, '2021-04-08 14:54:49', '2021-04-08 14:54:49'),
(150, 5, 6, 19, 30, 123, '(૪) ભારતનો સાહિત્યિક વારસો', NULL, 'file', '', '', '', '(4) BHARATNO SAHITIYK VARSO', 'Active', 4, '2021-04-08 14:55:54', '2021-04-08 14:55:54'),
(151, 5, 6, 19, 30, 123, '(૫) ભારતનો વિજ્ઞાન અને ટેકનોલોજીનો વારસો', NULL, 'file', '', '', '', '(5) BHARATNO VIGNAN ANE TEKNOLOGYNO VARSO', 'Active', 5, '2021-04-08 14:57:24', '2021-04-08 14:57:24'),
(152, 5, 6, 19, 30, 123, '(૬) ભારતના સાંસ્કૃતિક વારસાનાં સ્થળો', NULL, 'file', '', '', '', '(6) BHARATNA SANSKRUTIK VARSANA STHLO', 'Active', 6, '2021-04-08 14:58:49', '2021-04-08 14:58:49'),
(153, 5, 6, 19, 30, 123, '(૭) આપણા વારસાનું જતન', NULL, 'file', '', '', '', '(7) AAPNA VARSANU JATAN', 'Active', 7, '2021-04-08 14:59:53', '2021-04-08 14:59:53'),
(154, 5, 6, 19, 30, 123, '(૮) કુદરતી સંસાધનો', NULL, 'file', '', '', '', '(8) KUDARATI SANSADHNO', 'Active', 8, '2021-04-08 15:00:52', '2021-04-08 15:00:52'),
(155, 5, 6, 19, 30, 123, '(૯) વેન અને વન્યજીવ સંસાધન', NULL, 'file', '', '', '', '(9) VEN ANE VANYJEEV SANSADHAN', 'Active', 9, '2021-04-08 15:01:46', '2021-04-08 15:01:46'),
(156, 5, 6, 19, 30, 123, '(૧૦) ભારત : કૃષિ', NULL, 'file', '', '', '', '(10) BHARAT : KRUSHI', 'Active', 10, '2021-04-08 15:03:25', '2021-04-08 15:03:25'),
(157, 5, 6, 19, 31, 124, '(૧૧) ભારત : જળ સંસાધન', NULL, 'file', '', '', '', '(11) BHARAT : JAL SANSADHAN', 'Active', 1, '2021-04-08 15:05:23', '2021-04-08 15:05:23'),
(158, 5, 6, 19, 31, 124, '(૧૨) ભારત : ખનિજ અને શક્તિનાં સંસાધનો', NULL, 'file', '', '', '', '(12) BHARAT : KHANIJ ANE SHAKTINA SANSADHNO', 'Active', 2, '2021-04-08 15:07:14', '2021-04-08 15:07:14'),
(159, 5, 6, 19, 31, 124, '(૧૩) ઉત્પાદન ઉદ્યોગો', NULL, 'file', '', '', '', '(13) UTPADAN UDHYOGO', 'Active', 3, '2021-04-08 15:08:18', '2021-04-08 15:08:18'),
(160, 5, 6, 19, 31, 124, '(૧૪) પરિવહન, સંદેશાવ્યવહાર અને વ્યાપાર', NULL, 'file', '', '', '', '(14) PARIVAHAN, SANDESHAVYAVHAR ANE VYAPAR', 'Active', 4, '2021-04-08 15:09:57', '2021-04-08 15:09:57'),
(161, 5, 6, 19, 31, 124, '(૧૫) આર્થિક વિકાસ', NULL, 'file', '', '', '', '(15) AARTHIK VIKAS', 'Active', 5, '2021-04-08 15:11:03', '2021-04-08 15:11:03'),
(162, 5, 6, 19, 31, 124, '(૧૬) આર્થિક ઉદારીકરણ અને વૈશ્વિકીકરણ', NULL, 'file', '', '', '', '(16) AARTHIK UDARIKARAN ANE VAISHVIKIKARAN', 'Active', 6, '2021-04-08 15:12:11', '2021-04-08 15:12:11'),
(163, 5, 6, 19, 31, 124, '(૧૭) આર્થિક સમસ્યાઓ અને પડકારો : ગરીબી અને બેરોજગારી', NULL, 'file', '', '', '', '(17) AARTHIK SAMSYAO ANE PADKARO : GARIBI ANE BEROJGARI', 'Active', 7, '2021-04-08 15:14:20', '2021-04-08 15:14:20'),
(164, 5, 6, 19, 31, 124, '(૧૮) ભાવવધારો અને ગ્રાહક જાગૃતિ\'', NULL, 'file', '', '', '', '(18) BHAVVADHARO ANE GRAHAK JAGRUTI', 'Active', 8, '2021-04-08 15:15:11', '2021-04-08 15:15:11'),
(165, 5, 6, 19, 31, 124, '(૧૯) માનવ વિકાસ', NULL, 'file', '', '', '', '(19) MANAV VIKAS', 'Active', 9, '2021-04-08 15:15:58', '2021-04-08 15:15:58'),
(166, 5, 6, 19, 31, 124, '(૨૦) ભારતની સામાજિક સમસ્યાઓ અને પડકારો', NULL, 'file', '', '', '', '(20) BHARATNI SAMAJIK SAMASYAO ANE PADKARO', 'Active', 10, '2021-04-08 15:17:38', '2021-04-08 15:17:38'),
(167, 5, 6, 19, 31, 124, '(૨૧) સામાજિક પરિવર્તન', NULL, 'file', '', '', '', '(21) SAMAJIK PARIVARTAN', 'Active', 11, '2021-04-08 15:18:29', '2021-04-08 15:18:29'),
(168, 5, 6, 18, 28, 61, '(૧) સાંજ સમે શામળિયો', NULL, 'file', '', '', '', '(1) SANJ SAME SHAMALIYO', 'Active', 1, '2021-04-09 04:05:05', '2021-04-09 04:05:05'),
(169, 5, 6, 18, 28, 61, '(૨) ચોરી અને પ્રાયશ્ચિત', NULL, 'file', '', '', '', '(2) CHORI ANE PRAYSCHIT', 'Active', 2, '2021-04-09 04:05:49', '2021-04-09 04:05:49'),
(170, 5, 6, 18, 28, 61, '(3) પછે શામળિયોજી બોલિયા', NULL, 'file', '', '', '', '(3) PACHHE SHAMALIYOJEE BOLIYA', 'Active', 3, '2021-04-09 04:07:13', '2021-04-09 04:07:13'),
(171, 5, 6, 18, 28, 61, '(૪) ગોપાળબાપા', NULL, 'file', '', '', '', '(4) GOPALBAPA', 'Active', 4, '2021-04-09 04:07:46', '2021-04-09 04:07:46'),
(172, 5, 6, 18, 28, 61, '(૫) ગુર્જરીના ગૃહકુંજે', NULL, 'file', '', '', '', '(5) GURJARINA GRUHKUNJE', 'Active', 5, '2021-04-09 04:08:41', '2021-04-09 04:08:41'),
(173, 5, 6, 18, 28, 61, '(૬) લોહીની સગાઈ', NULL, 'file', '', '', '', '(6) LOHINI SAGAI', 'Active', 6, '2021-04-09 04:09:27', '2021-04-09 04:09:27'),
(174, 5, 6, 18, 28, 61, '(૭) કામ કરે ઈ જીતે', NULL, 'file', '', '', '', '(7) KAM KARE E JEETE', 'Active', 7, '2021-04-09 04:10:10', '2021-04-09 04:10:10'),
(175, 5, 6, 18, 28, 61, '(૮) છાલ, છોતરાં અને ગોટલા', NULL, 'file', '', '', '', '(8) CHHAL, CHHOTARA ANE GOTALA', 'Active', 8, '2021-04-09 04:11:22', '2021-04-09 04:11:22'),
(176, 5, 6, 18, 28, 61, '(૯) પુત્રવધુનું સ્વાગત', NULL, 'file', '', '', '', '(9) PUTRAVADHUNU SVAGAT', 'Active', 9, '2021-04-09 04:12:10', '2021-04-09 04:12:10'),
(177, 5, 6, 18, 28, 61, '(૧૦) ભારતીય સંસ્કૃતિની સિદ્ધિ', NULL, 'file', '', '', '', '(10) BHARATIY SANSKRUTINI SIDDHI', 'Active', 10, '2021-04-09 04:13:08', '2021-04-09 04:13:08'),
(178, 5, 6, 18, 28, 61, '(૧૧) મરજીવિયા', NULL, 'file', '', '', '', '(11) MARAJEEVIYA', 'Active', 11, '2021-04-09 04:13:49', '2021-04-09 04:13:49'),
(179, 5, 6, 18, 28, 61, '(૧૨) સખી માર્કડી', NULL, 'file', '', '', '', '(12) SAKHI MARKADI', 'Active', 12, '2021-04-09 04:14:29', '2021-04-09 04:14:29'),
(180, 5, 6, 18, 28, 61, 'વ્યાકરણ ૧ - ધ્વનિક્ષેણી, સંજ્ઞા, વિશેષણ, સર્વનામ', NULL, 'file', '', '', '', 'VYAKARAN 1 - DHVANIKSHENI, SAGNA, VISHESHAN, SARVNAM', 'Active', 13, '2021-04-09 04:16:17', '2021-04-09 04:16:17'),
(181, 5, 6, 18, 28, 61, 'વ્યાકરણ ૨ - ધાતુ- પ્રત્યય', NULL, 'file', '', '', '', 'VYAKARAN 2 - DHATU-PRATYAY', 'Active', 14, '2021-04-09 04:17:24', '2021-04-09 04:17:24'),
(182, 5, 6, 18, 28, 61, 'વ્યાકરણ 3 - રવાનુકારી, અંગસાધક પ્રત્યય, સંધિ', NULL, 'file', '', '', '', 'VYAKARAN 3 - RAVANUKARI, ANGASADHAK PRATYAY, SANDHI', 'Active', 15, '2021-04-09 04:18:55', '2021-04-09 04:18:55'),
(183, 5, 6, 18, 29, 62, '(૧૩) રસ્તો કરી જવાના', NULL, 'file', '', '', '', '(13) RASTO KARI JAVANA', 'Active', 1, '2021-04-09 04:20:33', '2021-04-09 04:20:33'),
(184, 5, 6, 18, 29, 62, '(૧૪) વાડી પરનાં વહાલાં', NULL, 'file', '', '', '', '(14) VADI PARNA VAHALA', 'Active', 2, '2021-04-09 04:21:30', '2021-04-09 04:21:30'),
(185, 5, 6, 18, 29, 62, '(૧૫) ગોદ માતની ક્યાં ?', NULL, 'file', NULL, NULL, '', '(15) GOD MATNI KYA ?', 'Active', 3, '2021-04-09 04:22:10', '2021-04-09 04:22:55'),
(186, 5, 6, 18, 29, 62, '(૧૬) કુદરતી', NULL, 'file', '', '', '', '(16) KUDARATI', 'Active', 4, '2021-04-09 04:23:30', '2021-04-09 04:23:30'),
(187, 5, 6, 18, 29, 62, '(૧૬) કુદરતી', NULL, 'file', '', '', '', '(16) KUDARATI', 'Active', 5, '2021-04-09 04:24:07', '2021-04-09 04:24:07'),
(188, 5, 6, 18, 29, 62, '(૧૭) મારા સપનામાં આવ્યા હરિ', NULL, 'file', '', '', '', '(17) MARA SAPNAMA AAVYA HARI', 'Active', 6, '2021-04-09 04:26:01', '2021-04-09 04:26:01'),
(189, 5, 6, 18, 29, 62, '(૧૮) પંગું લંઘયતે ગિરિમ્', NULL, 'file', '', '', '', '(18) PANGUN LANGHAYATE GIRIM', 'Active', 7, '2021-04-09 04:27:50', '2021-04-09 04:27:50'),
(190, 5, 6, 18, 29, 62, '(૧૯) પપ્પા, હવે ફોન મૂકું ?', NULL, 'file', '', '', '', '(19) PAPPA, HAVE PHONE MOOKU?', 'Active', 8, '2021-04-09 04:29:04', '2021-04-09 04:29:04'),
(191, 5, 6, 18, 29, 62, '(૨૦) સમાજ સમર્પિત શ્રેષ્ઠી', NULL, 'file', '', '', '', '(20) SAMAJ SAMARPIT SHRESHTHEE', 'Active', 9, '2021-04-09 04:30:05', '2021-04-09 04:30:05'),
(192, 5, 6, 18, 29, 62, '(૨૧) તેજમલ', NULL, 'file', '', '', '', '(21) TEJAMAL', 'Active', 10, '2021-04-09 04:30:42', '2021-04-09 04:30:42'),
(193, 5, 6, 18, 29, 62, '(૨૨) બોળો', NULL, 'file', '', '', '', '(22) BOLO', 'Active', 11, '2021-04-09 04:31:21', '2021-04-09 04:31:21'),
(194, 5, 6, 18, 29, 62, '(૨૩) લઘુકાવ્યો', NULL, 'file', '', '', '', '(23) LAGHUKAVYO', 'Active', 12, '2021-04-09 04:33:04', '2021-04-09 04:33:04'),
(195, 5, 6, 18, 29, 62, '(૨૪) પ્રેરક પ્રસંગો', NULL, 'file', '', '', '', '(24) PRERAK PRASANGO', 'Active', 13, '2021-04-09 04:34:05', '2021-04-09 04:34:05'),
(196, 5, 6, 18, 29, 62, 'વ્યાકરણ ૪ - સમાસ', NULL, 'file', '', '', '', 'VYAKARAN 4 - SAMAS', 'Active', 14, '2021-04-09 04:34:57', '2021-04-09 04:34:57'),
(197, 5, 6, 18, 29, 62, 'વ્યાકરણ ૫ - વાક્યપ્રકાર', NULL, 'file', '', '', '', 'VYAKARAN 5 - VAKYAPRAKAR', 'Active', 15, '2021-04-09 04:35:40', '2021-04-09 04:35:40'),
(198, 5, 6, 18, 29, 62, 'વ્યાકરણ ૬ - અલંકાર', NULL, 'file', '', '', '', 'VYAKARAN 6 - ALANKAR', 'Active', 16, '2021-04-09 04:36:26', '2021-04-09 04:36:26'),
(199, 5, 6, 18, 29, 62, 'પૂરક વાચન ૧ - પંડ્ય નાં', NULL, 'file', '', '', '', 'POORAK VACHAN 1 - PANDYA NAA', 'Active', 17, '2021-04-09 04:37:28', '2021-04-09 04:37:28'),
(200, 5, 6, 18, 29, 62, 'પૂરક વાચન ૨ - એકલો જાણે રે', NULL, 'file', NULL, NULL, '', 'POORAK VACHN 2 - EKLO JANE RE', 'Active', 18, '2021-04-09 04:38:18', '2021-04-09 04:38:45'),
(201, 5, 6, 18, 29, 62, 'પૂરક વાચન 3 - કાશીમાની કૂતરી', NULL, 'file', '', '', '', 'POORAK VACHAN 3 - KASHIMANI KOOTARI', 'Active', 19, '2021-04-09 04:39:40', '2021-04-09 04:39:40'),
(202, 5, 6, 18, 29, 62, 'પૂરક વાચન ૪ - ઉપયોગી ટાંકણી લઈ લઈએ', NULL, 'file', '', '', '', 'POORAK VACHAN 4 - UPYOGI TANKANI LAI LAIYE', 'Active', 20, '2021-04-09 04:41:05', '2021-04-09 04:41:05'),
(203, 5, 6, 18, 28, 71, '(१) आराधना', NULL, 'file', '', '', '', '(1) AARADHANA', 'Active', 1, '2021-04-09 04:44:21', '2021-04-09 04:44:21'),
(204, 5, 6, 18, 28, 71, '(२) न्यायमंत्री', NULL, 'file', '', '', '', '(2) NAYAYMANTRI', 'Active', 2, '2021-04-09 04:45:04', '2021-04-09 04:45:04'),
(205, 5, 6, 18, 28, 71, '(३) क्या निराश हुआ जाए', NULL, 'file', '', '', '', '(3) KYA NIRASH HUA JAYE', 'Active', 3, '2021-04-09 04:45:51', '2021-04-09 04:45:51'),
(206, 5, 6, 18, 28, 71, '(४) कर्ण का जीवनदर्शन', NULL, 'file', NULL, NULL, '', '(4) KARNA KA JEEVANDARSHAN', 'Active', 4, '2021-04-09 04:46:30', '2021-04-09 04:46:59'),
(207, 5, 6, 18, 28, 71, '(५) स्वराज्य की नींव', NULL, 'file', '', '', '', '(5) SVARAJYA KI NEENV', 'Active', 5, '2021-04-09 04:48:07', '2021-04-09 04:48:07'),
(208, 5, 6, 18, 28, 71, '(६) मेरी बीमारी श्यामा ने ली', NULL, 'file', '', '', '', '(6) MERI BIMARI SHYAMA NE LEE', 'Active', 6, '2021-04-09 04:49:16', '2021-04-09 04:49:16'),
(209, 5, 6, 18, 28, 71, '(७) सूरदास के पद', NULL, 'file', '', '', '', '(7) SOORDAS KE PAD', 'Active', 7, '2021-04-09 04:50:07', '2021-04-09 04:50:07'),
(210, 5, 6, 18, 28, 71, '(८) गुलमर्ग की खिड़की से एक रात', NULL, 'file', '', '', '', '(8) GULAMARG KI KHIDKI SE EK RAT', 'Active', 8, '2021-04-09 04:51:11', '2021-04-09 04:51:11'),
(211, 5, 6, 18, 28, 71, '(९) निर्भय बनो', NULL, 'file', '', '', '', '(9) NIRBHAY BANO', 'Active', 9, '2021-04-09 04:52:04', '2021-04-09 04:52:04'),
(212, 5, 6, 18, 28, 71, '(१०) भारत गौरव', NULL, 'file', '', '', '', '(10) BHARAT GAURAV', 'Active', 10, '2021-04-09 04:52:51', '2021-04-09 04:52:51'),
(213, 5, 6, 18, 28, 71, '(११) एक यात्रा यह भी', NULL, 'file', '', '', '', '(11) EK YATRA YAH BHI', 'Active', 11, '2021-04-09 04:53:32', '2021-04-09 04:53:32'),
(214, 5, 6, 18, 28, 71, '(१२) रानी', NULL, 'file', '', '', '', '(12) RANI', 'Active', 12, '2021-04-09 04:54:03', '2021-04-09 04:54:03'),
(215, 5, 6, 18, 28, 71, 'व्याकरण १ - मुहावरें', NULL, 'file', '', '', '', 'VYAKARAN 1 - MUHAVARE', 'Active', 13, '2021-04-09 04:55:02', '2021-04-09 04:55:02'),
(216, 5, 6, 18, 28, 71, 'व्याकरण २ - अशुद्ध और शुद्ध वाक्य', NULL, 'file', '', '', '', 'VYAKARAN 2 - ASHUDDHA AUR SHUDDHA VAKYA', 'Active', 14, '2021-04-09 04:55:59', '2021-04-09 04:55:59'),
(217, 5, 6, 18, 28, 71, 'व्याकरण ३ - कहावतें', NULL, 'file', '', '', '', 'VYAKARAN 3 - KAHAVATE', 'Active', 15, '2021-04-09 04:56:57', '2021-04-09 04:56:57'),
(218, 5, 6, 18, 28, 71, 'व्याकरण ४ - वर्तनी', NULL, 'file', '', '', '', 'VYAKARAN 4 - VARTANI', 'Active', 16, '2021-04-09 04:57:46', '2021-04-09 04:57:46'),
(219, 5, 6, 18, 29, 72, '(१३) नीति के दोहे', NULL, 'file', '', '', '', '(13) NITI KE DOHE', 'Active', 1, '2021-04-09 04:59:14', '2021-04-09 04:59:14'),
(220, 5, 6, 18, 29, 72, '(१४) युग और में', NULL, 'file', '', '', '', '(14) YUG AUR ME', 'Active', 2, '2021-04-09 04:59:57', '2021-04-09 04:59:57'),
(221, 5, 6, 18, 29, 72, '(१५) दाज्यू', NULL, 'file', NULL, NULL, '', '(15) DAJYU', 'Active', 3, '2021-04-09 05:01:15', '2021-04-12 06:25:35'),
(222, 5, 6, 18, 29, 72, '(१७) तुलसी के पद', NULL, 'file', '', '', '', '(17) TULASHI KE PAD', 'Active', 4, '2021-04-09 05:01:45', '2021-04-09 05:01:45'),
(223, 5, 6, 18, 29, 72, '(१८) अंधेरी नगरी', NULL, 'file', '', '', '', '(18) ANDHERI NAGRI', 'Active', 5, '2021-04-09 05:02:29', '2021-04-09 05:02:29'),
(224, 5, 6, 18, 29, 72, '(१९) महाकवि कालिदास', NULL, 'file', '', '', '', '(19) MAHAKAVI KALIDAS', 'Active', 6, '2021-04-09 05:03:06', '2021-04-09 05:03:06'),
(225, 5, 6, 18, 29, 72, '(२०) धरती की शान', NULL, 'file', '', '', '', '(20) DHARTI KI SHAN', 'Active', 7, '2021-04-09 05:03:47', '2021-04-09 05:03:47'),
(226, 5, 6, 18, 29, 72, '(२१) क्रांतिकारी शेखर का बचपन', NULL, 'file', '', '', '', '(21) KRANTIKARI SHEKHAR KA BACHAPAN', 'Active', 8, '2021-04-09 05:04:40', '2021-04-09 05:04:40'),
(227, 5, 6, 18, 29, 72, '(२२) वीरों का कैसा हो वसंत', NULL, 'file', NULL, NULL, '', '(22) VIRO KA KAISA HO VASANT', 'Active', 9, '2021-04-09 05:05:23', '2021-04-09 05:05:53'),
(228, 5, 6, 18, 29, 72, '(२३) जब मैंने पहेली पुस्तक खरीदी', NULL, 'file', '', '', '', '(23) JAB MAINE PAHELI PUSTAK KHARIDI', 'Active', 10, '2021-04-09 05:06:53', '2021-04-09 05:06:53'),
(229, 5, 6, 18, 29, 72, '(२४) दोहे', NULL, 'file', '', '', '', '(24) DOHE', 'Active', 11, '2021-04-09 05:07:28', '2021-04-09 05:07:28'),
(230, 5, 6, 18, 29, 72, 'व्याकरण ५ - शब्द-संरचना', NULL, 'file', '', '', '', 'VYAKARAN 5 - SHABDA-SAMRACHNA', 'Active', 12, '2021-04-09 05:09:11', '2021-04-09 05:09:11'),
(231, 5, 6, 18, 29, 72, 'व्याकरण ६ - वाक्य तथा वाक्य के प्रकार', NULL, 'file', '', '', '', 'VYAKARAN 6 - VAKYA TTHA VAKYA KE PRAKAR', 'Active', 13, '2021-04-09 05:10:13', '2021-04-09 05:10:13'),
(232, 5, 6, 18, 29, 72, 'व्याकरण ७ - स्वर संधि', NULL, 'file', '', '', '', 'VYAKARAN 7 - SVAR SANDHI', 'Active', 14, '2021-04-09 05:10:56', '2021-04-09 05:10:56'),
(233, 5, 6, 18, 29, 72, 'व्याकरण ८ - समास', NULL, 'file', '', '', '', 'VYAKARAN 8 - SAMAS', 'Active', 15, '2021-04-09 05:12:13', '2021-04-09 05:12:13'),
(234, 5, 6, 18, 29, 72, 'पूरक वाचन १ - विमान से छलांग', NULL, 'file', '', '', '', 'POORAK VACHAN 1 - VIMAN SE CHHALANG', 'Active', 16, '2021-04-09 05:13:16', '2021-04-09 05:13:16'),
(235, 5, 6, 18, 29, 72, 'पूरक वाचन २ - राष्ट्र का स्वरूप', NULL, 'file', '', '', '', 'POORAK VACHAN 2 - RASHTRA KA SVARUP', 'Active', 17, '2021-04-09 05:14:15', '2021-04-09 05:14:15'),
(236, 5, 6, 18, 29, 72, 'पूरक वाचन ३ - कुण्डलयाँ', NULL, 'file', '', '', '', 'POORAK VACHAN 3 - KUNDALAYA', 'Active', 18, '2021-04-09 05:15:49', '2021-04-09 05:15:49'),
(237, 5, 6, 18, 29, 72, 'पूरक वाचन ४ - महान भारतीय वैज्ञानिक : विक्रम साराभाई', NULL, 'file', '', '', '', 'POORAK VACHAN 4 - MAHAN BHARATIY VAIGNANIK : VIKRAM SARABHAI', 'Active', 19, '2021-04-09 05:22:03', '2021-04-09 05:22:03'),
(238, 5, 6, 18, 28, 81, '(1) Cheetah\'s Tears', NULL, 'file', '', '', '', '(1) CHEETAH\'S TEARS', 'Active', 1, '2021-04-09 05:30:46', '2021-04-09 05:30:46'),
(239, 5, 6, 18, 28, 81, '(2) Dental Health', NULL, 'file', '', '', '', '(2) DENTAL HEALTH', 'Active', 2, '2021-04-09 05:31:22', '2021-04-09 05:31:22'),
(240, 5, 6, 18, 28, 81, '(3) Mohan And His Veena', NULL, 'file', '', '', '', '(3) MOHAN AND HIS VEENA', 'Active', 3, '2021-04-09 05:32:16', '2021-04-09 05:32:16'),
(241, 5, 6, 18, 28, 81, '(4) Call Of The Hills', NULL, 'file', '', '', '', '(4) CALL OF THE HILLS', 'Active', 4, '2021-04-09 05:33:01', '2021-04-09 05:33:01'),
(242, 5, 6, 18, 28, 81, '(5) Rani Ki Vaav', NULL, 'file', '', '', '', '(5) RANI KI VAAV', 'Active', 5, '2021-04-09 05:33:49', '2021-04-09 05:33:49'),
(243, 5, 6, 18, 28, 81, '(6) The Nigth Train At Deoli', NULL, 'file', '', '', '', '(6) THE NIGTH TRAIN AT DEOLI', 'Active', 6, '2021-04-09 05:35:02', '2021-04-09 05:35:02'),
(244, 5, 6, 18, 28, 81, 'English Compet - English Competence Testing : 1', NULL, 'file', '', '', '', 'ENGLISH COMPET - ENGLISH COMPETENCE TESTING : 1', 'Active', 7, '2021-04-09 05:36:42', '2021-04-09 05:36:42'),
(245, 5, 6, 18, 29, 82, '(7) Adolescents Speak', NULL, 'file', '', '', '', '(7) ADOLESCENTS SPEAK', 'Active', 1, '2021-04-09 05:38:46', '2021-04-09 05:38:46'),
(246, 5, 6, 18, 29, 82, '(8) A Day In The Life Of An Indian Fighter Pilot', NULL, 'file', '', '', '', '(8) A DAY IN THE LIFE OF AN INDIAN FIGHTER', 'Active', 2, '2021-04-09 05:40:17', '2021-04-09 05:40:17'),
(247, 5, 6, 18, 29, 82, '(9) Friend From The Sky', NULL, 'file', '', '', '', '(9) FRIEND FROM THE SKY', 'Active', 3, '2021-04-09 05:41:02', '2021-04-09 05:41:02'),
(248, 5, 6, 18, 29, 82, '(10) Ecology For Peace', NULL, 'file', '', '', '', '(10) ECOLOGY FOR PEACE', 'Active', 4, '2021-04-09 05:41:58', '2021-04-09 05:41:58'),
(249, 5, 6, 18, 29, 82, '(11) Valley Of Flowers', NULL, 'file', '', '', '', '(11) VALLEY OF FLOWERS', 'Active', 5, '2021-04-09 05:42:40', '2021-04-09 05:42:40'),
(250, 5, 6, 18, 29, 82, 'Poems 1 - The River', NULL, 'file', '', '', '', 'POEMS 1 - THE RIVER', 'Active', 6, '2021-04-09 05:43:21', '2021-04-09 05:43:21'),
(251, 5, 6, 18, 29, 82, 'Poems 2 - The Useful Plough', NULL, 'file', '', '', '', 'POEMS 2 - THE USEFUL PLOUGH', 'Active', 7, '2021-04-09 05:44:05', '2021-04-09 05:44:05'),
(252, 5, 6, 18, 29, 82, 'Poems 3 - Be The Best', NULL, 'file', '', '', '', 'POEMS 3 - BE THE BEST', 'Active', 8, '2021-04-09 05:44:41', '2021-04-09 05:44:41'),
(253, 5, 6, 18, 29, 82, 'Poems 4 - Saw The Sea', NULL, 'file', '', '', '', 'POEMS 4 - SAW THE SEA', 'Active', 9, '2021-04-09 05:45:26', '2021-04-09 05:45:26'),
(254, 5, 6, 18, 29, 82, 'English Compet - English Competence Testing:2', NULL, 'file', '', '', '', 'ENGLISH COMPET - ENGLISH COMPETENCE TESTING:2', 'Active', 10, '2021-04-09 05:46:24', '2021-04-09 05:46:24'),
(255, 5, 6, 18, 28, 91, '(१) समचर्नम', NULL, 'file', '', '', '', '(1) SAMACHARNAM', 'Active', 1, '2021-04-09 05:48:50', '2021-04-09 05:48:50'),
(256, 5, 6, 18, 28, 91, '(२) कुलस्य आचार:', NULL, 'file', '', '', '', '(2) KULASYA AACHARAH', 'Active', 2, '2021-04-09 05:49:49', '2021-04-09 05:49:49'),
(257, 5, 6, 18, 28, 91, '(३) परं निधानम्', NULL, 'file', '', '', '', '(3) PARAM NIDHANAM', 'Active', 3, '2021-04-09 05:51:16', '2021-04-09 05:51:16'),
(258, 5, 6, 18, 28, 91, '(४) वलभी विधास्थानम्', NULL, 'file', '', '', '', '(4) VALABHI VIDHYASTHANAM', 'Active', 4, '2021-04-09 05:54:40', '2021-04-09 05:54:40'),
(259, 5, 6, 18, 28, 91, '(५) सुभाषितवैभव:', NULL, 'file', '', '', '', '(5) SUBHASHITVAIBHAVAH', 'Active', 5, '2021-04-09 05:55:25', '2021-04-09 05:55:25'),
(260, 5, 6, 18, 28, 91, '(६) सर्व चारूतरं वसन्ते', NULL, 'file', '', '', '', '(6) SARV CHARUTARAM VASANTE', 'Active', 6, '2021-04-09 05:56:37', '2021-04-09 05:56:37'),
(261, 5, 6, 18, 28, 91, '(७) संहति: कार्यसाधिका', NULL, 'file', '', '', '', '(7) SAMHATI KARYASADHIKA', 'Active', 7, '2021-04-09 05:57:53', '2021-04-09 05:57:53'),
(262, 5, 6, 18, 28, 91, '(८) काषायाणा कोडपराध:', NULL, 'file', '', '', '', '(8) KASHAYANA KOAPARADH', 'Active', 8, '2021-04-09 05:59:36', '2021-04-09 05:59:36'),
(263, 5, 6, 18, 28, 91, '(९) उपकारहतास्तु कर्तवय:', NULL, 'file', '', '', '', '(9) UPKARHATASTU KARTAVAY', 'Active', 9, '2021-04-09 06:01:06', '2021-04-09 06:01:06'),
(264, 5, 6, 18, 28, 91, '(१०) दौवारिकस्य सेवानिष्ठा', NULL, 'file', '', '', '', '(10) DAUVARIKASY SEVANISHTHA', 'Active', 10, '2021-04-09 06:02:14', '2021-04-09 06:02:14'),
(265, 5, 6, 18, 29, 92, '(११) वेदितव्यानि मित्राणि', NULL, 'file', '', '', '', '(11) VEDITVYANI MITRANI', 'Active', 1, '2021-04-09 06:04:24', '2021-04-09 06:04:24'),
(266, 5, 6, 18, 29, 92, '(१२) सुभाषित-सप्तकम्', NULL, 'file', '', '', '', '(12) SUBHASHIT-SAPTKAM', 'Active', 2, '2021-04-09 06:05:32', '2021-04-09 06:05:32'),
(267, 5, 6, 18, 29, 92, '(१३) दिष्टया गोग्रहण स्वन्तम्', NULL, 'file', '', '', '', '(13) DISHTYA GOGRAHANAM SVANTAM', 'Active', 3, '2021-04-09 06:07:18', '2021-04-09 06:07:18'),
(268, 5, 6, 18, 29, 92, '(१४) हनुमाध्दणितरामवृतान्त', NULL, 'file', '', '', '', '(14) HANUMADHDARNITRAMVRUTANT', 'Active', 4, '2021-04-09 06:09:38', '2021-04-09 06:09:38'),
(269, 5, 6, 18, 29, 92, '(१५) सुदुर्लभा सर्वमनोरमा वाणी', NULL, 'file', '', '', '', '(15) SUDURLABHA SARVAMANORMA VANI', 'Active', 5, '2021-04-09 06:10:47', '2021-04-09 06:10:47'),
(270, 5, 6, 18, 29, 92, '(१६) अजेय: स भविष्यति', NULL, 'file', NULL, NULL, '', '(16) AJEY S BHAVISHYATI', 'Active', 6, '2021-04-09 06:11:48', '2021-04-09 06:12:13'),
(271, 5, 6, 18, 29, 92, '(१७) आचार्य: चरक:', NULL, 'file', '', '', '', '(17) AACHARYA CHARAK', 'Active', 7, '2021-04-09 06:12:59', '2021-04-09 06:12:59'),
(272, 5, 6, 18, 29, 92, '(१८) बिल्स्य वाणी न कदापि मे श्रुता', NULL, 'file', '', '', '', '(18) BILASYA VANI N KADAPI ME SHRUTA', 'Active', 8, '2021-04-09 06:14:02', '2021-04-09 06:14:02'),
(273, 5, 6, 18, 29, 92, '(१९) विनोदपधानि', NULL, 'file', '', '', '', '(19) VINODAPADHANI', 'Active', 9, '2021-04-09 06:15:00', '2021-04-09 06:15:00'),
(274, 5, 6, 18, 29, 92, '(२०) संस्कृतभाषाया: वैशिष्टयम्', NULL, 'file', '', '', '', '(20) SANSKRUTBHASHAYA VAISHISHTAYAM', 'Active', 10, '2021-04-09 06:16:22', '2021-04-09 06:16:22'),
(275, 5, 6, 18, 29, 92, 'अभ्यास 1 - पुनरावर्तनम्', NULL, 'file', '', '', '', 'ABHYAS 1 - PUNARAVARTANAM', 'Active', 11, '2021-04-09 06:18:13', '2021-04-09 06:18:13'),
(276, 5, 6, 18, 29, 92, 'अभ्यास 2 - कारक-विभत्किपरिचय:', NULL, 'file', '', '', '', 'ABHYAS 2 - KARAK-VIBHKTIPARICHAY', 'Active', 12, '2021-04-09 06:21:55', '2021-04-09 06:21:55'),
(277, 5, 6, 18, 29, 92, 'अभ्यास 3 - क्रियापदानि', NULL, 'file', '', '', '', 'ABHYAS 3 - KRIYAPADANI', 'Active', 13, '2021-04-09 06:22:47', '2021-04-09 06:22:47'),
(278, 5, 6, 18, 29, 92, 'अभ्यास 4 - कृदन्तपदानि', NULL, 'file', '', '', '', 'ABHYAS 4 - KRUDANTPADANI', 'Active', 14, '2021-04-09 06:23:56', '2021-04-09 06:23:56'),
(279, 5, 6, 18, 29, 92, 'अभ्यास 5 - समास-परिचय:', NULL, 'file', '', '', '', 'ABHYAS 5 - SAMAS-PARICHAY', 'Active', 15, '2021-04-09 06:26:15', '2021-04-09 06:26:15'),
(280, 5, 6, 18, 29, 92, 'अभ्यास 6 - सन्धि:', NULL, 'file', '', '', '', 'ABHYAS 6 - SANDHI', 'Active', 16, '2021-04-09 06:27:15', '2021-04-09 06:27:15'),
(281, 5, 6, 18, 29, 92, 'अभ्यास 7 - अव्ययपदानि', NULL, 'file', '', '', '', 'ABHYAS 7 - AVYAYPADANI', 'Active', 17, '2021-04-09 06:28:18', '2021-04-09 06:28:18'),
(282, 5, 6, 18, 28, 101, '(૧) સંખ્યા પદ્ધતિ', NULL, 'file', '', '', '', '(1) SANKHYA PADDHATI', 'Active', 1, '2021-04-09 06:29:42', '2021-04-09 06:29:42'),
(283, 5, 6, 18, 28, 101, '(૨) બહુપદીઓ', NULL, 'file', '', '', '', '(2) BAHUPADIO', 'Active', 2, '2021-04-09 06:30:30', '2021-04-09 06:30:30'),
(284, 5, 6, 18, 28, 101, '(3) યામ ભૂમિતિ', NULL, 'file', '', '', '', '(3) YAM BHOOMITI', 'Active', 3, '2021-04-09 06:31:12', '2021-04-09 06:31:12'),
(285, 5, 6, 18, 28, 101, '(૪) દ્વિચલ સુરેખ સમીકરણો', NULL, 'file', '', '', '', '(4) DVICHAL SUREKH SAMIKARANO', 'Active', 4, '2021-04-09 06:32:08', '2021-04-09 06:32:08'),
(286, 5, 6, 18, 28, 101, '(૫) યુક્લિડની ભૂમિતિનો પરિચય', NULL, 'file', '', '', '', '(5) YUKLIDNI BHOOMITINO PARICHAY', 'Active', 5, '2021-04-09 06:33:41', '2021-04-09 06:33:41'),
(287, 5, 6, 18, 28, 101, '(૬) રેખાઓ અને ખુણાઓ', NULL, 'file', '', '', '', '(6) REKHAO ANE KHOONAO', 'Active', 6, '2021-04-09 06:34:27', '2021-04-09 06:34:27'),
(288, 5, 6, 18, 28, 101, '(૭) ત્રિકોણ', NULL, 'file', '', '', '', '(7) TRIKON', 'Active', 7, '2021-04-09 06:34:56', '2021-04-09 06:34:56'),
(289, 5, 6, 18, 28, 101, 'જવાબો', NULL, 'file', '', '', '', 'JAVABO', 'Active', 8, '2021-04-09 06:35:32', '2021-04-09 06:35:32'),
(290, 5, 6, 18, 29, 102, '(૮) ચતુષ્કોણ', NULL, 'file', '', '', '', '(8) CHATUSHKON', 'Active', 1, '2021-04-09 06:37:11', '2021-04-09 06:37:11'),
(291, 5, 6, 18, 29, 102, '(૯) સમાંતરબાજુ ચતુષ્કોણ અને ત્રિકોણના ક્ષેત્રફળ', NULL, 'file', '', '', '', '(9) SAMANTARBAJU CHATUSHKON ANE TRIKONNA KSHETRAFAL', 'Active', 2, '2021-04-09 06:38:33', '2021-04-09 06:38:33'),
(292, 5, 6, 18, 29, 102, '(૧૦) વર્તુળ', NULL, 'file', '', '', '', '(10) VARTUL', 'Active', 3, '2021-04-09 06:39:14', '2021-04-09 06:39:14'),
(293, 5, 6, 18, 29, 102, '(૧૧) રચનાઓ', NULL, 'file', '', '', '', '(11) RACHANAO', 'Active', 4, '2021-04-09 06:40:12', '2021-04-09 06:40:12'),
(294, 5, 6, 18, 29, 102, '(૧૨) હેરોનનું સૂત્ર', NULL, 'file', '', '', '', '(12) HERONANU SOOTRA', 'Active', 5, '2021-04-09 06:40:52', '2021-04-09 06:40:52'),
(295, 5, 6, 18, 29, 102, '(૧૩) પૃષ્ઠફળ અને ઘનફળ', NULL, 'file', '', '', '', '(13) PRUSHTHFAL ANE GHANFAL', 'Active', 6, '2021-04-09 06:41:52', '2021-04-09 06:41:52'),
(296, 5, 6, 18, 29, 102, '(૧૪) આંકડાશાસ્ત્ર', NULL, 'file', '', '', '', '(14) AAKDASHASTRA', 'Active', 7, '2021-04-09 06:42:34', '2021-04-09 06:42:34'),
(297, 5, 6, 18, 29, 102, '(૧૫) સંભાવના', NULL, 'file', '', '', '', '(15) SAMBHAVNA', 'Active', 8, '2021-04-09 06:43:11', '2021-04-09 06:43:11'),
(298, 5, 6, 18, 29, 102, 'પરિશિષ્ટ ૧ - ગણિતમાં સાબિતીઓ', NULL, 'file', '', '', '', 'PARISHISHT 1 - GANITMA SABITIO', 'Active', 9, '2021-04-09 06:44:24', '2021-04-09 06:44:24'),
(299, 5, 6, 18, 29, 102, 'પરિશિષ્ટ ૨ - ગાણિતિક મોડેલનો પરિચય', NULL, 'file', '', '', '', 'PARISHISHT 2 - GANITIK MODELNO PARICHAY', 'Active', 10, '2021-04-09 06:45:42', '2021-04-09 06:45:42'),
(300, 5, 6, 18, 29, 102, 'જવાબો', NULL, 'file', '', '', '', 'JAVABO', 'Active', 11, '2021-04-09 06:46:22', '2021-04-09 06:46:22'),
(301, 5, 6, 18, 28, 111, '(૧) આપણી આસપાસમાં દ્રવ્ય', NULL, 'file', '', '', '', '(1) AAPNI AASPASMA DRAVY', 'Active', 1, '2021-04-09 07:10:25', '2021-04-09 07:10:25'),
(302, 5, 6, 18, 28, 111, '(૨) આપણી આસપાસનાં દ્રવ્યો શુદ્ધ છે ?', NULL, 'file', '', '', '', '(2) AAPNI AASPASNA DRAVYO SHUDDHA CHHE ?', 'Active', 2, '2021-04-09 07:12:55', '2021-04-09 07:12:55'),
(303, 5, 6, 18, 28, 111, '(3) પરમાણુઓ અને અણુઓ', NULL, 'file', '', '', '', '(3) PARMANUO ANE ANUO', 'Active', 3, '2021-04-09 07:14:21', '2021-04-09 07:14:21');
INSERT INTO `units` (`id`, `board_id`, `medium_id`, `standard_id`, `semester_id`, `subject_id`, `title`, `sub_title`, `url_type`, `url`, `thumbnail`, `pages`, `description`, `status`, `order_no`, `created_at`, `updated_at`) VALUES
(304, 5, 6, 18, 28, 111, '(૪) પરમાણુંનું બંધારણ', NULL, 'file', '', '', '', '(4) PARMANUNU BANDHARAN', 'Active', 4, '2021-04-09 07:15:05', '2021-04-09 07:15:05'),
(305, 5, 6, 18, 28, 111, '(૫) સજીવનો પાયો એકમ', NULL, 'file', '', '', '', '(5) SAJEEVANO PAYO EKAM', 'Active', 5, '2021-04-09 07:15:47', '2021-04-09 07:15:47'),
(306, 5, 6, 18, 28, 111, '(૬) પેશીયો', NULL, 'file', '', '', '', '(6) PESHEEYO', 'Active', 6, '2021-04-09 07:16:18', '2021-04-09 07:16:18'),
(307, 5, 6, 18, 28, 111, '(૭) સજીવોમાં વિવિધતા', NULL, 'file', '', '', '', '(7) SAJEEVOMA VIVIDHATA', 'Active', 7, '2021-04-09 07:18:30', '2021-04-09 07:18:30'),
(308, 5, 6, 18, 28, 111, 'જવાબો', NULL, 'file', '', '', '', 'JAVABO', 'Active', 8, '2021-04-09 07:18:51', '2021-04-09 07:18:51'),
(309, 5, 6, 18, 29, 112, '(૮) ગતિ', NULL, 'file', '', '', '', '(8) GATI', 'Active', 1, '2021-04-09 07:21:28', '2021-04-09 07:21:28'),
(310, 5, 6, 18, 29, 112, '(૯) બળ અને ગતિના નિયમો', NULL, 'file', '', '', '', '(9) BAL ANE GATINA NIYAMO', 'Active', 2, '2021-04-09 07:22:14', '2021-04-09 07:22:14'),
(311, 5, 6, 18, 29, 112, '(૧૦) ગુરુત્વાકર્ષણ', NULL, 'file', '', '', '', '(10) GURUTVAKARSHAN', 'Active', 3, '2021-04-09 07:22:56', '2021-04-09 07:22:56'),
(312, 5, 6, 18, 29, 112, '(૧૧) કાર્ય અને ઊર્જા', NULL, 'file', '', '', '', '(11) KARY ANE URJA', 'Active', 4, '2021-04-09 07:23:33', '2021-04-09 07:23:33'),
(313, 5, 6, 18, 29, 112, '(૧૨) ધ્વનિ', NULL, 'file', '', '', '', '(12) DHVANI', 'Active', 5, '2021-04-09 07:24:03', '2021-04-09 07:24:03'),
(314, 5, 6, 18, 29, 112, '(૧૩) આપણે શા માટે માંદા પડીએ છીએ ?', NULL, 'file', '', '', '', '(13) AAPNE SHA MATE MANDA PADIYE CHEEYE ?', 'Active', 6, '2021-04-09 07:25:47', '2021-04-09 07:25:47'),
(315, 5, 6, 18, 29, 112, '(૧૪) નેસર્ગિક સ્ત્રોતો', NULL, 'file', '', '', '', '(14) NESARGIK STROTO', 'Active', 7, '2021-04-09 07:26:29', '2021-04-09 07:26:29'),
(316, 5, 6, 18, 29, 112, '(૧૫) અન્નસ્ત્રોતોમાં સુધારણા', NULL, 'file', '', '', '', '(15) ANNASTROTOMA SUDHARNA', 'Active', 8, '2021-04-09 07:27:10', '2021-04-09 07:27:10'),
(317, 5, 6, 18, 29, 112, 'જવાબો', NULL, 'file', '', '', '', 'JAVABO', 'Active', 9, '2021-04-09 07:27:35', '2021-04-09 07:27:35'),
(318, 5, 6, 18, 28, 121, '(૧) ભારતમાં બ્રિટિશ સત્તાનો ઉદય', NULL, 'file', '', '', '', '(1) BHARATMA BRITISH SATTANO UDAY', 'Active', 1, '2021-04-09 10:22:18', '2021-04-09 10:22:18'),
(319, 5, 6, 18, 28, 121, '(૨) પ્રથમ વિશ્વયુદ્ધ અને રશિયન', NULL, 'file', '', '', '', '(2) PRATHAM VISHVYUDDHA ANE RASHIYAN', 'Active', 2, '2021-04-09 10:23:18', '2021-04-09 10:23:18'),
(320, 5, 6, 18, 28, 121, '(3) નૂતન વિશ્વ તરફ પ્રયાણ', NULL, 'file', '', '', '', '(3) NOOTAN VISHV TARAF PRAYAN', 'Active', 3, '2021-04-09 10:24:24', '2021-04-09 10:24:24'),
(321, 5, 6, 18, 28, 121, '(૪) ભારતની રાષ્ટ્રીય ચળવળો', NULL, 'file', '', '', '', '(4) BHARATNI RASHTRIY CHALAVALO', 'Active', 4, '2021-04-09 10:25:18', '2021-04-09 10:25:18'),
(322, 5, 6, 18, 28, 121, '(૫) ભારત : આઝાદી તરફ પ્રયાણ', NULL, 'file', '', '', '', '(5) BHARAT : AAZADI TARAF PRAYAN', 'Active', 5, '2021-04-09 10:26:31', '2021-04-09 10:26:31'),
(323, 5, 6, 18, 28, 121, '(૬) 1945 પછીનું વિશ્વ', NULL, 'file', '', '', '', '(6) 1945 PACHHINU VISHV', 'Active', 6, '2021-04-09 10:27:19', '2021-04-09 10:27:19'),
(324, 5, 6, 18, 28, 121, '(૭) સ્વાતંત્ર્યોત્તર ભારત', NULL, 'file', '', '', '', '(7) SVATANTRYOTTAR BHARAT', 'Active', 7, '2021-04-09 10:28:58', '2021-04-09 10:28:58'),
(325, 5, 6, 18, 28, 121, '(૮) ભારતનાં રાજ્યબંધારણનું ઘડતર અને લક્ષણો', NULL, 'file', '', '', '', '(8) BHARATNA RAJYBANDHARANNU GHADATAR ANE LAKSHANO', 'Active', 8, '2021-04-09 10:30:54', '2021-04-09 10:30:54'),
(326, 5, 6, 18, 28, 121, '(૯) મૂળભૂત હકો, મૂળભૂત ફરજો અને રાજ્યનીતિના માર્ગદર્શક સિદ્ધાંતો', NULL, 'file', '', '', '', '(9) MOOLBHOOT HAKO, MOOLBHOOT FARJO ANE RAJYANITINA MARGDARSHAK SIDDHANTO', 'Active', 9, '2021-04-09 10:32:59', '2021-04-09 10:32:59'),
(327, 5, 6, 18, 28, 121, '(૧૦) સરકારનાં અંગો', NULL, 'file', '', '', '', '(10) SARKARNA ANGO', 'Active', 10, '2021-04-09 10:33:58', '2021-04-09 10:33:58'),
(328, 5, 6, 18, 28, 121, 'એકમ ૧ - વીસમી સદી-વિશ્વ અને ભારત', NULL, 'file', '', '', '', 'EKAM 1 - VISMI SADI - VISHV ANE BHARAT', 'Active', 11, '2021-04-09 10:35:31', '2021-04-09 10:35:31'),
(329, 5, 6, 18, 28, 121, 'એકમ ૨ - આધુનિક રાષ્ટ્રનું નિર્માણ', NULL, 'file', '', '', '', 'EKAM 2 - AADHUNIK RASHTRANU NIRMAN', 'Active', 12, '2021-04-09 10:36:33', '2021-04-09 10:36:33'),
(330, 5, 6, 18, 29, 122, '(૧૧) ભારતનું ન્યાયતંત્ર', NULL, 'file', '', '', '', '(11) BHARATNU NYAYTANTR', 'Active', 1, '2021-04-09 10:38:02', '2021-04-09 10:38:02'),
(331, 5, 6, 18, 29, 122, '(૧૨) ભારતીય લોકશાહી', NULL, 'file', '', '', '', '(12) BHARATIY LOKSHAHI', 'Active', 2, '2021-04-09 10:38:54', '2021-04-09 10:38:54'),
(332, 5, 6, 18, 29, 122, '(૧૩) ભારત : સ્થાન, ભૂસ્તરીય રચના અને ભૂપૃષ્ઠ - 1', NULL, 'file', '', '', '', '(13) BHARAT : STHAN, BHOOSTARIY RACHNA ANE BHOOPRUSHTH - 1', 'Active', 3, '2021-04-09 10:40:59', '2021-04-09 10:40:59'),
(333, 5, 6, 18, 29, 122, '(૧૪) ભારત : સ્થાન, ભૂસ્તરીય રચના અને ભૂપૃષ્ઠ - 2', NULL, 'file', '', '', '', '(14) BHARAT : STHAN, BHOOSTRIY RACHNA ANE BHOOPRUSHTH - 2', 'Active', 4, '2021-04-09 10:42:30', '2021-04-09 10:42:30'),
(334, 5, 6, 18, 29, 122, '(૧૫) જળ-પરિવાહ', NULL, 'file', '', '', '', '(15) JAL-PARIVAAH', 'Active', 5, '2021-04-09 10:43:58', '2021-04-09 10:43:58'),
(335, 5, 6, 18, 29, 122, '(૧૬) આબોહવા', NULL, 'file', '', '', '', '(16) AABOHAVA', 'Active', 6, '2021-04-09 10:44:36', '2021-04-09 10:44:36'),
(336, 5, 6, 18, 29, 122, '(૧૭) કુદરતી વનસ્પતિ', NULL, 'file', '', '', '', '(17) KUDARATI VANASPATI', 'Active', 7, '2021-04-09 10:45:45', '2021-04-09 10:45:45'),
(337, 5, 6, 18, 29, 122, '(૧૮) વન્યજીવન', NULL, 'file', '', '', '', '(18) VANYJEEVAN', 'Active', 8, '2021-04-09 10:46:23', '2021-04-09 10:46:23'),
(338, 5, 6, 18, 29, 122, '(૧૯) ભારત : લોકજીવન', NULL, 'file', '', '', '', '(19) BHARAT : LOKJEEVAN', 'Active', 9, '2021-04-09 10:47:42', '2021-04-09 10:47:42'),
(339, 5, 6, 18, 29, 122, '(૨૦) આપત્તિ-વ્યવસ્થાપન', NULL, 'file', '', '', '', '(20) AAPTTI - VYAVSTHAPAN', 'Active', 10, '2021-04-09 10:48:32', '2021-04-09 10:48:32'),
(340, 5, 6, 18, 29, 122, 'એકમ 3 : ભારતભૂમિ અને લોકો', NULL, 'file', '', '', '', 'EKAM 3 : BHARATBHOOMI ANE LOKO', 'Active', 11, '2021-04-09 10:49:49', '2021-04-09 10:49:49'),
(341, 5, 6, 17, 26, 59, '(૧) બજારમાં', NULL, 'file', '', '', '', '(1) BAJARAMA', 'Active', 1, '2021-04-09 10:51:41', '2021-04-09 10:51:41'),
(342, 5, 6, 17, 26, 59, '(૨) એક જ દે ચિનગારી', NULL, 'file', '', '', '', '(2) EK J DE CHINAGARI', 'Active', 2, '2021-04-09 10:52:35', '2021-04-09 10:52:35'),
(343, 5, 6, 17, 26, 59, '(3) જુમો ભિસ્તી', NULL, 'file', '', '', '', '(3) JUMO BHISTEE', 'Active', 3, '2021-04-09 10:53:20', '2021-04-09 10:53:20'),
(344, 5, 6, 17, 26, 59, '(૪) તને ઓળખું છું, મા', NULL, 'file', '', '', '', '(4) TANE OLKHU CHHU, MAA', 'Active', 4, '2021-04-09 10:54:33', '2021-04-09 10:54:33'),
(345, 5, 6, 17, 26, 59, '(૫) એક મુલાકાત', NULL, 'file', '', '', '', '(5) EK MULAKAT', 'Active', 5, '2021-04-09 10:55:10', '2021-04-09 10:55:10'),
(346, 5, 6, 17, 26, 59, '(૬)  ધૂળિયે મારગ', NULL, 'file', '', '', '', '(6) DHOOLIYE MARAG', 'Active', 6, '2021-04-09 10:56:00', '2021-04-09 10:56:00'),
(347, 5, 6, 17, 26, 59, '(૭) દેશભક્ત જગડુશા', NULL, 'file', '', '', '', '(7) DESHBHAKTA JAGDUSHA', 'Active', 7, '2021-04-09 10:56:57', '2021-04-09 10:56:57'),
(348, 5, 6, 17, 26, 59, '(૮) આજ આનંદ', NULL, 'file', '', '', '', '(8) AAJ AANAND', 'Active', 8, '2021-04-09 10:57:41', '2021-04-09 10:57:41'),
(349, 5, 6, 17, 26, 59, '(૯) દીકરાનો મારનાર', NULL, 'file', '', '', '', '(9) DIKARANO MARNAR', 'Active', 9, '2021-04-09 10:58:28', '2021-04-09 10:58:28'),
(350, 5, 6, 17, 26, 59, '(૧૦) અઢી આના', NULL, 'file', '', '', '', '(10) ADHI AANA', 'Active', 10, '2021-04-09 10:59:03', '2021-04-09 10:59:03'),
(351, 5, 6, 17, 26, 59, 'પુનરાવર્તન - ૧', NULL, 'file', '', '', '', 'PUNARAVARTAN - 1', 'Active', 11, '2021-04-09 11:00:11', '2021-04-09 11:00:11'),
(352, 5, 6, 17, 26, 59, 'પુનરાવર્તન - ૨', NULL, 'file', '', '', '', 'PUNARAVARTAN - 2', 'Active', 12, '2021-04-09 11:00:51', '2021-04-09 11:00:51'),
(353, 5, 6, 17, 27, 60, '(૧૧) વળાવી બા આવી', NULL, 'file', NULL, NULL, '', '(11) VALAVI BAA AAVI', 'Active', 13, '2021-04-09 11:02:01', '2021-04-09 11:27:31'),
(354, 5, 6, 17, 27, 60, '(૧૨) નવા વર્ષના સંકલ્પો', NULL, 'file', NULL, NULL, '', '(12) NAVA VARSHANA SANKALPO', 'Active', 14, '2021-04-09 11:02:47', '2021-04-09 11:28:11'),
(355, 5, 6, 17, 27, 60, '(૧૩) શરુઆત કરીએ', NULL, 'file', NULL, NULL, '', '(13) SHARUAAT KARIYE', 'Active', 15, '2021-04-09 11:04:24', '2021-04-09 11:28:45'),
(356, 5, 6, 17, 27, 60, '(૧૪) સાકરનો શોધનારો', NULL, 'file', NULL, NULL, '', '(14) SAKARNO SHODHNARO', 'Active', 16, '2021-04-09 11:05:17', '2021-04-09 11:29:24'),
(357, 5, 6, 17, 27, 60, '(૧૫) અખંડ ભારતના શિલ્પી', NULL, 'file', NULL, NULL, '', '(15) AKHAND BHARATNA SHILPI', 'Active', 17, '2021-04-09 11:06:13', '2021-04-09 11:29:54'),
(358, 5, 6, 17, 27, 60, '(૧૬) સુદામો દીઠા શ્રીકૃષ્ણદેવ રે !', NULL, 'file', NULL, NULL, '', '(16) SUDAMO DITHA SHRIKRUSHNDEV RE !', 'Active', 18, '2021-04-09 11:08:01', '2021-04-09 11:30:26'),
(359, 5, 6, 17, 27, 60, '(૧૭) સંસ્કારની શ્રીમંતાઈ', NULL, 'file', NULL, NULL, '', '(17) SANSKARNI SHRIMANTAI', 'Active', 19, '2021-04-09 11:09:02', '2021-04-09 11:31:45'),
(360, 5, 6, 17, 27, 60, '(૧૮) દુહા-મુક્તક-હાઇકુ', NULL, 'file', NULL, NULL, '', '(18) DUHA-MUKTAK-HAIKU', 'Active', 20, '2021-04-09 11:10:11', '2021-04-09 11:32:27'),
(361, 5, 6, 17, 27, 60, '(૧૯) સાંઢ નાથ્યો', NULL, 'file', NULL, NULL, '', '(19) SANDH NATHYO', 'Active', 21, '2021-04-09 11:16:51', '2021-04-09 11:33:37'),
(362, 5, 6, 17, 27, 60, '(૨૦) બહેનનો પત્ર', NULL, 'file', NULL, NULL, '', '(20) BAHENNO PATRA', 'Active', 22, '2021-04-09 11:17:36', '2021-04-09 11:34:31'),
(363, 5, 6, 17, 27, 60, '(૨૧) કમાડે ચીતર્યા મેં...', NULL, 'file', NULL, NULL, '', '(21) KAMADE CHEETARYA ME...', 'Active', 23, '2021-04-09 11:18:42', '2021-04-09 11:35:13'),
(364, 5, 6, 17, 27, 60, '(૨૨) કિસ્સા- ટુચકા', NULL, 'file', NULL, NULL, '', '(22) KISSA - TUCHAKA', 'Active', 24, '2021-04-09 11:19:42', '2021-04-09 11:35:52'),
(365, 5, 6, 17, 27, 60, 'પુનરાવર્તન - 3', NULL, 'file', NULL, NULL, '', 'PUNARAVARTAN - 3', 'Active', 25, '2021-04-09 11:20:20', '2021-04-09 11:38:07'),
(366, 5, 6, 17, 26, 59, 'પુનરાવર્તન - 3', NULL, 'file', '', '', '', 'PUNARAVARTAN - 3', 'Active', 32, '2021-04-09 11:21:29', '2021-04-09 11:21:29'),
(367, 5, 6, 17, 27, 60, 'પુનરાવર્તન - ૪', NULL, 'file', NULL, NULL, '', 'PUNARAVARTAN - 4', 'Active', 26, '2021-04-09 11:22:11', '2021-04-09 11:38:53'),
(368, 5, 6, 17, 27, 60, 'પૂરક વાચન ૧ - ઇચ્છાકાકા', NULL, 'file', NULL, NULL, '', 'POORAK VACHAN 1 - ICHCHHAKAKA', 'Active', 27, '2021-04-09 11:22:55', '2021-04-09 11:40:05'),
(369, 5, 6, 17, 27, 60, 'પૂરક વાચન ૨ - આવકારો', NULL, 'file', NULL, NULL, '', 'POORAK VACHAN 2 - AAVAKARO', 'Active', 28, '2021-04-09 11:23:35', '2021-04-09 11:41:03'),
(370, 5, 6, 17, 27, 60, 'પૂરક વાચન 3 - ઘડતર', NULL, 'file', NULL, NULL, '', 'POORAK VACHAN 3 - GHADATAR', 'Active', 29, '2021-04-09 11:24:16', '2021-04-09 11:41:47'),
(371, 5, 6, 17, 27, 60, 'પૂરક વાચન ૪ -  વિરલ ત્યાગ', NULL, 'file', NULL, NULL, '', 'POORAK VACHAN 4 - VIRAL TYAG', 'Active', 30, '2021-04-09 11:25:08', '2021-04-09 11:42:26'),
(372, 5, 6, 17, 27, 60, 'પૂરક વાચન ૫ - ચાલો મળવા જઈએ !', NULL, 'file', NULL, NULL, '', 'POORAK VACHAN 5 - CHALO MALVA JAIYE !', 'Active', 31, '2021-04-09 11:26:12', '2021-04-09 11:43:06'),
(373, 5, 6, 17, 26, 69, '(१) तेरी है जमी', NULL, 'file', '', '', '', '(1) TERI HAI JAMIN', 'Active', 1, '2021-04-09 13:01:19', '2021-04-09 13:01:19'),
(374, 5, 6, 17, 26, 69, '(२) ईदगाह', NULL, 'file', '', '', '', '(2) IDAGAH', 'Active', 2, '2021-04-09 13:01:57', '2021-04-09 13:01:57'),
(375, 5, 6, 17, 26, 69, '(३) अंतरिक्ष परी सुनीता विलयम्स', NULL, 'file', '', '', '', '(3) ANTARIKSHA PARI SUNEETA VILAYAMSA', 'Active', 3, '2021-04-09 13:03:42', '2021-04-09 13:03:42'),
(376, 5, 6, 17, 26, 69, '(४) उठो, धरा के अमर सपूतो', NULL, 'file', '', '', '', '(4) UTHO, DHARA KE AMAR SAPOOTO', 'Active', 4, '2021-04-09 13:05:02', '2021-04-09 13:05:02'),
(377, 5, 6, 17, 26, 69, '(५) सवाल बालमन के, जवाब डॉ. कलाम के', NULL, 'file', '', '', '', '(5) SAVAL BALAMAN KE, JAVAB DO. KALAM KE', 'Active', 5, '2021-04-09 13:06:29', '2021-04-09 13:06:29'),
(378, 5, 6, 17, 26, 69, '(६) भरत', NULL, 'file', '', '', '', '(6) BHARAT', 'Active', 6, '2021-04-09 13:07:14', '2021-04-09 13:07:14'),
(379, 5, 6, 17, 26, 69, '(७) सोच अपनी-अपनी', NULL, 'file', '', '', '', '(7) SOCH APNI-APNI', 'Active', 7, '2021-04-09 13:07:57', '2021-04-09 13:07:57'),
(380, 5, 6, 17, 26, 69, '(८) माँ ! कह एक कहानी !', NULL, 'file', '', '', '', '(8) MAA ! KAH EK KAHAANI !', 'Active', 8, '2021-04-09 13:09:05', '2021-04-09 13:09:05'),
(381, 5, 6, 17, 26, 69, '(९) ममता', NULL, 'file', '', '', '', '(9) MAMTA', 'Active', 9, '2021-04-09 13:09:35', '2021-04-09 13:09:35'),
(382, 5, 6, 17, 26, 69, 'पुनरावर्तन १', NULL, 'file', '', '', '', 'PUNARAVARTAN 1', 'Active', 10, '2021-04-09 13:10:08', '2021-04-09 13:10:08'),
(383, 5, 6, 17, 26, 69, 'पुनरावर्तन १', NULL, 'file', '', '', '', 'PUNARAVARTAN 1', 'Active', 11, '2021-04-09 13:11:26', '2021-04-09 13:11:26'),
(384, 5, 6, 17, 26, 69, 'पुनरावर्तन २', NULL, 'file', '', '', '', 'PUNARAVARTAN 2', 'Active', 12, '2021-04-09 13:11:56', '2021-04-09 13:11:56'),
(385, 5, 6, 17, 27, 70, '(१) पत्र एवं डायरी', NULL, 'file', '', '', '', '(1) PATRA EVAM DAYRI', 'Active', 1, '2021-04-09 13:13:23', '2021-04-09 13:13:23'),
(386, 5, 6, 17, 27, 70, '(१) पत्र एवं डायरी', NULL, 'file', '', '', '', '(1) PATRA EVAM DAYRI', 'Active', 2, '2021-04-09 13:14:31', '2021-04-09 13:14:31'),
(387, 5, 6, 17, 27, 70, '(२) कच्छ की सैर', NULL, 'file', '', '', '', '(2) KACHCHHA KI SAIR', 'Active', 3, '2021-04-09 13:15:44', '2021-04-09 13:15:44'),
(388, 5, 6, 17, 27, 70, '(३) मत बाँटो इन्सान को', NULL, 'file', '', '', '', '(3) MAT BANTO INSAN KO', 'Active', 4, '2021-04-09 13:16:44', '2021-04-09 13:16:44'),
(389, 5, 6, 17, 27, 70, '(४) कर्मयोगी लालबहादुर शास्त्री', NULL, 'file', '', '', '', '(4) KARMYOGI LALBAHADUR SHASTRI', 'Active', 5, '2021-04-09 13:17:39', '2021-04-09 13:17:39'),
(390, 5, 6, 17, 27, 70, '(५) दोहे', NULL, 'file', '', '', '', '(5) DOHE', 'Active', 6, '2021-04-09 13:18:09', '2021-04-09 13:18:09'),
(391, 5, 6, 17, 27, 70, '(६) तूफानों की ओर', NULL, 'file', '', '', '', '(6) TOOFANO KI AOR', 'Active', 7, '2021-04-09 13:19:04', '2021-04-09 13:19:04'),
(392, 5, 6, 17, 27, 70, '(७) हार की जीत', NULL, 'file', '', '', '', '(7) HAR KI JEET', 'Active', 8, '2021-04-09 13:20:04', '2021-04-09 13:20:04'),
(393, 5, 6, 17, 27, 70, '(८) हँसना मना है', NULL, 'file', '', '', '', '(8) HASNA MANA HAI', 'Active', 9, '2021-04-09 13:21:07', '2021-04-09 13:21:07'),
(394, 5, 6, 17, 27, 70, '(९) उलजन - सुलजन', NULL, 'file', '', '', '', '(9) ULAJAN - SULAJAN', 'Active', 10, '2021-04-09 13:22:27', '2021-04-09 13:22:27'),
(395, 5, 6, 17, 27, 70, 'पुनरावर्तन १', NULL, 'file', '', '', '', 'PUNARAVARTAN 1', 'Active', 11, '2021-04-09 13:23:02', '2021-04-09 13:23:02'),
(396, 5, 6, 17, 27, 70, 'पुनरावर्तन २', NULL, 'file', '', '', '', 'PUNARAVARTAN 2', 'Active', 12, '2021-04-09 13:23:37', '2021-04-09 13:23:37'),
(397, 5, 6, 17, 27, 70, 'सव-अध्ययन', NULL, 'file', '', '', '', 'SAV-ADHYAYAN', 'Active', 13, '2021-04-09 13:24:34', '2021-04-09 13:24:34'),
(398, 5, 6, 17, 26, 79, '(1) Q For Question', NULL, 'file', '', '', '', '(1) Q FOR QUESTION', 'Active', 1, '2021-04-09 14:15:41', '2021-04-09 14:15:41'),
(399, 5, 6, 17, 26, 79, '(2) LMBB : Learn More Be Brighter', NULL, 'file', '', '', '', '(2) LEARN MORE BE BRIGHTER', 'Active', 2, '2021-04-09 14:16:41', '2021-04-09 14:16:41'),
(400, 5, 6, 17, 26, 79, '(3) What Were You Doing ?', NULL, 'file', '', '', '', '(3) WHAT WERE YOU DOING ?', 'Active', 3, '2021-04-09 14:17:24', '2021-04-09 14:17:24'),
(401, 5, 6, 17, 26, 79, '(4) Sun-Tour', NULL, 'file', '', '', '', '(4) SUN-TOUR', 'Active', 4, '2021-04-09 14:17:56', '2021-04-09 14:17:56'),
(402, 5, 6, 17, 26, 79, 'Revision 1', NULL, 'file', '', '', '', 'REVISION 1', 'Active', 5, '2021-04-09 14:18:19', '2021-04-09 14:18:19'),
(403, 5, 6, 17, 26, 79, 'Vocabulary', NULL, 'file', '', '', '', 'VOCABULARY', 'Active', 6, '2021-04-09 14:20:20', '2021-04-09 14:20:20'),
(404, 5, 6, 17, 27, 80, '(1) I Will Be That', NULL, 'file', '', '', '', '(1) I WILL BE THAT', 'Active', 1, '2021-04-09 14:21:22', '2021-04-09 14:21:22'),
(405, 5, 6, 17, 27, 80, '(2) You Love English, Don\'t You ?', NULL, 'file', '', '', '', '(2) YOU LOVE ENGLISH, DON\'T YOU ?', 'Active', 2, '2021-04-09 14:22:25', '2021-04-09 14:22:25'),
(406, 5, 6, 17, 27, 80, '(3) Ah! Oh! Ouch!', NULL, 'file', '', '', '', '(3) AH! OH! OUCH!', 'Active', 3, '2021-04-09 14:25:14', '2021-04-09 14:25:14'),
(407, 5, 6, 17, 27, 80, '(4) Tell Me Why ?', NULL, 'file', '', '', '', '(4) TELL ME WHY ?', 'Active', 4, '2021-04-09 14:26:17', '2021-04-09 14:26:17'),
(408, 5, 6, 17, 27, 80, '(5) English Plus', NULL, 'file', '', '', '', '(5) ENGLISH PLUS', 'Active', 5, '2021-04-09 14:26:48', '2021-04-09 14:26:48'),
(409, 5, 6, 17, 27, 80, 'Revision 1', NULL, 'file', '', '', '', 'REVISION 1', 'Active', 6, '2021-04-09 14:27:16', '2021-04-09 14:27:16'),
(410, 5, 6, 17, 27, 80, 'Let\'s Read More 1 - Don\'t Be Stupid!', NULL, 'file', '', '', '', 'LET\'S READ MORE 1 - DON\'T BE STUPID!', 'Active', 7, '2021-04-09 14:28:06', '2021-04-09 14:28:06'),
(411, 5, 6, 17, 27, 80, 'Let\'s Read More 2 - Peter, The Eater', NULL, 'file', '', '', '', 'LET\'S READ MORE 2 - PETER, THE EATER', 'Active', 8, '2021-04-09 14:28:51', '2021-04-09 14:28:51'),
(412, 5, 6, 17, 27, 80, 'Let\'s Read More 3 - Stop Pollution', NULL, 'file', '', '', '', 'LET\'S READ MORE 3 - STOP POLLUTION', 'Active', 9, '2021-04-09 14:29:31', '2021-04-09 14:29:31'),
(413, 5, 6, 17, 27, 80, 'Let\'s Read More 4 - Love Your Land', NULL, 'file', '', '', '', 'LET\'S READ MORE 4 - LOVE YOUR LAND', 'Active', 10, '2021-04-09 14:30:23', '2021-04-09 14:30:23'),
(414, 5, 6, 17, 27, 80, 'Let\'s Read More 5 - Aladdin And The Magical Lamp', NULL, 'file', '', '', '', 'LET\'S READ MORE 5 - ALADDIN AND THE MAGICAL LAMP', 'Active', 11, '2021-04-09 14:31:53', '2021-04-09 14:31:53'),
(415, 5, 6, 17, 26, 89, 'वन्दना', NULL, 'file', '', '', '', 'VANDANA', 'Active', 1, '2021-04-09 14:55:38', '2021-04-09 14:55:38'),
(416, 5, 6, 17, 26, 89, '(१) चित्रपदानि 1', NULL, 'file', '', '', '', '(1) CHITRAPADANI 1', 'Active', 2, '2021-04-09 14:56:54', '2021-04-09 14:56:54'),
(417, 5, 6, 17, 26, 89, '(२) चित्रपदानि 2', NULL, 'file', '', '', '', '(2) CHITRAPADANI 2', 'Active', 3, '2021-04-09 14:57:37', '2021-04-09 14:57:37'),
(418, 5, 6, 17, 26, 89, '(३) आत्मश्रद्धाया: प्रभाव:', NULL, 'file', '', '', '', '(3) AATMASHRADDHAYA PRABHAV', 'Active', 4, '2021-04-09 14:58:46', '2021-04-09 14:58:46'),
(419, 5, 6, 17, 26, 89, '(४) एहि सुधीर', NULL, 'file', '', '', '', '(4) EHI SUDHEER', 'Active', 5, '2021-04-09 14:59:23', '2021-04-09 14:59:23'),
(420, 5, 6, 17, 26, 89, '(५) शीलाया: प्रवास:', NULL, 'file', '', '', '', '(5) SHEELAYA PRAVAS', 'Active', 6, '2021-04-09 15:00:10', '2021-04-09 15:00:10'),
(421, 5, 6, 17, 26, 89, '(६) विनोपद्धानि', NULL, 'file', '', '', '', '(6) VINOPADDHANI', 'Active', 7, '2021-04-09 15:01:48', '2021-04-09 15:01:48'),
(422, 5, 6, 17, 26, 89, '(७) सद्ख्या', NULL, 'file', '', '', '', '(7) SADKHYA', 'Active', 8, '2021-04-09 15:02:53', '2021-04-09 15:02:53'),
(423, 5, 6, 17, 26, 89, '(८) मम दिनचार्या', NULL, 'file', '', '', '', '(8) MAM DINCHARYAA', 'Active', 9, '2021-04-09 15:03:56', '2021-04-09 15:03:56'),
(424, 5, 6, 17, 26, 89, '(९) भाषासज्जता', NULL, 'file', '', '', '', '(9) BHASHASAJJATA', 'Active', 10, '2021-04-09 15:04:46', '2021-04-09 15:04:46'),
(425, 5, 6, 17, 26, 89, 'पुनरावर्तनम् 1', NULL, 'file', '', '', '', 'PUNARAVARTANAM 1', 'Active', 11, '2021-04-09 15:05:45', '2021-04-09 15:05:45'),
(426, 5, 6, 17, 26, 89, 'पुनरावर्तनम् 2', NULL, 'file', '', '', '', 'PUNARAVARTANAM 2', 'Active', 12, '2021-04-09 15:06:34', '2021-04-09 15:06:34'),
(427, 5, 6, 17, 27, 90, '(१) पुत्री मम खलु निद्राति', NULL, 'file', '', '', '', '(1) PUTRI MAM KHALU NIDRATI', 'Active', 1, '2021-04-09 15:08:29', '2021-04-09 15:08:29'),
(428, 5, 6, 17, 27, 90, '(२) खेलमहोत्सव:', NULL, 'file', '', '', '', '(2) KHELMAHOTSAV', 'Active', 2, '2021-04-09 15:10:30', '2021-04-09 15:10:30'),
(429, 5, 6, 17, 27, 90, '(३) प्रहेलिका:', NULL, 'file', '', '', '', '(3) PRAHELIKA', 'Active', 3, '2021-04-09 15:11:40', '2021-04-09 15:11:40'),
(430, 5, 6, 17, 27, 90, '(४) प्रेरणादीप: चाणक्य:', NULL, 'file', '', '', '', '(4) PRERNADEEP CHANAKYA', 'Active', 4, '2021-04-09 15:13:31', '2021-04-09 15:13:31'),
(431, 5, 6, 17, 27, 90, '(५) प्रभातवर्णम्', NULL, 'file', '', '', '', '(5) PRABHATVARNAM', 'Active', 5, '2021-04-09 15:14:55', '2021-04-09 15:14:55'),
(432, 5, 6, 17, 27, 90, '(६) रमणीया नगरी', NULL, 'file', '', '', '', '(6) RAMNIYA NAGRI', 'Active', 6, '2021-04-09 15:16:44', '2021-04-09 15:16:44'),
(433, 5, 6, 17, 27, 90, '(७) शुभाषितानि', NULL, 'file', '', '', '', '(7) SHUBHASHITANI', 'Active', 7, '2021-04-09 15:17:58', '2021-04-09 15:17:58'),
(434, 5, 6, 17, 27, 90, '(८) मनुष्यसिंहयो: मैत्री', NULL, 'file', '', '', '', '(8) MANUSHYSINHYO MAITRI', 'Active', 8, '2021-04-09 15:21:19', '2021-04-09 15:21:19'),
(435, 5, 6, 17, 27, 90, 'पुनरावर्तनम् - 1', NULL, 'file', '', '', '', 'PUNARAVARTANAM - 1', 'Active', 9, '2021-04-09 15:22:19', '2021-04-09 15:22:19'),
(436, 5, 6, 17, 27, 90, 'पुनरावर्तनम् - 2', NULL, 'file', '', '', '', 'PUNARAVARTANM - 2', 'Active', 10, '2021-04-09 15:24:01', '2021-04-09 15:24:01'),
(437, 5, 6, 17, 27, 90, 'भाषासज्जता', NULL, 'file', '', '', '', 'BHASHASAJJATA', 'Active', 11, '2021-04-09 15:24:50', '2021-04-09 15:24:50'),
(438, 5, 6, 17, 26, 99, '(૧) સંમેય સંખ્યાઓ', NULL, 'file', '', '', '', '(1) SANMEY SANKHYAO', 'Active', 1, '2021-04-09 15:26:54', '2021-04-09 15:26:54'),
(439, 5, 6, 17, 26, 99, '(૨) એક ચલ સુરેખ સમીકરણ', NULL, 'file', '', '', '', '(2) EK CHAL SUREKH SAMIKARAN', 'Active', 2, '2021-04-09 15:28:07', '2021-04-09 15:28:07'),
(440, 5, 6, 17, 26, 99, '(3) ચતુષ્કોણની સમજ', NULL, 'file', '', '', '', '(3) CHATUSHKONNI SAMAJ', 'Active', 3, '2021-04-09 15:29:02', '2021-04-09 15:29:02'),
(441, 5, 6, 17, 26, 99, '(૪) પ્રાયોગિક ભૂમિતિ', NULL, 'file', '', '', '', '(4) PRAYOGIK BHOOMITI', 'Active', 4, '2021-04-09 15:29:48', '2021-04-09 15:29:48'),
(442, 5, 6, 17, 26, 99, '(૫) માહિતીનું નિયમન', NULL, 'file', '', '', '', '(5) MAHITINU NIYAMAN', 'Active', 5, '2021-04-09 15:30:41', '2021-04-09 15:30:41'),
(443, 5, 6, 17, 26, 99, '(૬) વર્ગ અને વર્ગમૂળ', NULL, 'file', '', '', '', '(6) VARG ANE VARGMOOL', 'Active', 6, '2021-04-09 15:31:37', '2021-04-09 15:31:37'),
(444, 5, 6, 17, 26, 99, '(૭) ઘન અને ઘનમૂળ', NULL, 'file', '', '', '', '(7) GHAN ANE GHANMOOL', 'Active', 7, '2021-04-09 15:32:31', '2021-04-09 15:32:31'),
(445, 5, 6, 17, 26, 99, '(૮) રાશિઓની તુલના', NULL, 'file', '', '', '', '(8) RASHIONI TULANA', 'Active', 8, '2021-04-09 15:33:28', '2021-04-09 15:33:28'),
(446, 5, 6, 17, 26, 99, 'જવાબો', NULL, 'file', '', '', '', 'JAVABO', 'Active', 9, '2021-04-09 15:34:10', '2021-04-09 15:34:10'),
(447, 5, 6, 17, 26, 99, 'મગજ કસો', NULL, 'file', '', '', '', 'MAGAJ KASO', 'Active', 10, '2021-04-09 15:35:37', '2021-04-09 15:35:37'),
(448, 5, 6, 17, 27, 100, '(૯) બૈજિક પદાવલિઓ અને નિત્યસમ', NULL, 'file', NULL, NULL, '', '(9) BAIJIK PADAVALIO ANE NITYASAM', 'Active', 11, '2021-04-09 15:38:18', '2021-04-09 15:52:23'),
(449, 5, 6, 17, 27, 100, '(૧૦) ઘનાકારોનું પ્રત્યક્ષીકરણ', NULL, 'file', NULL, NULL, '', '(10) GHANAKARONU PRATYAKSHIKARAN', 'Active', 12, '2021-04-09 15:40:57', '2021-04-09 15:53:37'),
(450, 5, 6, 17, 27, 100, '(૧૧) માપન', NULL, 'file', NULL, NULL, '', '(11) MAPAN', 'Active', 13, '2021-04-09 15:42:04', '2021-04-09 15:54:33'),
(451, 5, 6, 17, 27, 100, '(૧૨) ઘાત અને ઘાતાંક', NULL, 'file', NULL, NULL, '', '(12) GHAT ANE GHATANK', 'Active', 14, '2021-04-09 15:43:18', '2021-04-09 15:55:27'),
(452, 5, 6, 17, 27, 100, '(૧૩) સમપ્રમાણ અને વ્યસ્ત પ્રમાણ', NULL, 'file', NULL, NULL, '', '(13) SAMPRAMAN ANE VYASTA PRAMAN', 'Active', 15, '2021-04-09 15:44:28', '2021-04-09 15:56:32'),
(453, 5, 6, 17, 27, 100, '(૧૪) અવયવીકરણ', NULL, 'file', NULL, NULL, '', '(14) AVAYAVIKARAN', 'Active', 16, '2021-04-09 15:45:58', '2021-04-09 15:57:53'),
(454, 5, 6, 17, 27, 100, '(૧૫) આલેખનો પરિચય', NULL, 'file', NULL, NULL, '', '(15) AALEKHNO PARICHAY', 'Active', 17, '2021-04-09 15:47:03', '2021-04-09 15:58:38'),
(455, 5, 6, 17, 27, 100, '(૧૬) સંખ્યા સાથે રમત', NULL, 'file', NULL, NULL, '', '(16) SANKHYA SATHE RAMAT', 'Active', 18, '2021-04-09 15:48:04', '2021-04-09 15:59:48'),
(456, 5, 6, 17, 27, 100, 'જવાબો', NULL, 'file', NULL, NULL, '', 'JAVABO', 'Active', 19, '2021-04-09 15:48:44', '2021-04-09 16:01:04'),
(457, 5, 6, 17, 27, 100, 'મગજ કસો', NULL, 'file', NULL, NULL, '', 'MAGAJ KASO', 'Active', 20, '2021-04-09 15:50:22', '2021-04-09 16:02:11'),
(458, 5, 6, 17, 26, 109, '(૧) પાક ઉત્પાદન અને વ્યવસ્થાપન', NULL, 'file', '', '', '', '(1) PAK UTPADAN ANE VYAVASTHAPAN', 'Active', 1, '2021-04-09 16:04:30', '2021-04-09 16:04:30'),
(459, 5, 6, 17, 26, 109, '(૨) સુક્ષ્મજીવો : મિત્ર અને શત્રુ', NULL, 'file', '', '', '', '(2) SUKSHMJEEVO : MITRA ANE SHATRU', 'Active', 2, '2021-04-09 16:05:54', '2021-04-09 16:05:54'),
(460, 5, 6, 17, 26, 109, '(3) સંક્ષ્લેષિત (કૃત્રિમ) રેસાઓ અને પ્લાસ્ટિક', NULL, 'file', '', '', '', '(3) SANKSHLESHIT (KRUTRIM) RESAO ANE PLASTIK', 'Active', 3, '2021-04-09 16:07:42', '2021-04-09 16:07:42'),
(461, 5, 6, 17, 26, 109, '(૪) પદાર્થો : ધાતુ અને અધાતુ', NULL, 'file', '', '', '', '(4) PADARTHO : DHATU ANE ADHATUO', 'Active', 4, '2021-04-09 16:09:46', '2021-04-09 16:09:46'),
(462, 5, 6, 17, 26, 109, '(૫) કોલસો અને પેટ્રોલિયમ', NULL, 'file', '', '', '', '(5) KOLSO ANE PETROLIUM', 'Active', 5, '2021-04-09 16:10:49', '2021-04-09 16:10:49'),
(463, 5, 6, 17, 26, 109, '(૫) કોલસો અને પેટ્રોલિયમ', NULL, 'file', '', '', '', '(5) KOLSO ANE PETROLIUM', 'Active', 6, '2021-04-09 16:12:24', '2021-04-09 16:12:24'),
(464, 5, 6, 17, 26, 109, '(૬) દહન અને જ્યોત', NULL, 'file', '', '', '', '(6) DAHAN ANE JYOT', 'Active', 7, '2021-04-09 16:13:48', '2021-04-09 16:13:48'),
(465, 5, 6, 17, 26, 109, '(૭) વનસ્પતિઓ અને પ્રાણીઓનું સંરક્ષણ', NULL, 'file', '', '', '', '(7) VANASPATIO ANE PRANIONU SANRAKSHAN', 'Active', 8, '2021-04-09 16:21:43', '2021-04-09 16:21:43'),
(466, 5, 6, 17, 26, 109, '(૮) કોષ - રચના અને કાર્યો', NULL, 'file', '', '', '', '(8) KOSH - RACHNA ANE KARYO', 'Active', 9, '2021-04-09 16:24:26', '2021-04-09 16:24:26'),
(467, 5, 6, 17, 26, 109, '(૯) પ્રાણીઓમાં પ્રજનન', NULL, 'file', '', '', '', '(9) PRANIOMA PRAJANAN', 'Active', 10, '2021-04-09 16:25:23', '2021-04-09 16:25:23'),
(468, 5, 6, 17, 26, 109, 'શબ્દસૂચિ', NULL, 'file', '', '', '', 'SHABDASOOCHI', 'Active', 11, '2021-04-09 16:26:49', '2021-04-09 16:26:49'),
(469, 5, 6, 17, 27, 110, '(૧૦) તરુણાવસ્થા તરફ', NULL, 'file', NULL, NULL, '', '(10) TARUNAVASTHA TARAF', 'Active', 1, '2021-04-09 16:29:12', '2021-04-09 16:30:44'),
(470, 5, 6, 17, 27, 110, '(૧૧) બળ અને દબાણ', NULL, 'file', '', '', '', '(11) BAL ANE DABAN', 'Active', 2, '2021-04-09 16:31:43', '2021-04-09 16:31:43'),
(471, 5, 6, 17, 27, 110, '(૧૨) ઘર્ષણ', NULL, 'file', '', '', '', '(12) GHARSHAN', 'Active', 3, '2021-04-09 16:32:59', '2021-04-09 16:32:59'),
(472, 5, 6, 17, 27, 110, '(૧૩) ધ્વની', NULL, 'file', '', '', '', '(13) DHVANEE', 'Active', 4, '2021-04-09 16:33:52', '2021-04-09 16:33:52'),
(473, 5, 6, 17, 27, 110, '(૧૪) વિદ્યુતપ્રવાહની રાસાયણિક અસરો', NULL, 'file', '', '', '', '(14) VIDHYUTPRAVAHNI RASAYANIK ASARO', 'Active', 5, '2021-04-09 16:35:29', '2021-04-09 16:35:29'),
(474, 5, 6, 17, 27, 110, '(૧૫) કેટલીક કુદરતી ઘટનાઓ', NULL, 'file', '', '', '', '(15) KETLIK KUDARATI GHATNAO', 'Active', 6, '2021-04-09 16:37:19', '2021-04-09 16:37:19'),
(475, 5, 6, 17, 27, 110, '(૧૬) પ્રકાશ', NULL, 'file', '', '', '', '(16) PRAKASH', 'Active', 7, '2021-04-09 16:39:09', '2021-04-09 16:39:09'),
(476, 5, 6, 17, 27, 110, '(૧૭) તારાઓ અને સૂર્યમંડળ', NULL, 'file', '', '', '', '(17) TARAO ANE SOORYAMANDAL', 'Active', 8, '2021-04-09 16:40:54', '2021-04-09 16:40:54'),
(477, 5, 6, 17, 27, 110, '(૧૮) હવા અને પાણીનું પ્રદૂષણ', NULL, 'file', '', '', '', '(18) HAVA ANE PANINU PRADOOSHAN', 'Active', 9, '2021-04-09 16:42:52', '2021-04-09 16:42:52'),
(478, 5, 6, 17, 27, 110, 'શબ્દસૂચિ', NULL, 'file', '', '', '', 'SHABDASOOCHI', 'Active', 10, '2021-04-09 16:43:34', '2021-04-09 16:43:34'),
(479, 5, 6, 17, 26, 119, '(૧) ભારતમાં યુરોપિયન પ્રજાનું આગમન', NULL, 'file', '', '', '', '(1) BHARATMA YUROPIAN PRAJANU AAGAMAN', 'Active', 1, '2021-04-10 03:38:15', '2021-04-10 03:38:15'),
(480, 5, 6, 17, 26, 119, '(૨) આપણી આસપાસ શું ?', NULL, 'file', '', '', '', '(2) AAPNI AASPAS SHU ?', 'Active', 2, '2021-04-10 03:39:32', '2021-04-10 03:39:32'),
(481, 5, 6, 17, 26, 119, '(3) ભારતનું બંધારણ', NULL, 'file', '', '', '', '(3) BHARATNU BANDHARAN', 'Active', 3, '2021-04-10 03:40:19', '2021-04-10 03:40:19'),
(482, 5, 6, 17, 26, 119, '(૪) વેપારી શાસકો કેવી રીતે બન્યા ?', NULL, 'file', '', '', '', '(4) VEPARI SHASKO KEVI RITE BANYA ?', 'Active', 4, '2021-04-10 03:41:19', '2021-04-10 03:41:19'),
(483, 5, 6, 17, 26, 119, '(૫) પ્રાકૃતિક પ્રકોપો', NULL, 'file', '', '', '', '(5) PRAKRUTIK PRAKOPO', 'Active', 5, '2021-04-10 03:42:00', '2021-04-10 03:42:00'),
(484, 5, 6, 17, 26, 119, '(૬) અંગ્રેજ શાસનની ભારત પર અસર', NULL, 'file', '', '', '', '(6) ANGREJ SHASANNI BHARAT PAR ASAR', 'Active', 6, '2021-04-10 03:43:16', '2021-04-10 03:43:16'),
(485, 5, 6, 17, 26, 119, '(૭) આબોહવાકીય ફેરફારો', NULL, 'file', '', '', '', '(7) AABOHAVAKIY FERFARO', 'Active', 7, '2021-04-10 03:44:53', '2021-04-10 03:44:53'),
(486, 5, 6, 17, 26, 119, '(૮) લોકશાહી દેશમાં સંસદની ભૂમિકા', NULL, 'file', '', '', '', '(8) LOKASHAHI DESHMA SANSDANI BHOOMIKA', 'Active', 8, '2021-04-10 03:46:11', '2021-04-10 03:46:11'),
(487, 5, 6, 17, 26, 119, '(૯) ઈ.સ. 1857 નો સ્વાતંત્ર્ય સંગ્રામ', NULL, 'file', '', '', '', '(9) I.S. 1857 NO SVATANTRY SANGRAM', 'Active', 9, '2021-04-10 03:48:01', '2021-04-10 03:48:01'),
(488, 5, 6, 17, 26, 119, 'પુનરાવર્તન ૧', NULL, 'file', '', '', '', 'PUNARAVARTAN 1', 'Active', 10, '2021-04-10 03:48:35', '2021-04-10 03:48:35'),
(489, 5, 6, 17, 26, 119, 'પુનરાવર્તન ૨', NULL, 'file', '', '', '', 'PUNARAVARTAN 2', 'Active', 11, '2021-04-10 03:49:25', '2021-04-10 03:49:25'),
(490, 5, 6, 17, 26, 119, 'પારિભાષિક શબ્દો', NULL, 'file', '', '', '', 'PARIBHASHIK SHABDO', 'Active', 12, '2021-04-10 03:50:06', '2021-04-10 03:50:06'),
(491, 5, 6, 17, 27, 120, '(૧) ધાર્મિક-સામાજિક જાગૃતિ', NULL, 'file', '', '', '', '(1) DHARMIK-SAMAJIK JAGRUTI', 'Active', 1, '2021-04-10 03:51:39', '2021-04-10 03:51:39'),
(492, 5, 6, 17, 27, 120, '(૨) પર્યાવરણીય પ્રદૂષણ', NULL, 'file', '', '', '', '(2) PRAYAVARNIY PRADOOSHAN', 'Active', 2, '2021-04-10 03:52:34', '2021-04-10 03:52:34'),
(493, 5, 6, 17, 27, 120, '(3) ભારતમાં રાષ્ટ્રવાદ', NULL, 'file', '', '', '', '(3) BHARATMA RASHTRAVAD', 'Active', 3, '2021-04-10 03:53:19', '2021-04-10 03:53:19'),
(494, 5, 6, 17, 27, 120, '(૪) સર્વોચ્ચ અદાલત', NULL, 'file', '', '', '', '(4) SARVOCHCHA ADALAT', 'Active', 4, '2021-04-10 03:54:00', '2021-04-10 03:54:00'),
(495, 5, 6, 17, 27, 120, '(૫) ભારતના ક્રાન્તિવીરો', NULL, 'file', '', '', '', '(5) BHARATNA KRANTIVEERO', 'Active', 5, '2021-04-10 03:54:47', '2021-04-10 03:54:47'),
(496, 5, 6, 17, 27, 120, '(૬) માનવ-સંસાધન', NULL, 'file', '', '', '', '(6) MANAV-SANSADHAN', 'Active', 6, '2021-04-10 03:55:26', '2021-04-10 03:55:26'),
(497, 5, 6, 17, 27, 120, '(૭) મહાત્માનાં માર્ગ પર - 1', NULL, 'file', '', '', '', '(7) MAHATMANA MARG PAR - 1', 'Active', 7, '2021-04-10 03:56:27', '2021-04-10 03:56:27'),
(498, 5, 6, 17, 27, 120, '(૮) ભારતની સમસ્યાઓ અને ઉપાયો', NULL, 'file', '', '', '', '(8) BHARATNI SAMSYAO ANE UPAYO', 'Active', 8, '2021-04-10 03:57:57', '2021-04-10 03:57:57'),
(499, 5, 6, 17, 27, 120, '(૯) આપણી અર્થવ્યવસ્થા', NULL, 'file', '', '', '', '(9) AAPNI ARTHVYAVASTHA', 'Active', 9, '2021-04-10 03:59:10', '2021-04-10 03:59:10'),
(500, 5, 6, 17, 27, 120, '(૧૦) મહાત્માના માર્ગ પર - ૨', NULL, 'file', '', '', '', '(10) MAHATMANA MARG PAR - 2', 'Active', 10, '2021-04-10 04:00:26', '2021-04-10 04:00:26'),
(501, 5, 6, 17, 27, 120, '(૧૧) સંયુક્ત રાષ્ટ્રો (યુ.એન.)', NULL, 'file', '', '', '', '(11) SANYUKTA RASHTRO (U.N.)', 'Active', 11, '2021-04-10 04:01:45', '2021-04-10 04:01:45'),
(502, 5, 6, 17, 27, 120, '(૧૨) આઝાદી અને ત્યાર પછી...', NULL, 'file', '', '', '', '(12) AAZADI ANE TYAR PACHHI...', 'Active', 12, '2021-04-10 04:02:50', '2021-04-10 04:02:50'),
(503, 5, 6, 17, 27, 120, '(૧૩) સ્વતંત્ર ભારત', NULL, 'file', '', '', '', '(13) SVATANTRA BHARAT', 'Active', 13, '2021-04-10 04:03:56', '2021-04-10 04:03:56'),
(504, 5, 6, 17, 27, 120, '(૧૪) ખંડ-પરિચય : આફ્રિકા અને એશિયા', NULL, 'file', '', '', '', '(14) KHAND-PARICHAY : AAFRIKA ANE ASIA', 'Active', 14, '2021-04-10 04:05:34', '2021-04-10 04:05:34'),
(505, 5, 6, 17, 27, 120, 'પુનરાવર્તન ૧', NULL, 'file', '', '', '', 'PUNARAVARTAN 1', 'Active', 15, '2021-04-10 04:06:51', '2021-04-10 04:06:51'),
(506, 5, 6, 17, 27, 120, 'પુનરાવર્તન ૨', NULL, 'file', '', '', '', 'PUNARAVARTAN 2', 'Active', 16, '2021-04-10 04:07:25', '2021-04-10 04:07:25'),
(507, 5, 6, 16, 24, 57, '(૧) મેળામાં', NULL, 'file', '', '', '', '(1) MELAMA', 'Active', 1, '2021-04-10 04:10:46', '2021-04-10 04:10:46'),
(508, 5, 6, 16, 24, 57, '(૨) આજની ઘડી રળિયામણી', NULL, 'file', '', '', '', '(2) AAJNI GHADI RALIYAMANI', 'Active', 2, '2021-04-10 04:11:43', '2021-04-10 04:11:43'),
(509, 5, 6, 16, 24, 57, '(3) પરીક્ષા', NULL, 'file', '', '', '', '(3) PARIKSHA', 'Active', 3, '2021-04-10 04:12:17', '2021-04-10 04:12:17'),
(510, 5, 6, 16, 24, 57, '(૪) બે ખાનાંનો પરિગ્રહ', NULL, 'file', '', '', '', '(4) BE KHANANO PARIGRAH', 'Active', 4, '2021-04-10 04:13:27', '2021-04-10 04:13:27'),
(511, 5, 6, 16, 24, 57, '(૫) રાનમાં', NULL, 'file', '', '', '', '(5) RANMA', 'Active', 5, '2021-04-10 04:14:12', '2021-04-10 04:14:12'),
(512, 5, 6, 16, 24, 57, '(૬) ભીખુ', NULL, 'file', '', '', '', '(6) BHEEKHU', 'Active', 6, '2021-04-10 04:14:44', '2021-04-10 04:14:44'),
(513, 5, 6, 16, 24, 57, '(૭) જીવનપાથેય', NULL, 'file', '', '', '', '(7) JEEVANPATHEY', 'Active', 7, '2021-04-10 04:15:23', '2021-04-10 04:15:23'),
(514, 5, 6, 16, 24, 57, '(૮) માલમ હલેસાં માર', NULL, 'file', '', '', '', '(8) MALAM HALESA MAR', 'Active', 8, '2021-04-10 04:16:15', '2021-04-10 04:16:15'),
(515, 5, 6, 16, 24, 57, '(૯) બાનો વાડો', NULL, 'file', '', '', '', '(9) BANO VADO', 'Active', 9, '2021-04-10 04:16:51', '2021-04-10 04:16:51'),
(516, 5, 6, 16, 24, 57, '(૧૦) વલયની અવકાશી સફર', NULL, 'file', '', '', '', '(10) VALAYNI AVAKASHI SAFAR', 'Active', 10, '2021-04-10 04:17:36', '2021-04-10 04:17:36'),
(517, 5, 6, 16, 24, 57, 'પુનરાવર્તન ૧', NULL, 'file', '', '', '', 'PUNARAVARTAN 1', 'Active', 11, '2021-04-10 04:18:14', '2021-04-10 04:18:14'),
(518, 5, 6, 16, 24, 57, 'પુનરાવર્તન ૨', NULL, 'file', '', '', '', 'PUNARAVARTAN 2', 'Active', 12, '2021-04-10 04:19:33', '2021-04-10 04:19:33'),
(519, 5, 6, 16, 25, 58, '(૧૦) અખબારી નોંધ', NULL, 'file', '', '', '', '(10) AKHABARI NONDH', 'Active', 1, '2021-04-10 04:21:48', '2021-04-10 04:21:48'),
(520, 5, 6, 16, 25, 58, '(૧૧) જનની', NULL, 'file', '', '', '', '(11) JANNI', 'Active', 2, '2021-04-10 04:22:19', '2021-04-10 04:22:19'),
(521, 5, 6, 16, 25, 58, '(૧૨) હાઇસ્કૂલમાં', NULL, 'file', '', '', '', '(12) HAYSCHOOLMA', 'Active', 3, '2021-04-10 04:23:10', '2021-04-10 04:23:10'),
(522, 5, 6, 16, 25, 58, '(૧૩) ભમીએ ગુજરાતે : દક્ષિણ ભણી', NULL, 'file', '', '', '', '(13) BHAMIE GUJRATE : DAKSHIN BHANEE', 'Active', 4, '2021-04-10 04:24:54', '2021-04-10 04:24:54'),
(523, 5, 6, 16, 25, 58, '(૧૪) આવ, ભાણા આવ !', NULL, 'file', '', '', '', '(14) AAV, BHAANA AAV !', 'Active', 5, '2021-04-10 04:26:19', '2021-04-10 04:26:19'),
(524, 5, 6, 16, 25, 58, '(૧૫) ગ્રામમાતા', NULL, 'file', '', '', '', '(15) GRAMMATA', 'Active', 6, '2021-04-10 04:27:22', '2021-04-10 04:27:22'),
(525, 5, 6, 16, 25, 58, '(૧૬) સિંહની દોસ્તી', NULL, 'file', '', '', '', '(16) SINHNI DOSTI', 'Active', 7, '2021-04-10 04:28:07', '2021-04-10 04:28:07'),
(526, 5, 6, 16, 25, 58, '(૧૭) જીવરામ ભટ્ટ', NULL, 'file', '', '', '', '(17) JEEVARAM BHATT', 'Active', 8, '2021-04-10 04:28:47', '2021-04-10 04:28:47'),
(527, 5, 6, 16, 25, 58, '(૧૮) સોના જેવી સવાર', NULL, 'file', '', '', '', '(18) SONA JEVI SAVAR', 'Active', 9, '2021-04-10 04:29:45', '2021-04-10 04:29:45'),
(528, 5, 6, 16, 25, 58, '(૧૯) પાંચ દાણા', NULL, 'file', '', '', '', '(19) PANCH DANA', 'Active', 10, '2021-04-10 04:30:43', '2021-04-10 04:30:43'),
(529, 5, 6, 16, 25, 58, '(૨૦) સુભાષિતો', NULL, 'file', '', '', '', '(20) SUBHASHITO', 'Active', 11, '2021-04-10 04:31:54', '2021-04-10 04:31:54'),
(530, 5, 6, 16, 25, 58, 'પુનરાવર્તન 3', NULL, 'file', '', '', '', 'PUNARAVARTAN 3', 'Active', 12, '2021-04-10 04:32:46', '2021-04-10 04:32:46'),
(531, 5, 6, 16, 25, 58, 'પુનરાવર્તન ૪', NULL, 'file', '', '', '', 'PUNARAVARTAN 4', 'Active', 13, '2021-04-10 04:33:23', '2021-04-10 04:33:23'),
(532, 5, 6, 16, 25, 58, 'પૂરક વાચન ૧ - ગોવિન્દના ગુણ ગાશું', NULL, 'file', '', '', '', 'POORAK VACHAN 1 - GOVINDANA GUN GASHU', 'Active', 14, '2021-04-10 04:34:42', '2021-04-10 04:34:42'),
(533, 5, 6, 16, 25, 58, 'પૂરક વાચન ૨ - ફાટેલી નોટ', NULL, 'file', '', '', '', 'POORAK VACHAN 2 - FATELI NOT', 'Active', 15, '2021-04-10 04:35:36', '2021-04-10 04:35:36'),
(534, 5, 6, 16, 25, 58, 'પૂરક વાચન 3 - એક જ લક્ષ્ય', NULL, 'file', '', '', '', 'POORAK VACHAN 3 - EK J LAKSHY', 'Active', 16, '2021-04-10 04:38:02', '2021-04-10 04:38:02'),
(535, 5, 6, 16, 25, 58, 'પૂરક વાચન ૪ - પૂજ્ય મોટા', NULL, 'file', '', '', '', 'POORAK VACHAN 4 - POOJAY MOTA', 'Active', 17, '2021-04-10 04:38:49', '2021-04-10 04:38:49'),
(536, 5, 6, 16, 25, 58, 'પૂરક વાચન ૫ - શોખીન બિલાડી', NULL, 'file', '', '', '', 'POORAK VACHAN 5 - SHOKHIN BILADI', 'Active', 18, '2021-04-10 04:40:05', '2021-04-10 04:40:05'),
(537, 5, 6, 16, 24, 67, '(१) चित्र के संग-संग (चित्रपाठ)', NULL, 'file', '', '', '', '(1) CHITRA KE SANG-SANG (CHITRAPATH)', 'Active', 1, '2021-04-10 04:47:08', '2021-04-10 04:47:08'),
(538, 5, 6, 16, 24, 67, '(२) तब याद तुम्हारी आती है !', NULL, 'file', '', '', '', '(2) TAB YAD TUMHARI AATI HAI !', 'Active', 2, '2021-04-10 04:48:13', '2021-04-10 04:48:13'),
(539, 5, 6, 16, 24, 67, '(३) कुत्ते की वफ़ादारी', NULL, 'file', '', '', '', '(3) KUTTE KI VAFADARI', 'Active', 3, '2021-04-10 04:48:57', '2021-04-10 04:48:57'),
(540, 5, 6, 16, 24, 67, '(४) कथनी और करनी', NULL, 'file', '', '', '', '(4) KATHANI AUR KARNI', 'Active', 4, '2021-04-10 04:49:39', '2021-04-10 04:49:39'),
(541, 5, 6, 16, 24, 67, '(५) हिन्द देश के निवासी', NULL, 'file', '', '', '', '(5) HIND DESH KE NIVASI', 'Active', 5, '2021-04-10 04:50:39', '2021-04-10 04:50:39'),
(542, 5, 6, 16, 24, 67, '(६) डॉ. विक्रमभाई साराभाई', NULL, 'file', '', '', '', '(6) DO. VIKRAMBHAI SARABHAI', 'Active', 6, '2021-04-10 04:52:19', '2021-04-10 04:52:19'),
(543, 5, 6, 16, 24, 67, '(७) ढूंढते रह जाओगे', NULL, 'file', '', '', '', '(7) DHUNDHATE RAH JAOGE', 'Active', 7, '2021-04-10 04:53:25', '2021-04-10 04:53:25'),
(544, 5, 6, 16, 24, 67, '(८) दोहा अष्टक', NULL, 'file', '', '', '', '(8) DOHA-ASHTAK', 'Active', 8, '2021-04-10 04:54:24', '2021-04-10 04:54:24'),
(545, 5, 6, 16, 24, 67, 'पुनरावर्तन 1', NULL, 'file', '', '', '', 'PUNARAVARTAN 1', 'Active', 9, '2021-04-10 04:56:35', '2021-04-10 04:56:35'),
(546, 5, 6, 16, 24, 67, 'पुनरावर्तन 2', NULL, 'file', '', '', '', 'PUNARAVARTAN 2', 'Active', 10, '2021-04-10 04:57:15', '2021-04-10 04:57:15'),
(547, 5, 6, 16, 24, 67, 'कसौटी', NULL, 'file', '', '', '', 'KASAUTI', 'Active', 11, '2021-04-10 04:59:43', '2021-04-10 04:59:43'),
(548, 5, 6, 16, 25, 68, '(१) बेटी', NULL, 'file', '', '', '', '(1) BETI', 'Active', 1, '2021-04-10 05:00:48', '2021-04-10 05:00:48'),
(549, 5, 6, 16, 25, 68, '(२) हम भी बने महान', NULL, 'file', '', '', '', '(2) HAM BHI BANE MAHAN', 'Active', 2, '2021-04-10 05:01:42', '2021-04-10 05:01:42'),
(550, 5, 6, 16, 25, 68, '(३) सच्चा हीरा', NULL, 'file', '', '', '', '(3) SACHCHA HEERA', 'Active', 3, '2021-04-10 05:02:23', '2021-04-10 05:02:23'),
(551, 5, 6, 16, 25, 68, '(४) देश के नाम संदेश', NULL, 'file', '', '', '', '(4) DESH KE NAM SANDESH', 'Active', 4, '2021-04-10 05:03:16', '2021-04-10 05:03:16'),
(552, 5, 6, 16, 25, 68, '(५) धरती की शान', NULL, 'file', '', '', '', '(5) DHARATI KI SHAN', 'Active', 5, '2021-04-10 05:03:57', '2021-04-10 05:03:57'),
(553, 5, 6, 16, 25, 68, '(६) मालवजी फौजदार', NULL, 'file', '', '', '', '(6) MALAVJEE FAUJADAR', 'Active', 6, '2021-04-10 05:05:06', '2021-04-10 05:05:06'),
(554, 5, 6, 16, 25, 68, '(७) बढे कहानी', NULL, 'file', '', '', '', '(7) BADHE KAHANI', 'Active', 7, '2021-04-10 05:05:50', '2021-04-10 05:05:50'),
(555, 5, 6, 16, 25, 68, '(८) मुस्कान के मोती', NULL, 'file', '', '', '', '(8) MUSKAN KE MOTI', 'Active', 8, '2021-04-10 05:06:32', '2021-04-10 05:06:32'),
(556, 5, 6, 16, 25, 68, '(९) समय - सारिणी', NULL, 'file', '', '', '', '(9) SAMAY - SARINI', 'Active', 9, '2021-04-10 05:07:22', '2021-04-10 05:07:22'),
(557, 5, 6, 16, 25, 68, '(१०) अंदाज अपना - अपना', NULL, 'file', '', '', '', '(10) ANDAAZ APNA - APNA', 'Active', 10, '2021-04-10 05:08:06', '2021-04-10 05:08:06'),
(558, 5, 6, 16, 25, 68, 'पुनरावर्तन 1', NULL, 'file', '', '', '', 'PUNARAVARTAN 1', 'Active', 11, '2021-04-10 05:08:52', '2021-04-10 05:08:52'),
(559, 5, 6, 16, 25, 68, 'पुनरावर्तन 2', NULL, 'file', '', '', '', 'PUNARAVARTAN 2', 'Active', 12, '2021-04-10 05:09:27', '2021-04-10 05:09:27'),
(560, 5, 6, 16, 24, 77, '(1) Vini\'s Smile', NULL, 'file', '', '', '', '(1) VINI\'S SMILE', 'Active', 1, '2021-04-10 05:12:51', '2021-04-10 05:12:51'),
(561, 5, 6, 16, 24, 77, '(2) How Many Did You ?', NULL, 'file', '', '', '', '(2) HOW MANY DID YOU ?', 'Active', 2, '2021-04-10 05:13:53', '2021-04-10 05:13:53'),
(562, 5, 6, 16, 24, 77, '(3) Yes, I Will', NULL, 'file', '', '', '', '(3) YES, I WILL', 'Active', 3, '2021-04-10 05:14:42', '2021-04-10 05:14:42'),
(563, 5, 6, 16, 24, 77, '(4) Longer, Shorter, Bigger', NULL, 'file', '', '', '', '(4) LONGER, SHORTER, BIGGER', 'Active', 4, '2021-04-10 05:15:55', '2021-04-10 05:15:55'),
(564, 5, 6, 16, 24, 77, 'Revision 1', NULL, 'file', '', '', '', 'REVISION 1', 'Active', 5, '2021-04-10 05:16:51', '2021-04-10 05:16:51'),
(565, 5, 6, 16, 24, 77, 'Vocabulary', NULL, 'file', '', '', '', 'VOCABULARY', 'Active', 6, '2021-04-10 05:17:26', '2021-04-10 05:17:26'),
(566, 5, 6, 16, 25, 78, '(1) Am I Lost ?', NULL, 'file', '', '', '', '(1) AM I LOST ?', 'Active', 1, '2021-04-10 05:19:16', '2021-04-10 05:19:16'),
(567, 5, 6, 16, 25, 78, '(2) Step By Step', NULL, 'file', '', '', '', '(2) STEP BY STEP', 'Active', 2, '2021-04-10 05:20:25', '2021-04-10 05:20:25'),
(568, 5, 6, 16, 25, 78, '(3) Today Comes Everyday', NULL, 'file', '', '', '', '(3) TODAY COMES EVERYDAY', 'Active', 3, '2021-04-10 05:21:46', '2021-04-10 05:21:46'),
(569, 5, 6, 16, 25, 78, '(4) Q Of Yesnoyesnoyesno', NULL, 'file', '', '', '', '(4) Q OF YESNOYESNOYESNO', 'Active', 4, '2021-04-10 05:23:33', '2021-04-10 05:23:33'),
(570, 5, 6, 16, 25, 78, '(5) Me Too !', NULL, 'file', '', '', '', '(5) METOO !', 'Active', 5, '2021-04-10 05:24:45', '2021-04-10 05:24:45'),
(571, 5, 6, 16, 25, 78, 'Revision 1', NULL, 'file', '', '', '', 'REVISION 1', 'Active', 6, '2021-04-10 05:25:41', '2021-04-10 05:25:41'),
(572, 5, 6, 16, 25, 78, 'Let\'s Read More - 1', NULL, 'file', '', '', '', 'LET\'S READ MORE - 1', 'Active', 7, '2021-04-10 05:26:32', '2021-04-10 05:26:32'),
(573, 5, 6, 16, 25, 78, 'Let\'s Read More - 2', NULL, 'file', '', '', '', 'LET\'S READ MORE - 2', 'Active', 8, '2021-04-10 05:27:13', '2021-04-10 05:27:13'),
(574, 5, 6, 16, 25, 78, 'Let\'s Read More - 3', NULL, 'file', '', '', '', 'LET\'S READ MORE - 3', 'Active', 9, '2021-04-10 05:29:34', '2021-04-10 05:29:34'),
(575, 5, 6, 16, 25, 78, 'Let\'s Read More - 4', NULL, 'file', '', '', '', 'LET\'S READ MORE - 4', 'Active', 10, '2021-04-10 05:30:49', '2021-04-10 05:30:49'),
(576, 5, 6, 16, 25, 78, 'Let\'s Read More - 5', NULL, 'file', '', '', '', 'LET\'S READ MORE - 5', 'Active', 11, '2021-04-10 05:31:36', '2021-04-10 05:31:36'),
(577, 5, 6, 16, 25, 78, 'Let\'s Read More - 6', NULL, 'file', '', '', '', 'LET\'S READ MORE -6', 'Active', 12, '2021-04-10 05:32:34', '2021-04-10 05:32:34'),
(578, 5, 6, 16, 25, 78, 'Vocabulary', NULL, 'file', '', '', '', 'VOCABULARY', 'Active', 13, '2021-04-10 05:33:00', '2021-04-10 05:33:00'),
(579, 5, 6, 16, 24, 87, 'वन्दना', NULL, 'file', '', '', '', 'VANDANA', 'Active', 1, '2021-04-10 05:37:25', '2021-04-10 05:37:25'),
(580, 5, 6, 16, 24, 87, '(१) चित्रपदानि १ त: ३', NULL, 'file', '', '', '', '(1) CHITRAPADANI 1 T 3', 'Active', 2, '2021-04-10 05:38:42', '2021-04-10 05:38:42'),
(581, 5, 6, 16, 24, 87, '(२) मेघो वर्षति', NULL, 'file', '', '', '', '(2) MEGHO VARSHATI', 'Active', 3, '2021-04-10 05:39:40', '2021-04-10 05:39:40'),
(582, 5, 6, 16, 24, 87, '(३) कोडरुक', NULL, 'file', '', '', '', '(3) KODRUK', 'Active', 4, '2021-04-10 05:40:59', '2021-04-10 05:40:59'),
(583, 5, 6, 16, 24, 87, '(४) हस्ययोग:', NULL, 'file', '', '', '', '(4) HASYYOG', 'Active', 5, '2021-04-10 05:41:46', '2021-04-10 05:41:46'),
(584, 5, 6, 16, 24, 87, '(५) चटक! चटक!', NULL, 'file', '', '', '', '(5) CHATAK! CHATAK!', 'Active', 6, '2021-04-10 05:42:43', '2021-04-10 05:42:43'),
(585, 5, 6, 16, 24, 87, '(६) सडख्या', NULL, 'file', '', '', '', '(6) SADKHYA', 'Active', 7, '2021-04-10 05:44:12', '2021-04-10 05:44:12'),
(586, 5, 6, 16, 24, 87, '(७) विश्वासों नैव कर्तव्य:', NULL, 'file', '', '', '', '(7) VISHVASO NAIV KARTAVY', 'Active', 8, '2021-04-10 05:54:56', '2021-04-10 05:54:56'),
(587, 5, 6, 16, 24, 87, '(८) समय:', NULL, 'file', '', '', '', '(8) SAMAY', 'Active', 9, '2021-04-10 05:55:44', '2021-04-10 05:55:44'),
(588, 5, 6, 16, 24, 87, '(९) आम्लं द्राक्षाफलम्', NULL, 'file', '', '', '', '(9) AAMLAM DRAKSHAFALAM', 'Active', 10, '2021-04-10 05:57:03', '2021-04-10 05:57:03'),
(589, 5, 6, 16, 24, 87, 'पुनरावर्तनम् 1', NULL, 'file', '', '', '', 'PUNARAVARTANAM 1', 'Active', 11, '2021-04-10 05:58:04', '2021-04-10 05:58:04'),
(590, 5, 6, 16, 24, 87, 'पुनरावर्तनम् 2', NULL, 'file', '', '', '', 'PUNARAVARTANAM 2', 'Active', 12, '2021-04-10 05:58:55', '2021-04-10 05:58:55'),
(591, 5, 6, 16, 24, 87, 'પરિશિષ્ટ', NULL, 'file', '', '', '', 'PARISHISHT', 'Active', 13, '2021-04-10 06:00:02', '2021-04-10 06:00:02'),
(592, 5, 6, 16, 25, 88, '(१) प्रहेलिका:', NULL, 'file', '', '', '', '(1) PRAHELIKAH', 'Active', 1, '2021-04-10 06:01:34', '2021-04-10 06:01:34'),
(593, 5, 6, 16, 25, 88, '(२) वार्तालाप:', NULL, 'file', '', '', '', '(2) VARTALAPAH', 'Active', 2, '2021-04-10 06:02:29', '2021-04-10 06:02:29'),
(594, 5, 6, 16, 25, 88, '(३) सुभाषितानि', NULL, 'file', '', '', '', '(3) SUBHASHITANI', 'Active', 3, '2021-04-10 06:03:12', '2021-04-10 06:03:12'),
(595, 5, 6, 16, 25, 88, '(४) धरा गुर्जरी', NULL, 'file', '', '', '', '(4) DHARA GURJARI', 'Active', 4, '2021-04-10 06:04:07', '2021-04-10 06:04:07'),
(596, 5, 6, 16, 25, 88, '(५) योजक: तत्र दुर्लभ:', NULL, 'file', '', '', '', '(5) YOJAKAH TATRA DURLABHAH', 'Active', 5, '2021-04-10 06:04:57', '2021-04-10 06:04:57'),
(597, 5, 6, 16, 25, 88, '(६) विज्ञानस्य चम्त्कारा:', NULL, 'file', '', '', '', '(6) VIGNANSYA CHAMATKARAH', 'Active', 6, '2021-04-10 06:07:26', '2021-04-10 06:07:26'),
(598, 5, 6, 16, 25, 88, '(७) सूत्क्य:', NULL, 'file', '', '', '', '(7) SOOTKYAH', 'Active', 7, '2021-04-10 06:08:40', '2021-04-10 06:08:40'),
(599, 5, 6, 16, 25, 88, 'पुनरावर्तनम् 1', NULL, 'file', '', '', '', 'PUNARAVARTANM 1', 'Active', 8, '2021-04-10 06:09:29', '2021-04-10 06:09:29'),
(600, 5, 6, 16, 25, 88, 'पुनरावर्तनम् 2', NULL, 'file', '', '', '', 'PUNARAVARTANAM 2', 'Active', 9, '2021-04-10 06:10:07', '2021-04-10 06:10:07'),
(601, 5, 6, 16, 24, 97, '(૧) પૂર્ણાંક સંખ્યાઓ', NULL, 'file', '', '', '', '(1) POORNAK SANKHYAO', 'Active', 1, '2021-04-10 06:11:54', '2021-04-10 06:11:54'),
(602, 5, 6, 16, 24, 97, '(૨) અપૂર્ણાંક અને દશાંશ સંખ્યાઓ', NULL, 'file', '', '', '', '(2) APOORNAK ANE DASHANSHA SANKHYAO', 'Active', 2, '2021-04-10 06:12:54', '2021-04-10 06:12:54'),
(603, 5, 6, 16, 24, 97, '(3) માહિતીનું નિયમન', NULL, 'file', '', '', '', '(3) MAHITINU NIYAMAN', 'Active', 3, '2021-04-10 06:13:47', '2021-04-10 06:13:47'),
(604, 5, 6, 16, 24, 97, '(૪) સાદા સમીકરણો', NULL, 'file', '', '', '', '(4) SADA SAMIKARANO', 'Active', 4, '2021-04-10 06:14:37', '2021-04-10 06:14:37'),
(605, 5, 6, 16, 24, 97, '(૫) રેખા અને ખૂણા', NULL, 'file', '', '', '', '(5) REKHA ANE KHOONA', 'Active', 5, '2021-04-10 06:15:18', '2021-04-10 06:15:18'),
(606, 5, 6, 16, 24, 97, '(૬) ત્રિકોણ અને તેના ગુણધર્મો', NULL, 'file', '', '', '', '(6) TRIKON ANE TENA GUNDHARMO', 'Active', 6, '2021-04-10 06:16:04', '2021-04-10 06:16:04'),
(607, 5, 6, 16, 24, 97, '(૭) ત્રિકોણની એકરૂપતા', NULL, 'file', '', '', '', '(7) TRIKONNI EKRUPTA', 'Active', 7, '2021-04-10 06:16:55', '2021-04-10 06:16:55'),
(608, 5, 6, 16, 24, 97, 'જવાબો', NULL, 'file', '', '', '', 'JAVABO', 'Active', 8, '2021-04-10 06:17:36', '2021-04-10 06:17:36'),
(609, 5, 6, 16, 24, 97, 'મગજ કસો', NULL, 'file', '', '', '', 'MAGAJ KASO', 'Active', 9, '2021-04-10 06:18:08', '2021-04-10 06:18:08'),
(610, 5, 6, 16, 25, 98, '(૮) રાશિઓની તુલના', NULL, 'file', '', '', '', '(8) RASHIONI TULANA', 'Active', 1, '2021-04-10 06:19:37', '2021-04-10 06:19:37'),
(611, 5, 6, 16, 25, 98, '(૯) સંમેય સંખ્યાઓ', NULL, 'file', '', '', '', '(9) SANMEY SANKHYAO', 'Active', 2, '2021-04-10 06:20:17', '2021-04-10 06:20:17'),
(612, 5, 6, 16, 25, 98, '(૧૦) પ્રાયોગિક ભૂમિતિ', NULL, 'file', '', '', '', '(10) PRAYOGIK BHOOMITI', 'Active', 3, '2021-04-10 06:21:01', '2021-04-10 06:21:01'),
(613, 5, 6, 16, 25, 98, '(૧૧) પરિમિતિ અને ક્ષેત્રફળ', NULL, 'file', '', '', '', '(11) PARIMITI ANE KSHETRAFAL', 'Active', 4, '2021-04-10 06:22:11', '2021-04-10 06:22:11'),
(614, 5, 6, 16, 25, 98, '(૧૨) બીજગણિતીય પદાવલિ', NULL, 'file', '', '', '', '(12) BEEJGANITIY PADAVALI', 'Active', 5, '2021-04-10 06:23:41', '2021-04-10 06:23:41'),
(615, 5, 6, 16, 25, 98, '(૧૩) ઘાત અને ઘાતાંક', NULL, 'file', '', '', '', '(13) GHAT ANE GHATANK', 'Active', 6, '2021-04-10 06:24:40', '2021-04-10 06:24:40'),
(616, 5, 6, 16, 25, 98, '(૧૪) સમિતિ', NULL, 'file', '', '', '', '(14) SAMITI', 'Active', 7, '2021-04-10 06:25:37', '2021-04-10 06:25:37'),
(617, 5, 6, 16, 25, 98, '(૧૫) ઘન આકારોનું પ્રત્યક્ષીકરણ', NULL, 'file', '', '', '', '(15) GHAN AAKARONU PRATYAKSHIKARAN', 'Active', 8, '2021-04-10 06:26:38', '2021-04-10 06:26:38'),
(618, 5, 6, 16, 25, 98, 'જવાબો', NULL, 'file', '', '', '', 'JAVABO', 'Active', 9, '2021-04-10 06:27:12', '2021-04-10 06:27:12'),
(619, 5, 6, 16, 25, 98, 'મગજ કસો', NULL, 'file', '', '', '', 'MAGAJ KASO', 'Active', 10, '2021-04-10 06:27:47', '2021-04-10 06:27:47');
INSERT INTO `units` (`id`, `board_id`, `medium_id`, `standard_id`, `semester_id`, `subject_id`, `title`, `sub_title`, `url_type`, `url`, `thumbnail`, `pages`, `description`, `status`, `order_no`, `created_at`, `updated_at`) VALUES
(620, 5, 6, 16, 24, 107, '(૧) વનસ્પતિમાં પોષણ', NULL, 'file', '', '', '', '(1) VANASPATIMA POSHAN', 'Active', 1, '2021-04-10 06:29:45', '2021-04-10 06:29:45'),
(621, 5, 6, 16, 24, 107, '(૨) પ્રાણીઓમાં પોષણ', NULL, 'file', '', '', '', '(2) PRANIOMA POSHAN', 'Active', 2, '2021-04-10 06:31:02', '2021-04-10 06:31:02'),
(622, 5, 6, 16, 24, 107, '(3) રેસાથી કાપડ સુધી', NULL, 'file', '', '', '', '(3) RESATHI KAPAD SUDHI', 'Active', 3, '2021-04-10 06:32:30', '2021-04-10 06:32:30'),
(623, 5, 6, 16, 24, 107, '(૪) ઉષ્મા', NULL, 'file', '', '', '', '(4) USHMA', 'Active', 4, '2021-04-10 06:33:25', '2021-04-10 06:33:25'),
(624, 5, 6, 16, 24, 107, '(૫) એસિડ, બેઇઝ અને ક્ષાર', NULL, 'file', '', '', '', '(5) ACID, BEIZ ANE KSHAR', 'Active', 5, '2021-04-10 06:34:31', '2021-04-10 06:34:31'),
(625, 5, 6, 16, 24, 107, '(૬) ભૌતિક અને રાસાયણિક ફેરફારો', NULL, 'file', '', '', '', '(6) BHAUTIK ANE RASAYANIK FERAFARO', 'Active', 6, '2021-04-10 06:35:38', '2021-04-10 06:35:38'),
(626, 5, 6, 16, 24, 107, '(૭) હવામાન, આબોહવા અને આબોહવાની સાથે પ્રાણીઓનું અનુકૂલન', NULL, 'file', '', '', '', '(7) HAVAMAN, AABOHAV ANE AABOHAVANI SATHE PRANIONU ANUKOOLAN', 'Active', 7, '2021-04-10 06:37:26', '2021-04-10 06:37:26'),
(627, 5, 6, 16, 24, 107, '(૮) પવન, વાવાઝોડું અને ચક્રવાત', NULL, 'file', '', '', '', '(8) PAVAN, VAVAZODU ANE CHAKRAVAT', 'Active', 8, '2021-04-10 06:38:31', '2021-04-10 06:38:31'),
(628, 5, 6, 16, 24, 107, '(૯) ભૂમિ', NULL, 'file', '', '', '', '(9) BHOOMI', 'Active', 9, '2021-04-10 06:39:07', '2021-04-10 06:39:07'),
(629, 5, 6, 16, 24, 107, 'શબ્દસૂચિ', NULL, 'file', '', '', '', 'SHABDASOOCHI', 'Active', 10, '2021-04-10 06:39:57', '2021-04-10 06:39:57'),
(630, 5, 6, 16, 25, 108, '(૧૦) સજીવોમાં શ્વસન', NULL, 'file', '', '', '', '(10) SAJEEVOMA SVASAN', 'Active', 1, '2021-04-10 06:41:11', '2021-04-10 06:41:11'),
(631, 5, 6, 16, 25, 108, '(૧૧) પ્રાણીઓ અને વનસ્પતિઓમાં વહન', NULL, 'file', '', '', '', '(11) PRANIO ANE VANASPATIOMA VAHAN', 'Active', 2, '2021-04-10 06:42:15', '2021-04-10 06:42:15'),
(632, 5, 6, 16, 25, 108, '(૧૨) વનસ્પતિમાં પ્રજનન', NULL, 'file', '', '', '', '(12) VANASPATIMA PRAJANAN', 'Active', 3, '2021-04-10 06:43:32', '2021-04-10 06:43:32'),
(633, 5, 6, 16, 25, 108, '(૧૩) ગતિ અને સમય', NULL, 'file', '', '', '', '(13) GATI ANE SAMAY', 'Active', 4, '2021-04-10 06:44:27', '2021-04-10 06:44:27'),
(634, 5, 6, 16, 25, 108, '(૧૪) વિદ્યુતપ્રવાહ અને તેની અસરો', NULL, 'file', '', '', '', '(14) VIDHYUTPRAVAH ANE TENI ASARO', 'Active', 5, '2021-04-10 06:45:25', '2021-04-10 06:45:25'),
(635, 5, 6, 16, 25, 108, '(૧૫) પ્રકાશ', NULL, 'file', '', '', '', '(15) PRAKASH', 'Active', 6, '2021-04-10 06:46:08', '2021-04-10 06:46:08'),
(636, 5, 6, 16, 25, 108, '(૧૬) પાણી: એક અમૂલ્ય સ્ત્રોત', NULL, 'file', '', '', '', '(16) PANI : EK AMOOLYA STROT', 'Active', 7, '2021-04-10 06:47:00', '2021-04-10 06:47:00'),
(637, 5, 6, 16, 25, 108, '(૧૭) જંગલો : આપણી જીવાદોરી', NULL, 'file', '', '', '', '(17) JANGALO : AAPNI JEEVADORI', 'Active', 8, '2021-04-10 06:48:09', '2021-04-10 06:48:09'),
(638, 5, 6, 16, 25, 108, '(૧૮) દૂષિત પાણીની વાર્તા', NULL, 'file', '', '', '', '(18) DOOSHIT PANINI VARTA', 'Active', 9, '2021-04-10 06:48:54', '2021-04-10 06:48:54'),
(639, 5, 6, 16, 25, 108, 'શબ્દસૂચિ', NULL, 'file', '', '', '', 'SHABDASOOCHI', 'Active', 10, '2021-04-10 06:49:33', '2021-04-10 06:49:33'),
(640, 5, 6, 16, 25, 108, 'શબ્દસૂચિ', NULL, 'file', '', '', '', 'SHABDASOOCHI', 'Active', 11, '2021-04-10 06:52:47', '2021-04-10 06:52:47'),
(641, 5, 6, 16, 24, 117, '(૧) રાજપૂતયુગ નવાં શાસકો અને રાજ્યો', NULL, 'file', '', '', '', '(1) RAJPOOTYUG NAVA SHASAKO ANE RAJYO', 'Active', 1, '2021-04-10 07:09:09', '2021-04-10 07:09:09'),
(642, 5, 6, 16, 24, 117, '(૨) દિલ્લી સલ્તનત', NULL, 'file', '', '', '', '(2) DILLI SALTANAT', 'Active', 2, '2021-04-10 07:10:12', '2021-04-10 07:10:12'),
(643, 5, 6, 16, 24, 117, '(3) મુઘલ સામ્રાજ્ય', NULL, 'file', '', '', '', '(3) MUGHAL SAMRAJAY', 'Active', 3, '2021-04-10 07:10:58', '2021-04-10 07:10:58'),
(644, 5, 6, 16, 24, 117, '(૪) મધ્યયુગીન સ્થાપત્યો, શહેરો, વેપારી અને કારીગરો', NULL, 'file', '', '', '', '(4) MADHYYUGIN STHAPATYO, SHAHERO, VEPARI ANE KARIGARO', 'Active', 4, '2021-04-10 07:12:16', '2021-04-10 07:12:16'),
(645, 5, 6, 16, 24, 117, '(૯) પૃથ્વીની આંતરિક રચના અને ભૂમિસ્વરુપો', NULL, 'file', NULL, NULL, '', '(9) PRUTHVINI AANTRIK RACHNA ANE BHOOMISVARUPO', 'Active', 5, '2021-04-10 07:13:43', '2021-04-10 07:24:39'),
(646, 5, 6, 16, 24, 117, '(૧૦) પર્યાવરણના ઘટકો અને આંતર સંબંધો', NULL, 'file', NULL, NULL, '', '(10) PARYAVARANNA GHATKO ANE AANTAR SAMBANDHO', 'Active', 6, '2021-04-10 07:15:00', '2021-04-10 07:27:16'),
(647, 5, 6, 16, 24, 117, '(૧૧) વાતાવરણની સજીવો પર અસર', NULL, 'file', '', '', '', '(11) VATAVARNI SAJEEVO PAR ASAR', 'Active', 7, '2021-04-10 07:30:59', '2021-04-10 07:30:59'),
(648, 5, 6, 16, 24, 117, '(૧૪) લોકશાહીમાં સમાનતા', NULL, 'file', '', '', '', '(14) LOKSHAHIMA SAMANTA', 'Active', 8, '2021-04-10 07:31:57', '2021-04-10 07:31:57'),
(649, 5, 6, 16, 24, 117, '(૧૫) રાજ્ય સરકાર', NULL, 'file', '', '', '', '(15) RAJYA SARKAR', 'Active', 9, '2021-04-10 07:32:49', '2021-04-10 07:32:49'),
(650, 5, 6, 16, 24, 117, 'ચાલો, સમજ ચકાસીએ', NULL, 'file', '', '', '', 'CHALO, SAMAJ CHAKASIE', 'Active', 10, '2021-04-10 07:34:06', '2021-04-10 07:34:06'),
(651, 5, 6, 16, 25, 118, '(૫) વનવાસી, વિચરતી જાતિ અને સ્થાનિક સમુદાય', NULL, 'file', '', '', '', '(5) VANVASI, VICHARTI JATI ANE STHANIK SAMUDAY', 'Active', 1, '2021-04-10 07:35:52', '2021-04-10 07:35:52'),
(652, 5, 6, 16, 25, 118, '(૫) વનવાસી, વિચરતી જાતિ અને સ્થાનિક સમુદાય', NULL, 'file', '', '', '', '(5) VANVASI, VICHARTI JATI ANE STHANIK SAMUDAY', 'Active', 2, '2021-04-10 07:37:39', '2021-04-10 07:37:39'),
(653, 5, 6, 16, 25, 118, '(૬) ભક્તિયુગ : ધાર્મિક સમુદાયો અને વિચારકો', NULL, 'file', '', '', '', '(6) BHAKTIYUG : DHARMIK SAMUDAYO ANE VICHARAKO', 'Active', 3, '2021-04-10 07:41:18', '2021-04-10 07:41:18'),
(654, 5, 6, 16, 25, 118, '(૭) પ્રાદેશિક સંસ્કૃતિનું ઘડતર', NULL, 'file', '', '', '', '(7) PRADESHIK SANSKRUTINU GHADATAR', 'Active', 4, '2021-04-10 07:42:34', '2021-04-10 07:42:34'),
(655, 5, 6, 16, 25, 118, '(૮) અઢારમી સદીના રાજકીય શાસકો', NULL, 'file', '', '', '', '(8) ADHARAMI SADINA RAJAKIY SHASAKO', 'Active', 5, '2021-04-10 07:44:00', '2021-04-10 07:44:00'),
(656, 5, 6, 16, 25, 118, '(૧૨) આપત્તિ અને વ્યવસ્થાપન', NULL, 'file', '', '', '', '(12) AAPTTI ANE VYAVASTHAPAN', 'Active', 6, '2021-04-10 07:45:26', '2021-04-10 07:45:26'),
(657, 5, 6, 16, 25, 118, '(૧૩) સંસાધનોનું જતન અને સંરક્ષણ', NULL, 'file', '', '', '', '(13) SANSADHNONU JATAN ANE SAMRAKSHAN', 'Active', 7, '2021-04-10 07:46:40', '2021-04-10 07:46:40'),
(658, 5, 6, 16, 25, 118, '(૧૬) જાતિગત ભિન્નતા', NULL, 'file', '', '', '', '(16) JATIGAT BHINNATA', 'Active', 8, '2021-04-10 07:47:40', '2021-04-10 07:47:40'),
(659, 5, 6, 16, 25, 118, '(૧૭) સંચાર માધ્યમ અને જાહેરાત', NULL, 'file', '', '', '', '(17) SANCHAR MADHYAM ANE JAHERAT', 'Active', 9, '2021-04-10 07:48:52', '2021-04-10 07:48:52'),
(660, 5, 6, 16, 25, 118, '(૧૮) બજાર', NULL, 'file', '', '', '', '(18) BAZAR', 'Active', 10, '2021-04-10 07:49:42', '2021-04-10 07:49:42'),
(661, 5, 6, 16, 25, 118, 'ચાલો, સમજ ચકાસીએ', NULL, 'file', '', '', '', 'CHALO, SAMAJ CHAKASIE', 'Active', 11, '2021-04-10 07:50:43', '2021-04-10 07:50:43'),
(662, 5, 6, 15, 22, 55, '(૧) રેલ્વે-સ્ટેશન', NULL, 'file', '', '', '', '(1) RELVE-STESHAN', 'Active', 1, '2021-04-10 09:41:47', '2021-04-10 09:41:47'),
(663, 5, 6, 15, 22, 55, '(૨) હિંદમાતાને સંબોધન', NULL, 'file', '', '', '', '(2) HINDMATANE SAMBODHAN', 'Active', 2, '2021-04-10 09:42:42', '2021-04-10 09:42:42'),
(664, 5, 6, 15, 22, 55, '(3) દ્વિદલ', NULL, 'file', '', '', '', '(3) DVIDAL', 'Active', 3, '2021-04-10 09:43:15', '2021-04-10 09:43:15'),
(665, 5, 6, 15, 22, 55, '(૪) રવિશંકર મહારાજ', NULL, 'file', '', '', '', '(4) RAVISHANKAR MAHARAJ', 'Active', 4, '2021-04-10 09:44:16', '2021-04-10 09:44:16'),
(666, 5, 6, 15, 22, 55, '(૫) મેહનતની મોસમ', NULL, 'file', '', '', '', '(5) MAHENATANI MOSAM', 'Active', 5, '2021-04-10 09:45:11', '2021-04-10 09:45:11'),
(667, 5, 6, 15, 22, 55, '(૬) લેખણ ઝાલી નો રહી', NULL, 'file', '', '', '', '(6) LEKHAN ZALI NO RAHI', 'Active', 6, '2021-04-10 09:46:21', '2021-04-10 09:46:21'),
(668, 5, 6, 15, 22, 55, '(૭) પગલે-પગલે', NULL, 'file', '', '', '', '(7) PAGLE-PAGLE', 'Active', 7, '2021-04-10 09:47:05', '2021-04-10 09:47:05'),
(669, 5, 6, 15, 22, 55, '(૮) બિરબલની યુક્તિ', NULL, 'file', '', '', '', '(8) BIRABALNI YUKTI', 'Active', 8, '2021-04-10 09:48:06', '2021-04-10 09:48:06'),
(670, 5, 6, 15, 22, 55, '(૯) પાદર', NULL, 'file', '', '', '', '(9) PADAR', 'Active', 9, '2021-04-10 09:48:39', '2021-04-10 09:48:39'),
(671, 5, 6, 15, 22, 55, 'પુનરાવર્તન ૧', NULL, 'file', '', '', '', 'PUNARAVARTAN 1', 'Active', 10, '2021-04-10 09:49:21', '2021-04-10 09:49:21'),
(672, 5, 6, 15, 22, 55, 'પુનરાવર્તન ૨', NULL, 'file', '', '', '', 'PUNARAVARTAN 2', 'Active', 11, '2021-04-10 09:49:57', '2021-04-10 09:49:57'),
(673, 5, 6, 15, 23, 56, '(૧૦) આલાલીલા વાંસડીયા', NULL, 'file', NULL, NULL, '', '(10) AALALILA VANSADIYA', 'Active', 12, '2021-04-10 09:51:59', '2021-04-10 10:11:14'),
(674, 5, 6, 15, 23, 56, '(૧૧) એક જાદુઈ પત્રની વાર્તા', NULL, 'file', NULL, NULL, '', '(11) EK JADUI PATRANI VARTA', 'Active', 13, '2021-04-10 09:52:52', '2021-04-10 10:12:01'),
(675, 5, 6, 15, 23, 56, '(૧૨) રાવણનું મિથ્યાભિમાન', NULL, 'file', NULL, NULL, '', '(12) RAVANNU MITHYABHIMAN', 'Active', 14, '2021-04-10 09:53:50', '2021-04-10 10:12:44'),
(676, 5, 6, 15, 23, 56, '(૧૩) સાગરકાંઠાનો પ્રવાસ', NULL, 'file', NULL, NULL, '', '(13) SAGARKANTHANO PRAVAS', 'Active', 15, '2021-04-10 09:54:40', '2021-04-10 10:13:20'),
(677, 5, 6, 15, 23, 56, '(૧૪) સારા અક્ષર', NULL, 'file', NULL, NULL, '', '(14) SARA AKSHAR', 'Active', 16, '2021-04-10 09:55:31', '2021-04-10 10:13:59'),
(678, 5, 6, 15, 23, 56, '(૧૫) ગુજરાત મોરી મોરી રે', NULL, 'file', NULL, NULL, '', '(15) GUJARAT MORI MORI RE', 'Active', 17, '2021-04-10 09:56:24', '2021-04-10 10:15:02'),
(679, 5, 6, 15, 23, 56, '(૧૬) માતૃહ્ર્દય', NULL, 'file', NULL, NULL, '', '(16) MATRU HRADAY', 'Active', 18, '2021-04-10 09:57:58', '2021-04-10 10:15:39'),
(680, 5, 6, 15, 23, 56, '(૧૭) સુગંધ કચ્છની...!', NULL, 'file', NULL, NULL, '', '(17) SUNGADH KACHCHHANI...!', 'Active', 19, '2021-04-10 09:59:03', '2021-04-10 10:17:05'),
(681, 5, 6, 15, 23, 56, '(૧૮) સુભાષિત', NULL, 'file', NULL, NULL, '', '(18) SUBHASHIT', 'Active', 20, '2021-04-10 09:59:56', '2021-04-10 10:17:54'),
(682, 5, 6, 15, 23, 56, 'પુનરાવર્તન 3', NULL, 'file', NULL, NULL, '', 'PUNARAVARTAN 3', 'Active', 21, '2021-04-10 10:00:39', '2021-04-10 10:19:17'),
(683, 5, 6, 15, 23, 56, 'પુનરાવર્તન ૪', NULL, 'file', NULL, NULL, '', 'PUNARAVARTAN 4', 'Active', 22, '2021-04-10 10:04:42', '2021-04-10 10:20:03'),
(684, 5, 6, 15, 23, 56, 'પૂરક વાચન ૧ - શેરીએ આવે સાદ', NULL, 'file', NULL, NULL, '', 'POORAK VACHAN 1 - SHERIE AAVE SAD', 'Active', 23, '2021-04-10 10:06:00', '2021-04-10 10:21:06'),
(685, 5, 6, 15, 23, 56, 'પૂરક વાચન ૨ - કાબુલી', NULL, 'file', NULL, NULL, '', 'POORAK VACHAN 2 - KABULI', 'Active', 24, '2021-04-10 10:06:55', '2021-04-10 10:21:37'),
(686, 5, 6, 15, 23, 56, 'પૂરક વાચન 3 - રુપાળું મારું ગામડું', NULL, 'file', NULL, NULL, '', 'POORAK VACHAN 3 - RUPALU MARU GAMDU', 'Active', 25, '2021-04-10 10:07:51', '2021-04-10 10:22:10'),
(687, 5, 6, 15, 23, 56, 'પૂરક વાચન ૪ - સાચી વિદ્યા', NULL, 'file', NULL, NULL, '', 'POORAK VACHAN 4 - SACHI VIDHYA', 'Active', 26, '2021-04-10 10:09:09', '2021-04-10 10:23:36'),
(688, 5, 6, 15, 23, 56, 'પૂરક વાચન ૫ - સેવામૂર્તિ : પરીક્ષિતલાલ', NULL, 'file', NULL, NULL, '', 'POORAK VACHAN 5 - SEVAMOORTI : PARIKSHITLAL', 'Active', 27, '2021-04-10 10:10:23', '2021-04-10 10:24:41'),
(689, 5, 6, 15, 22, 65, '(१) दयालु शिकारी (चित्रपाठ)', NULL, 'file', '', '', '', '(1) DAYALU SHIKARI (CHITRAPATH)', 'Active', 1, '2021-04-10 10:29:37', '2021-04-10 10:29:37'),
(690, 5, 6, 15, 22, 65, '(२) एक जगत, एक लोक', NULL, 'file', '', '', '', '(2) EK JAGAT, EK LOK', 'Active', 2, '2021-04-10 10:30:33', '2021-04-10 10:30:33'),
(691, 5, 6, 15, 22, 65, '(३) समझदार नन्ही', NULL, 'file', '', '', '', '(3) SAMAJDAR NANHI', 'Active', 3, '2021-04-10 10:31:57', '2021-04-10 10:31:57'),
(692, 5, 6, 15, 22, 65, '(४) गिनती ५१ से १००', NULL, 'file', '', '', '', '(4) GINATI 51 SE 100', 'Active', 4, '2021-04-10 10:33:17', '2021-04-10 10:33:17'),
(693, 5, 6, 15, 22, 65, '(५) धरती को महकाए', NULL, 'file', '', '', '', '(5) DHARATI KO MAHAKAYE', 'Active', 5, '2021-04-10 10:34:25', '2021-04-10 10:34:25'),
(694, 5, 6, 15, 22, 65, '(६) सुबह', NULL, 'file', '', '', '', '(6) SUBAH', 'Active', 6, '2021-04-10 10:35:11', '2021-04-10 10:35:11'),
(695, 5, 6, 15, 22, 65, '(७) बूझो तो जाने', NULL, 'file', '', '', '', '(7) BOOJHO TO JANE', 'Active', 7, '2021-04-10 10:36:17', '2021-04-10 10:36:17'),
(696, 5, 6, 15, 22, 65, '(८) राजा का हिस्सा', NULL, 'file', '', '', '', '(8) RAJA KA', 'Active', 8, '2021-04-10 10:37:43', '2021-04-10 10:37:43'),
(697, 5, 6, 15, 22, 65, '(८) राजा का हिस्सा', NULL, 'file', '', '', '', '(8) RAJA KA HISSA', 'Active', 9, '2021-04-10 10:37:47', '2021-04-10 10:37:47'),
(698, 5, 6, 15, 22, 65, 'पुनरावर्तन १', NULL, 'file', '', '', '', 'PUNARAVARTAN 1', 'Active', 10, '2021-04-10 11:07:26', '2021-04-10 11:07:26'),
(699, 5, 6, 15, 22, 65, 'पुनरावर्तन २', NULL, 'file', '', '', '', 'PUNARAVARTAN 2', 'Active', 11, '2021-04-10 11:08:08', '2021-04-10 11:08:08'),
(700, 5, 6, 15, 23, 66, '(१) इतनी शक्ति हमें देना...', NULL, 'file', NULL, NULL, '', '(1) ITNI SHAKTI HAME DENA...', 'Active', 12, '2021-04-10 11:10:38', '2021-04-10 11:19:31'),
(701, 5, 6, 15, 23, 66, '(२) अनूठे इन्सान', NULL, 'file', NULL, NULL, '', '(2) ANOOTHE INSAAN', 'Active', 13, '2021-04-10 11:11:30', '2021-04-10 11:20:10'),
(702, 5, 6, 15, 23, 66, '(३) जरा मुस्कुराइए', NULL, 'file', NULL, NULL, '', '(3) JARA MUSKARAIYE', 'Active', 14, '2021-04-10 11:13:10', '2021-04-10 11:21:23'),
(703, 5, 6, 15, 23, 66, '(४) पुस्तक - हमारी मित्र', NULL, 'file', NULL, NULL, '', '(4) PUSTAK - HAMARI MITRA', 'Active', 15, '2021-04-10 11:14:25', '2021-04-10 11:22:07'),
(704, 5, 6, 15, 23, 66, '(५) जय विज्ञान की', NULL, 'file', NULL, NULL, '', '(5) JAY VIGNAN KI', 'Active', 16, '2021-04-10 11:15:53', '2021-04-10 11:22:50'),
(705, 5, 6, 15, 23, 66, '(६) न्याय', NULL, 'file', NULL, NULL, '', '(6) NYAY', 'Active', 17, '2021-04-10 11:16:47', '2021-04-10 11:23:30'),
(706, 5, 6, 15, 23, 66, '(७) यह भी एक परीक्षा', NULL, 'file', NULL, NULL, '', '(7) YAH BHI EK PARIKSHA', 'Active', 18, '2021-04-10 11:17:48', '2021-04-10 11:24:26'),
(707, 5, 6, 15, 23, 66, 'पुनरावर्तन १', NULL, 'file', NULL, NULL, '', 'PUNARAVARTAN 1', 'Active', 19, '2021-04-10 11:18:31', '2021-04-10 11:27:03'),
(708, 5, 6, 15, 22, 75, '(1) Where Were You ?', NULL, 'file', '', '', '', '(1) WHERE WERE YOU ?', 'Active', 1, '2021-04-10 11:37:17', '2021-04-10 11:37:17'),
(709, 5, 6, 15, 22, 75, '(2) Two : Mo-Chho', NULL, 'file', '', '', '', '(2) TWO : MO-CHHO', 'Active', 2, '2021-04-10 11:38:16', '2021-04-10 11:38:16'),
(710, 5, 6, 15, 22, 75, '(3) Fought And Won', NULL, 'file', '', '', '', '(3) FOUGHT AND WON', 'Active', 3, '2021-04-10 11:39:05', '2021-04-10 11:39:05'),
(711, 5, 6, 15, 22, 75, '(4) Watch Your Watch', NULL, 'file', '', '', '', '(4) WATCH YOUR WATCH', 'Active', 4, '2021-04-10 11:39:55', '2021-04-10 11:39:55'),
(712, 5, 6, 15, 22, 75, 'Revision 1', NULL, 'file', '', '', '', 'REVISION 1', 'Active', 5, '2021-04-10 11:40:37', '2021-04-10 11:40:37'),
(713, 5, 6, 15, 22, 75, 'Vocabulary', NULL, 'file', '', '', '', 'VOCABULARY', 'Active', 6, '2021-04-10 11:41:15', '2021-04-10 11:41:15'),
(714, 5, 6, 15, 23, 76, '(1) Taste Of India', NULL, 'file', NULL, NULL, '', '(1) TASTE OF INDIA', 'Active', 7, '2021-04-10 11:42:42', '2021-04-10 11:55:56'),
(715, 5, 6, 15, 23, 76, '(2) A Ship Can Walk', NULL, 'file', NULL, NULL, '', '(2) A SHIP CAN WALK', 'Active', 8, '2021-04-10 11:43:50', '2021-04-10 11:59:07'),
(716, 5, 6, 15, 23, 76, '(3) In Future...', NULL, 'file', NULL, NULL, '', '(3) IN FUTURE...', 'Active', 9, '2021-04-10 11:44:42', '2021-04-10 12:00:06'),
(717, 5, 6, 15, 23, 76, '(4) Will You Wake Up?', NULL, 'file', NULL, NULL, '', '(4) WILL YOU WAKE UP?', 'Active', 10, '2021-04-10 11:45:45', '2021-04-10 12:01:05'),
(718, 5, 6, 15, 23, 76, '(5) Fifth Of The Sixth', NULL, 'file', NULL, NULL, '', '(5) FIFTH OF THE SIXTH', 'Active', 11, '2021-04-10 11:46:44', '2021-04-10 12:01:47'),
(719, 5, 6, 15, 23, 76, 'Revision 1', NULL, 'file', NULL, NULL, '', 'REVISION 1', 'Active', 12, '2021-04-10 11:47:33', '2021-04-10 12:02:33'),
(720, 5, 6, 15, 23, 76, 'Let\'s Read More - 1', NULL, 'file', NULL, NULL, '', 'LET\'S READ MORE - 1', 'Active', 13, '2021-04-10 11:48:20', '2021-04-10 12:03:32'),
(721, 5, 6, 15, 23, 76, 'Let\'s Read More - 2', NULL, 'file', NULL, NULL, '', 'LET\'S READ MORE - 2', 'Active', 14, '2021-04-10 11:49:06', '2021-04-10 12:04:50'),
(722, 5, 6, 15, 23, 76, 'Let\'s Read More - 3', NULL, 'file', NULL, NULL, '', 'LET\'S READ MORE - 3', 'Active', 15, '2021-04-10 11:49:49', '2021-04-10 12:05:39'),
(723, 5, 6, 15, 23, 76, 'Let\'s Read More - 4', NULL, 'file', NULL, NULL, '', 'LET\'S READ MORE - 4', 'Active', 16, '2021-04-10 11:50:25', '2021-04-10 12:07:04'),
(724, 5, 6, 15, 23, 76, 'Let\'s Read More - 5', NULL, 'file', NULL, NULL, '', 'LET\'S READ MORE - 5', 'Active', 17, '2021-04-10 11:51:26', '2021-04-10 12:07:46'),
(725, 5, 6, 15, 23, 76, 'Let\'s Read More - 6', NULL, 'file', NULL, NULL, '', 'LET\'S READ MORE - 6', 'Active', 18, '2021-04-10 11:52:04', '2021-04-10 12:08:40'),
(726, 5, 6, 15, 23, 76, 'Vocabulary', NULL, 'file', NULL, NULL, '', 'VOCABULARY', 'Active', 19, '2021-04-10 11:53:36', '2021-04-10 12:09:30'),
(727, 5, 6, 15, 22, 85, 'वन्दना', NULL, 'file', '', '', '', 'VANDANA', 'Active', 1, '2021-04-10 12:10:50', '2021-04-10 12:10:50'),
(728, 5, 6, 15, 22, 85, '(१) चित्रपदानि 1 त: 4', NULL, 'file', '', '', '', '(1) CHITRAPADANI 1 TAH 4', 'Active', 2, '2021-04-10 12:12:07', '2021-04-10 12:12:07'),
(729, 5, 6, 15, 22, 85, '(२) आकाश: पतति', NULL, 'file', '', '', '', '(2) AAKASHAH PATATI', 'Active', 3, '2021-04-10 12:13:09', '2021-04-10 12:13:09'),
(730, 5, 6, 15, 22, 85, '(३) लेखनम', NULL, 'file', '', '', '', '(3) LEKHANAM', 'Active', 4, '2021-04-10 12:13:50', '2021-04-10 12:13:50'),
(731, 5, 6, 15, 22, 85, '(४) सडख्या', NULL, 'file', '', '', '', '(4) SADKHYA', 'Active', 5, '2021-04-10 12:14:39', '2021-04-10 12:14:39'),
(732, 5, 6, 15, 22, 85, '(५) हस्ती हस्ती हस्ती', NULL, 'file', '', '', '', '(5) HASTI HASTI HASTI', 'Active', 6, '2021-04-10 12:15:52', '2021-04-10 12:15:52'),
(733, 5, 6, 15, 22, 85, '(६) सप्त वासरा:', NULL, 'file', '', '', '', '(6) SAPTA VASRAH', 'Active', 7, '2021-04-10 12:16:47', '2021-04-10 12:16:47'),
(734, 5, 6, 15, 22, 85, '(७) करोति', NULL, 'file', '', '', '', '(7) KAROTI', 'Active', 8, '2021-04-10 12:17:34', '2021-04-10 12:17:34'),
(735, 5, 6, 15, 22, 85, '(८) काकस्य चातुर्यम्', NULL, 'file', '', '', '', '(8) KAKASYA CHATURYAM', 'Active', 9, '2021-04-10 12:18:34', '2021-04-10 12:18:34'),
(736, 5, 6, 15, 22, 85, '(९) समय:', NULL, 'file', '', '', '', '(9) SAMAYAH', 'Active', 10, '2021-04-10 12:19:15', '2021-04-10 12:19:15'),
(737, 5, 6, 15, 22, 85, 'पुनरावर्तनम् 1', NULL, 'file', '', '', '', 'PUNARAVARTAM 1', 'Active', 11, '2021-04-10 12:20:49', '2021-04-10 12:20:49'),
(738, 5, 6, 15, 22, 85, 'पुनरावर्तनम् 2', NULL, 'file', '', '', '', 'PUNARAVARTANAM 2', 'Active', 12, '2021-04-10 12:21:40', '2021-04-10 12:21:40'),
(739, 5, 6, 15, 23, 86, '(१) मम अड्गानि', NULL, 'file', '', '', '', '(1) MAM AAGANI', 'Active', 1, '2021-04-10 12:23:36', '2021-04-10 12:23:36'),
(740, 5, 6, 15, 23, 86, '(२) दक्षिणपादम्', NULL, 'file', '', '', '', '(2) DAKSHINPADAM', 'Active', 2, '2021-04-10 12:24:33', '2021-04-10 12:24:33'),
(741, 5, 6, 15, 23, 86, '(३) करोमि', NULL, 'file', '', '', '', '(3) KAROMI', 'Active', 3, '2021-04-10 12:25:03', '2021-04-10 12:25:03'),
(742, 5, 6, 15, 23, 86, '(४) प्रहेलिका:', NULL, 'file', '', '', '', '(4) PRAHELIKAH', 'Active', 4, '2021-04-10 12:25:47', '2021-04-10 12:25:47'),
(743, 5, 6, 15, 23, 86, '(५) मम विधालय:', NULL, 'file', '', '', '', '(5) MAM VIDHALAYAH', 'Active', 5, '2021-04-10 12:26:48', '2021-04-10 12:26:48'),
(744, 5, 6, 15, 23, 86, '(६) भवतु भारतम्', NULL, 'file', '', '', '', '(6) BHAVTU BHARATAM', 'Active', 6, '2021-04-10 12:27:35', '2021-04-10 12:27:35'),
(745, 5, 6, 15, 23, 86, '(७) सुभाषितानि', NULL, 'file', '', '', '', '(7) SUBHASHITANI', 'Active', 7, '2021-04-10 12:28:17', '2021-04-10 12:28:17'),
(746, 5, 6, 15, 23, 86, '(८) जन्मदिनोत्सव:', NULL, 'file', '', '', '', '(8) JANMODINOTSAVAH', 'Active', 8, '2021-04-10 12:29:14', '2021-04-10 12:29:14'),
(747, 5, 6, 15, 23, 86, '(९) सूक्त्य:', NULL, 'file', '', '', '', '(9) SOOKTYAH', 'Active', 9, '2021-04-10 12:30:24', '2021-04-10 12:30:24'),
(748, 5, 6, 15, 23, 86, 'पुनरावर्तनम् 1', NULL, 'file', '', '', '', 'PUNARAVARTANAM 1', 'Active', 10, '2021-04-10 12:31:17', '2021-04-10 12:31:17'),
(749, 5, 6, 15, 23, 86, 'पुनरावर्तनम् 2', NULL, 'file', '', '', '', 'PUNARAVARTANAM 2', 'Active', 11, '2021-04-10 12:32:27', '2021-04-10 12:32:27'),
(750, 5, 6, 15, 22, 95, '(૧) સંખ્યા પરિચય', NULL, 'file', '', '', '', '(1) SANKHYA PARICHAY', 'Active', 1, '2021-04-11 00:11:06', '2021-04-11 00:11:06'),
(751, 5, 6, 15, 22, 95, '(૨) પૂર્ણ સંખ્યાઓ', NULL, 'file', '', '', '', '(2) POORNA SANKHYAO', 'Active', 2, '2021-04-11 00:12:17', '2021-04-11 00:12:17'),
(752, 5, 6, 15, 22, 95, '(3) સંખ્યા સાથે રમત', NULL, 'file', '', '', '', '(3) SANKHYA SATHE RAMAT', 'Active', 3, '2021-04-11 00:17:13', '2021-04-11 00:17:13'),
(753, 5, 6, 15, 22, 95, '(૪) ભૂમિતિના પાયાના ખ્યાલો', NULL, 'file', '', '', '', '(4) BHOOMITINA PAYANA KHYALO', 'Active', 4, '2021-04-11 00:19:32', '2021-04-11 00:19:32'),
(754, 5, 6, 15, 22, 95, '(૫) પાયાના આકારોની સમજૂતી', NULL, 'file', '', '', '', '(5) PAYANA AAKARONI SAMJOOTI', 'Active', 5, '2021-04-11 00:23:05', '2021-04-11 00:23:05'),
(755, 5, 6, 15, 22, 95, '(૬) પૂર્ણાંક સંખ્યાઓ', NULL, 'file', '', '', '', '(6) POORNAK SANKHYAO', 'Active', 6, '2021-04-11 00:25:11', '2021-04-11 00:25:11'),
(756, 5, 6, 15, 22, 95, '(૭) અપૂર્ણાંક સંખ્યાઓ', NULL, 'file', '', '', '', '(7) APOORNAK SANKHYAO', 'Active', 7, '2021-04-11 00:26:19', '2021-04-11 00:26:19'),
(757, 5, 6, 15, 22, 95, 'જવાબો', NULL, 'file', '', '', '', 'JAVABO', 'Active', 8, '2021-04-11 00:26:55', '2021-04-11 00:26:55'),
(758, 5, 6, 15, 22, 95, 'મગજ કસો', NULL, 'file', '', '', '', 'MAGAJ KASO', 'Active', 9, '2021-04-11 00:27:35', '2021-04-11 00:27:35'),
(759, 5, 6, 15, 23, 96, '(૯) માહિતીનું નિયમન', NULL, 'file', '', '', '', '(9) MAHITINU NIYAMAN', 'Active', 1, '2021-04-11 05:19:58', '2021-04-11 05:19:58'),
(760, 5, 6, 15, 23, 96, '(૧૦) માપન', NULL, 'file', '', '', '', '(10) MAPAN', 'Active', 2, '2021-04-11 05:24:49', '2021-04-11 05:24:49'),
(761, 5, 6, 15, 23, 96, '(૧૨) બીજગણિત', NULL, 'file', '', '', '', '(12) BEEJGANIT', 'Active', 3, '2021-04-11 05:25:41', '2021-04-11 05:25:41'),
(762, 5, 6, 15, 23, 96, '(૧૨) ગુણોત્તર અને પ્રમાણ', NULL, 'file', NULL, NULL, '', '(12) GUNOTTAR ANE PRAMAN', 'Active', 4, '2021-04-11 05:26:28', '2021-04-11 05:27:24'),
(763, 5, 6, 15, 23, 96, '(૧૩) સંમિતિ', NULL, 'file', '', '', '', '(13) SANMITI', 'Active', 5, '2021-04-11 05:28:04', '2021-04-11 05:28:04'),
(764, 5, 6, 15, 23, 96, '(૧૪) પ્રાયોગિક ભૂમિતિ', NULL, 'file', '', '', '', '(14) PRAYOGIK BHOOMITI', 'Active', 6, '2021-04-11 05:29:39', '2021-04-11 05:29:39'),
(765, 5, 6, 15, 23, 96, 'જવાબો', NULL, 'file', '', '', '', 'JAVABO', 'Active', 7, '2021-04-11 05:30:18', '2021-04-11 05:30:18'),
(766, 5, 6, 15, 23, 96, 'મગજ કસો', NULL, 'file', '', '', '', 'MAGAJ KASO', 'Active', 8, '2021-04-11 05:30:41', '2021-04-11 05:30:41'),
(767, 5, 6, 15, 22, 105, '(૧) અનાજ : ક્યાંથી મળે છે ?', NULL, 'file', '', '', '', '(1) ANAJ : KYATHI MALE CHHE ?', 'Active', 1, '2021-04-11 05:32:00', '2021-04-11 05:32:00'),
(768, 5, 6, 15, 22, 105, '(૨) આહારના ઘટકો', NULL, 'file', '', '', '', '(2) AAHARNA GHATAKO', 'Active', 2, '2021-04-11 05:32:28', '2021-04-11 05:32:28'),
(769, 5, 6, 15, 22, 105, '(3) રેસથી કાપડ સુધી', NULL, 'file', '', '', '', '(3) RESATHI KAPAD SUDHI', 'Active', 3, '2021-04-11 05:33:44', '2021-04-11 05:33:44'),
(770, 5, 6, 15, 22, 105, '(૪) વસ્તુઓનાં જૂથ બનાવવાં', NULL, 'file', '', '', '', '(4) VASTUONA JOOTH BANAVVA', 'Active', 4, '2021-04-11 05:34:43', '2021-04-11 05:34:43'),
(771, 5, 6, 15, 22, 105, '(૫) પદાર્થોનું અલગીકરણ', NULL, 'file', '', '', '', '(5) PADARTHONU ALAGIKARAN', 'Active', 5, '2021-04-11 05:35:55', '2021-04-11 05:35:55'),
(772, 5, 6, 15, 22, 105, '(૬) આપણી આસપાસ થતા ફેરફારો', NULL, 'file', '', '', '', '(6) AAPNI AASPAS THATA FERFARO', 'Active', 6, '2021-04-11 05:37:39', '2021-04-11 05:37:39'),
(773, 5, 6, 15, 22, 105, '(૭) વનસ્પતિની જાણકારી મેળવીએ', NULL, 'file', '', '', '', '(7) VANASPATINI JANKARI MELAVIYE', 'Active', 7, '2021-04-11 05:38:27', '2021-04-11 05:38:27'),
(774, 5, 6, 15, 22, 105, '(૮) શરીરનું હલનચલન', NULL, 'file', '', '', '', '(8) SHARIRNU HALANCHALAN', 'Active', 8, '2021-04-11 05:40:51', '2021-04-11 05:40:51'),
(775, 5, 6, 15, 23, 106, '(૯) સજીવો અને તેમની આસપાસ', NULL, 'file', '', '', '', '(9) SAJEEVO ANE TEMNI AASPAS', 'Active', 1, '2021-04-11 05:42:56', '2021-04-11 05:42:56'),
(776, 5, 6, 15, 23, 106, '(૧૦) ગતિ અને અંતરનું માપન', NULL, 'file', '', '', '', '(10) GATI ANE ANTARNU MAPAN', 'Active', 2, '2021-04-11 05:44:12', '2021-04-11 05:44:12'),
(777, 5, 6, 15, 23, 106, '(૧૧) પ્રકાશ, પડછાયો અને પરાવર્તન', NULL, 'file', '', '', '', '(11) PRAKASH, PADCHHAYO ANE PARAVARTAN', 'Active', 3, '2021-04-11 05:45:14', '2021-04-11 05:45:14'),
(778, 5, 6, 15, 23, 106, '(૧૨) વિદ્યુત તથા પરિપથ', NULL, 'file', '', '', '', '(12) VIDHYUT TATHA PARIPATH', 'Active', 4, '2021-04-11 05:46:16', '2021-04-11 05:46:16'),
(779, 5, 6, 15, 23, 106, '(૧૩) ચુંબક સાથે ગમ્મત', NULL, 'file', '', '', '', '(13) CHUMBAK SATHE GAMMAT', 'Active', 5, '2021-04-11 05:47:01', '2021-04-11 05:47:01'),
(780, 5, 6, 15, 23, 106, '(૧૪) પાણી', NULL, 'file', '', '', '', '(14) PANI', 'Active', 6, '2021-04-11 05:47:25', '2021-04-11 05:47:25'),
(781, 5, 6, 15, 23, 106, '(૧૫) આપણી આસપાસની હવા', NULL, 'file', '', '', '', '(15) AAPNI AASPASNI HAVA', 'Active', 7, '2021-04-11 05:48:36', '2021-04-11 05:48:36'),
(782, 5, 6, 15, 23, 106, '(૧૬) કચરાનો સંગ્રહ અને કચરાનો નિકાલ', NULL, 'file', '', '', '', '(16) KACHRANO SANGRAH ANE KACHRANO NIKAL', 'Active', 8, '2021-04-11 05:49:48', '2021-04-11 05:49:48'),
(783, 5, 6, 15, 22, 115, '(૧) ચાલો ઈતિહાસ જાણીએ', NULL, 'file', '', '', '', '(1) CHALO ITIHAS JANIYE', 'Active', 1, '2021-04-11 05:51:05', '2021-04-11 05:51:05'),
(784, 5, 6, 15, 22, 115, '(૨) આદિમાનવથી સ્થાયી જીવનની સફર', NULL, 'file', '', '', '', '(2) AADIMANAVTHI STHAYI JEEVANNI SAFAR', 'Active', 2, '2021-04-11 05:51:53', '2021-04-11 05:51:53'),
(785, 5, 6, 15, 22, 115, '(3) પ્રાચીન નગરો અને ગ્રંથો', NULL, 'file', '', '', '', '(3) PRACHIN NAGARO ANE GRANTHO', 'Active', 3, '2021-04-11 05:52:30', '2021-04-11 05:52:30'),
(786, 5, 6, 15, 22, 115, '(૪) ભારતની પ્રારંભિક રાજ્યવ્યવસ્થા', NULL, 'file', '', '', '', '(4) BHARATNI PRARAMBHIK RAJYAVAYVASTHA', 'Active', 4, '2021-04-11 05:53:54', '2021-04-11 05:53:54'),
(787, 5, 6, 15, 22, 115, '(૯) આપણું ઘર પૃથ્વી', NULL, 'file', '', '', '', '(9) AAPNU GHAR PRUTHVI', 'Active', 5, '2021-04-11 05:54:25', '2021-04-11 05:54:25'),
(788, 5, 6, 15, 22, 115, '(૧૦) પૃથ્વીનાં આવરણો', NULL, 'file', '', '', '', '(10) PRUTHVINA AAVARANO', 'Active', 6, '2021-04-11 05:55:04', '2021-04-11 05:55:04'),
(789, 5, 6, 15, 22, 115, '(૧૪) વિવિધતામાં એકતા', NULL, 'file', '', '', '', '(14) VIVIDHATAMA EKTA', 'Active', 7, '2021-04-11 05:57:01', '2021-04-11 05:57:01'),
(790, 5, 6, 15, 22, 115, '(૧૫) સરકાર', NULL, 'file', '', '', '', '(15) SARKAR', 'Active', 8, '2021-04-11 05:57:24', '2021-04-11 05:57:24'),
(791, 5, 6, 15, 22, 115, 'ચાલો, સમજ ચકાસી એ', NULL, 'file', '', '', '', 'CHALO, SAMAJ CHAKASI E', 'Active', 9, '2021-04-11 05:57:56', '2021-04-11 05:57:56'),
(792, 5, 6, 15, 23, 115, '(૫) શાંતિની શોધમાં : બુદ્ધ અને મહાવીર', NULL, 'file', '', '', '', '(5) SHANTINI SHODHMA : BUDDHA ANE MAHAVEER', 'Active', 10, '2021-04-11 05:59:55', '2021-04-11 05:59:55'),
(793, 5, 6, 15, 23, 115, '(૬) મૌર્યયુગ : ચંદ્રગુપ્ત અને સમ્રાટ અશોક', NULL, 'file', '', '', '', '(6) MAURYYUG : CHANDRAGUPTA ANE SAMRAT ASHOK', 'Active', 11, '2021-04-11 06:02:07', '2021-04-11 06:02:07'),
(794, 5, 6, 15, 23, 115, '(૭) ગુપ્તયુગ અને અન્ય શાસકો', NULL, 'file', '', '', '', '(7) GUPTAYUG  ANE ANYA SHASAKO', 'Active', 12, '2021-04-11 06:03:21', '2021-04-11 06:03:21'),
(795, 5, 6, 15, 23, 115, '(૮) ભારતવર્ષની ભવ્યતા', NULL, 'file', '', '', '', '(8) BHARATVARSHNI BHAVYATA', 'Active', 13, '2021-04-11 06:04:03', '2021-04-11 06:04:03'),
(796, 5, 6, 15, 23, 115, '(૧૧) ભૂમિસ્વરૂપો', NULL, 'file', '', '', '', '(11) BHOOMISVARUPO', 'Active', 14, '2021-04-11 06:05:42', '2021-04-11 06:05:42'),
(797, 5, 6, 15, 23, 115, '(૧૨) નકશો સમજીએ', NULL, 'file', '', '', '', '(12) NAKSHO SAMAJEEYE', 'Active', 15, '2021-04-11 06:06:14', '2021-04-11 06:06:14'),
(798, 5, 6, 15, 23, 115, '(૧૩) ભારત : ભૂપૃષ્ઠ, આબોહવા, વનસ્પતિ અને વન્યજીવ', NULL, 'file', '', '', '', '(13) BHARAT : BHOOPRUSHTH , AABOHAVA, VANASPATI ANE VANYJEEV', 'Active', 16, '2021-04-11 06:08:35', '2021-04-11 06:08:35'),
(799, 5, 6, 15, 23, 115, '(૧૬) સ્થાનિક સરકાર', NULL, 'file', '', '', '', '(16) STHANIK SARKAR', 'Active', 17, '2021-04-11 06:09:16', '2021-04-11 06:09:16'),
(800, 5, 6, 15, 23, 115, '(૧૭) જીવનનિર્વાહ', NULL, 'file', '', '', '', '(17) JEEVNNIRVAH', 'Active', 18, '2021-04-11 06:09:45', '2021-04-11 06:09:45'),
(801, 5, 6, 15, 23, 115, 'ચાલો, સમજ ચકાસી એ', NULL, 'file', '', '', '', 'CHALO, SAMAJ CHAKASI E', 'Active', 19, '2021-04-11 06:10:33', '2021-04-11 06:10:33'),
(802, 5, 6, 14, 20, 45, '(૧) ચબૂતરો', NULL, 'file', '', '', '', '(1) CHABOOTARO', 'Active', 1, '2021-04-11 06:12:43', '2021-04-11 06:12:43'),
(803, 5, 6, 14, 20, 45, '(૨) પર્વત તારા', NULL, 'file', '', '', '', '(2) PARVAT TARA', 'Active', 2, '2021-04-11 06:13:25', '2021-04-11 06:13:25'),
(804, 5, 6, 14, 20, 45, '(3) મહેનતનો રોટલો', NULL, 'file', '', '', '', '(3) MAHENATNO ROTLO', 'Active', 3, '2021-04-11 06:14:07', '2021-04-11 06:14:07'),
(805, 5, 6, 14, 20, 45, '(૪) સુંદર સુંદર', NULL, 'file', '', '', '', '(4) SUNDAR SUNDAR', 'Active', 4, '2021-04-11 06:14:35', '2021-04-11 06:14:35'),
(806, 5, 6, 14, 20, 45, '(૫) શરદીના પ્રતાપે', NULL, 'file', '', '', '', '(5) SHARDINA PRATAPE', 'Active', 5, '2021-04-11 06:15:13', '2021-04-11 06:15:13'),
(807, 5, 6, 14, 20, 45, '(૬) નર્મદામૈયા', NULL, 'file', '', '', '', '(6) NARMADAMAIYA', 'Active', 6, '2021-04-11 06:16:40', '2021-04-11 06:16:40'),
(808, 5, 6, 14, 20, 45, '(૭) અલ્લક દલ્લક', NULL, 'file', '', '', '', '(7) ALLAK DALLAK', 'Active', 7, '2021-04-11 06:17:26', '2021-04-11 06:17:26'),
(809, 5, 6, 14, 20, 45, 'પુનરાવર્તન ૧', NULL, 'file', '', '', '', 'PUNARAVARTAN 1', 'Active', 8, '2021-04-11 06:17:59', '2021-04-11 06:17:59'),
(810, 5, 6, 14, 20, 45, 'પુનરાવર્તન ૨', NULL, 'file', '', '', '', 'PUNARAVARTAN 2', 'Active', 9, '2021-04-11 06:18:37', '2021-04-11 06:18:37'),
(811, 5, 6, 14, 21, 46, '(૮) ચરણોમાં', NULL, 'file', '', '', '', '(8) CHARANOMA', 'Active', 1, '2021-04-11 06:20:17', '2021-04-11 06:20:17'),
(812, 5, 6, 14, 21, 46, '(૯) કદર', NULL, 'file', '', '', '', '(9) KADAR', 'Active', 2, '2021-04-11 06:20:50', '2021-04-11 06:20:50'),
(813, 5, 6, 14, 21, 46, '(૧૦) ભૂલની સજા', NULL, 'file', '', '', '', '(10) BHOOLNI SAJA', 'Active', 3, '2021-04-11 06:21:22', '2021-04-11 06:21:22'),
(814, 5, 6, 14, 21, 46, '(૧૧) હિંડોળો', NULL, 'file', '', '', '', '(11) HINDOLO', 'Active', 4, '2021-04-11 06:21:46', '2021-04-11 06:21:46'),
(815, 5, 6, 14, 21, 46, '(૧૨) અપંગના ઓજસ', NULL, 'file', '', '', '', '(12) APANGNA OJAS', 'Active', 5, '2021-04-11 06:22:15', '2021-04-11 06:22:15'),
(816, 5, 6, 14, 21, 46, '(૧૩) ભારતરત્ન : ડૉ. આંબેડકર', NULL, 'file', '', '', '', '(13) BHARATRATNA : DO. AAMBEDAKAR', 'Active', 6, '2021-04-11 06:24:31', '2021-04-11 06:24:31'),
(817, 5, 6, 14, 21, 46, '(૧૪) ઊડે રે ગુલાલ', NULL, 'file', '', '', '', '(14) UDE RE GULAL', 'Active', 7, '2021-04-11 06:26:14', '2021-04-11 06:26:14'),
(818, 5, 6, 14, 21, 46, '(૧૫) સુભાષિતો', NULL, 'file', '', '', '', '(15) SUBHASHITO', 'Active', 8, '2021-04-11 06:26:48', '2021-04-11 06:26:48'),
(819, 5, 6, 14, 21, 46, 'પુનરાવર્તન 3', NULL, 'file', '', '', '', 'PUNARAVARTAN 3', 'Active', 9, '2021-04-11 06:27:15', '2021-04-11 06:27:15'),
(820, 5, 6, 14, 21, 46, 'પુનરાવર્તન ૪', NULL, 'file', '', '', '', 'PUNARAVARTAN 4', 'Active', 10, '2021-04-11 06:27:41', '2021-04-11 06:27:41'),
(821, 5, 6, 14, 21, 46, 'પૂરક વાચન ૧ - અભિનંદન', NULL, 'file', '', '', '', 'POORAK VACHAN 1 - ABHINANDAN', 'Active', 11, '2021-04-11 06:29:08', '2021-04-11 06:29:08'),
(822, 5, 6, 14, 21, 46, 'પૂરક વાચન ૨ - કેટલાક પ્રસંગો', NULL, 'file', '', '', '', 'POORAK VACHAN 2 - KETLAK PRASANGO', 'Active', 12, '2021-04-11 06:30:28', '2021-04-11 06:30:28'),
(823, 5, 6, 14, 21, 46, 'પૂરક વાચન 3 - ખીચડી પકાવું છું', NULL, 'file', '', '', '', 'POORAK VACHAN 3 - KHICHDI PAKAVU CHHU', 'Active', 13, '2021-04-11 06:31:42', '2021-04-11 06:31:42'),
(824, 5, 6, 14, 21, 46, 'પૂરક વાચન ૪ - મૂલ્યાવાન ભેટ', NULL, 'file', '', '', '', 'POORAK VACHAN 4 - MOLYAAVAN BHET', 'Active', 14, '2021-04-11 06:32:50', '2021-04-11 06:32:50'),
(825, 5, 6, 14, 21, 46, 'પૂરક  વાચન ૫ - અમે બાંધવો સરદારના', NULL, 'file', '', '', '', 'POORAK VACHAN 5 - AME BANDHVO SARDARNA', 'Active', 15, '2021-04-11 06:34:14', '2021-04-11 06:34:14'),
(826, 5, 6, 14, 20, 47, '(૧) રાષ્ટ્રીય ફળ : કેરી', NULL, 'file', '', '', '', '(1) RASHTRIY FAL : KERI', 'Active', 1, '2021-04-11 06:35:42', '2021-04-11 06:35:42'),
(827, 5, 6, 14, 20, 47, '(૨) આકાર અને ખૂણા', NULL, 'file', '', '', '', '(2) AAKAR ANE KHOONA', 'Active', 2, '2021-04-11 06:36:26', '2021-04-11 06:36:26'),
(828, 5, 6, 14, 20, 47, '(3) કેટલા ચોરસ ?', NULL, 'file', '', '', '', '(3) KETLA CHORAS ?', 'Active', 3, '2021-04-11 06:37:50', '2021-04-11 06:37:50'),
(829, 5, 6, 14, 20, 47, '(૪) ભાગ અને પૂર્ણ', NULL, 'file', '', '', '', '(4) BHAG ANE POORNA', 'Active', 4, '2021-04-11 06:39:26', '2021-04-11 06:39:26'),
(830, 5, 6, 14, 20, 47, '(૫) તે સરખું દેખાય છે ?', NULL, 'file', '', '', '', '(5) TE SARKHU DEKHAY CHHE ?', 'Active', 5, '2021-04-11 06:40:48', '2021-04-11 06:40:48'),
(831, 5, 6, 14, 20, 47, '(૬) તું મારો ગુણક, હું તારો અવયવ', NULL, 'file', '', '', '', '(6) TU MARO GUNAK, HU TARO AVAYAV', 'Active', 6, '2021-04-11 06:41:37', '2021-04-11 06:41:37'),
(832, 5, 6, 14, 20, 47, '(૭) તમે પેટર્ન (ભાત) જોઈ શકો છો ?', NULL, 'file', '', '', '', '(7) TAME PETARN (BHAT) JOI SHAKO CHHO ?', 'Active', 7, '2021-04-11 06:43:02', '2021-04-11 06:43:02'),
(833, 5, 6, 14, 21, 48, '(૮) નક્શા - આલેખન', NULL, 'file', '', '', '', '(8) NAKSHA - AALEKHAN', 'Active', 1, '2021-04-11 06:44:22', '2021-04-11 06:44:22'),
(834, 5, 6, 14, 21, 48, '(૯) ખોખા અને રેખાચિત્રો', NULL, 'file', '', '', '', '(9) KHOKHA ANE REKHACHITRO', 'Active', 2, '2021-04-11 06:44:54', '2021-04-11 06:44:54'),
(835, 5, 6, 14, 21, 48, '(૧૦) દસમો અને સો મો ભાગ', NULL, 'file', '', '', '', '(10) DASMO ANE SO MO BHAG', 'Active', 3, '2021-04-11 06:45:38', '2021-04-11 06:45:38'),
(836, 5, 6, 14, 21, 48, '(૧૧) ક્ષેત્રફળ અને પરિમિતિ', NULL, 'file', '', '', '', '(11) KSHETRAFAL ANE PARIMITI', 'Active', 4, '2021-04-11 06:47:08', '2021-04-11 06:47:08'),
(837, 5, 6, 14, 21, 48, '(૧૨) સ્માર્ટ ચાર્ટ્સ', NULL, 'file', '', '', '', '(12) SMART CHARTS', 'Active', 5, '2021-04-11 06:47:40', '2021-04-11 06:47:40'),
(838, 5, 6, 14, 21, 48, '(૧૩) ગુણાકાર અને ભાગાકારની રીતો', NULL, 'file', '', '', '', '(13) GUNAKAR ANE BHAGAKARNI RITO', 'Active', 6, '2021-04-11 06:48:22', '2021-04-11 06:48:22'),
(839, 5, 6, 14, 21, 48, '(૧૪) કેટલું મોટું? કેટલું ભારે?', NULL, 'file', '', '', '', '(14) KETLU MOTU? KETLU BHARE?', 'Active', 7, '2021-04-11 06:49:25', '2021-04-11 06:49:25'),
(840, 5, 6, 14, 21, 48, '(૧૪) કેટલું મોટું? કેટલું ભારે?', NULL, 'file', '', '', '', '(14) KETLU MOTU? KETLU BHARE?', 'Active', 8, '2021-04-11 06:49:26', '2021-04-11 06:49:26'),
(841, 5, 6, 14, 20, 49, '(૧) મજાની ઇન્દ્રિયો', NULL, 'file', '', '', '', '(1) MAJANI INDRIYO', 'Active', 1, '2021-04-11 07:18:27', '2021-04-11 07:18:27'),
(842, 5, 6, 14, 20, 49, '(૨) સાપ અને મદારી', NULL, 'file', '', '', '', '(2) SAP ANE MADARI', 'Active', 2, '2021-04-11 07:19:25', '2021-04-11 07:19:25'),
(843, 5, 6, 14, 20, 49, '(3) સ્વાદથી પાચન સુધી', NULL, 'file', '', '', '', '(3) SVADTHI PACHAN SUDHI', 'Active', 3, '2021-04-11 07:20:01', '2021-04-11 07:20:01'),
(844, 5, 6, 14, 20, 49, '(૪) કેરીઓ બારેમાસ !', NULL, 'file', '', '', '', '(4) KERIO BAREMAS !', 'Active', 4, '2021-04-11 07:20:44', '2021-04-11 07:20:44'),
(845, 5, 6, 14, 20, 49, '(૫) બીજ, બીજ, બીજ', NULL, 'file', '', '', '', '(5) BEEJ, BEEJ, BEEJ', 'Active', 5, '2021-04-11 07:21:17', '2021-04-11 07:21:17'),
(846, 5, 6, 14, 20, 49, '(૬) જળ એ જ જીવન', NULL, 'file', '', '', '', '(5) JAL E J JEEVAN', 'Active', 6, '2021-04-11 07:27:38', '2021-04-11 07:27:38'),
(847, 5, 6, 14, 20, 49, '(૭) પાણી સાથેના પ્રયોગો', NULL, 'file', '', '', '', '(7) PANI SATHENA PRYOGO', 'Active', 7, '2021-04-11 07:28:09', '2021-04-11 07:28:09'),
(848, 5, 6, 14, 20, 49, '(૮) મચ્છર : રોગો અને સારવાર', NULL, 'file', '', '', '', '(8) MACHCHHAR : ROGO ANE SARVAR', 'Active', 8, '2021-04-11 07:28:54', '2021-04-11 07:28:54'),
(849, 5, 6, 14, 20, 49, '(૯) ચઢીએ ઊંચા ચઢાણ !', NULL, 'file', '', '', '', '(9) CHADHIYE UNCHA CHADHAN !', 'Active', 9, '2021-04-11 07:30:02', '2021-04-11 07:30:02'),
(850, 5, 6, 14, 20, 49, '(૧૦) દીવાલોની કહાણી', NULL, 'file', '', '', '', '(10) DEEVALONI KAHANI', 'Active', 10, '2021-04-11 07:31:46', '2021-04-11 07:31:46'),
(851, 5, 6, 14, 20, 49, '(૧૧) સુનીતા અવકાશમાં', NULL, 'file', '', '', '', '(11) SUNEETA AVAKASHMA', 'Active', 11, '2021-04-11 07:32:24', '2021-04-11 07:32:24'),
(852, 5, 6, 14, 21, 50, '(૧૨) જો આ ખૂટી જાય તો ?', NULL, 'file', '', '', '', '(12) JO AA KHOOTI JAY TO ?', 'Active', 1, '2021-04-11 07:33:54', '2021-04-11 07:33:54'),
(853, 5, 6, 14, 21, 50, '(૧૨) જો આ ખૂટી જાય તો ?', NULL, 'file', '', '', '', '(12) JO AA KHOOTI JAY TO ?', 'Active', 2, '2021-04-11 07:33:54', '2021-04-11 07:33:54'),
(854, 5, 6, 14, 21, 50, '(૧૩) પહાડી રહેઠાણ !', NULL, 'file', '', '', '', '(13) PAHADI RAHETHAN !', 'Active', 3, '2021-04-11 07:34:38', '2021-04-11 07:34:38'),
(855, 5, 6, 14, 21, 50, '(૧૪) જયારે ધરતી ધ્રુજી ઊઠી !', NULL, 'file', '', '', '', '(14) JYARE DHARTI DHRUJEE UTHI !', 'Active', 4, '2021-04-11 07:36:20', '2021-04-11 07:36:20'),
(856, 5, 6, 14, 21, 50, '(૧૫) ઠંડું કે ગરમ ?', NULL, 'file', '', '', '', '(15) THANDU KE GARAM ?', 'Active', 5, '2021-04-11 07:45:23', '2021-04-11 07:45:23'),
(857, 5, 6, 14, 21, 50, '(૧૬) સ્વચ્છતા આપણું કામ', NULL, 'file', '', '', '', '(16) SVACHCHHATA AAPNU KAM', 'Active', 6, '2021-04-11 07:46:25', '2021-04-11 07:46:25'),
(858, 5, 6, 14, 21, 50, '(૧૭) દિવાલ ઓળંગી લીધી', NULL, 'file', '', '', '', '(17) DEEVAL OLANGI LIDHI', 'Active', 7, '2021-04-11 07:47:40', '2021-04-11 07:47:40'),
(859, 5, 6, 14, 21, 50, '(૧૮) હવે અમે ક્યાં જઈએ ?', NULL, 'file', '', '', '', '(18) HAVE AME KYA JAIYE ?', 'Active', 8, '2021-04-11 07:48:31', '2021-04-11 07:48:31'),
(860, 5, 6, 14, 21, 50, '(૧૯) બીજ કહે છે ખેડૂતની વાર્તા', NULL, 'file', '', '', '', '(19) BEEJ KAHE CHHE KHEDOOTNI VARTA', 'Active', 9, '2021-04-11 07:53:00', '2021-04-11 07:53:00'),
(861, 5, 6, 14, 21, 50, '(૨૦) જંગલો કોના ?', NULL, 'file', '', '', '', '(20) JANGALO KONA ?', 'Active', 10, '2021-04-11 07:55:12', '2021-04-11 07:55:12'),
(862, 5, 6, 14, 21, 50, '(૨૧) જેવા પિતા તેવી દિકરી', NULL, 'file', '', '', '', '(21) JEVA PITA TEVI DIKARI', 'Active', 11, '2021-04-11 07:56:08', '2021-04-11 07:56:08'),
(863, 5, 6, 14, 21, 50, '(૨૨) ફરી ઊપડ્યા', NULL, 'file', '', '', '', '(22) FARI UPADAYA', 'Active', 12, '2021-04-11 07:56:47', '2021-04-11 07:56:47'),
(864, 5, 6, 14, 21, 50, '(૨૩) અમે ગુજરાતી...', NULL, 'file', '', '', '', '(23) AME GUJARATI...', 'Active', 13, '2021-04-11 07:57:38', '2021-04-11 07:57:38'),
(865, 5, 6, 14, 20, 51, '(१) यातायात (चित्रपाठ)', NULL, 'file', '', '', '', '(1) YATAYAT (CHITRAPATH)', 'Active', 1, '2021-04-11 07:59:11', '2021-04-11 07:59:11'),
(866, 5, 6, 14, 20, 51, '(२) गिनती (२१ से ४०)', NULL, 'file', '', '', '', '(2) GINATI ( 21 SE 40)', 'Active', 2, '2021-04-11 08:00:21', '2021-04-11 08:00:21'),
(867, 5, 6, 14, 20, 51, '(३) नन्हा मुन्ना राही हूँ', NULL, 'file', '', '', '', '(3) NANHA MUNNA RAHI HUN', 'Active', 3, '2021-04-11 08:01:31', '2021-04-11 08:01:31'),
(868, 5, 6, 14, 20, 51, '(४) सोच अपनी अपनी', NULL, 'file', '', '', '', '(4) SOCH APNI APNI', 'Active', 4, '2021-04-11 08:02:12', '2021-04-11 08:02:12'),
(869, 5, 6, 14, 20, 51, '(५) चिड़ियाघर की सैर', NULL, 'file', '', '', '', '(5) CHIDIYAGHAR KI SHAIR', 'Active', 5, '2021-04-11 08:04:35', '2021-04-11 08:04:35'),
(870, 5, 6, 14, 20, 51, '(६) हँसी का पिटारा', NULL, 'file', '', '', '', '(6) HANSI KA PITARA', 'Active', 6, '2021-04-11 08:05:19', '2021-04-11 08:05:19'),
(871, 5, 6, 14, 20, 51, '(७) खाना खजाना (चित्रपाठ)', NULL, 'file', '', '', '', '(7) KHANA KHAJANA (CHITRAPATH)', 'Active', 7, '2021-04-11 08:06:26', '2021-04-11 08:06:26'),
(872, 5, 6, 14, 20, 51, '(८) भरत मिलाप', NULL, 'file', '', '', '', '(8) BHARAT MILAP', 'Active', 8, '2021-04-11 08:07:02', '2021-04-11 08:07:02'),
(873, 5, 6, 14, 20, 51, 'पुनरावर्तन १', NULL, 'file', '', '', '', 'PUNARAVARTAN 1', 'Active', 9, '2021-04-11 08:07:46', '2021-04-11 08:07:46'),
(874, 5, 6, 14, 20, 51, 'पुनरावर्तन २', NULL, 'file', '', '', '', 'PUNARAVARTAN 2', 'Active', 10, '2021-04-11 08:08:11', '2021-04-11 08:08:11'),
(875, 5, 6, 14, 20, 51, 'कसौटी', NULL, 'file', '', '', '', 'KASAUTI', 'Active', 11, '2021-04-11 08:08:37', '2021-04-11 08:08:37'),
(876, 5, 6, 14, 21, 52, '(९) कैसा शोर ?', NULL, 'file', '', '', '', '(9) KAISA SHOR ?', 'Active', 1, '2021-04-11 08:10:28', '2021-04-11 08:10:28'),
(877, 5, 6, 14, 21, 52, '(१०) सीखो', NULL, 'file', '', '', '', '(10) SIKHO', 'Active', 2, '2021-04-11 08:10:57', '2021-04-11 08:10:57'),
(878, 5, 6, 14, 21, 52, '(११) सच्चा बालक', NULL, 'file', '', '', '', '(11) SACHCHA BALAK', 'Active', 3, '2021-04-11 08:14:00', '2021-04-11 08:14:00'),
(879, 5, 6, 14, 21, 52, '(१२) दुमदुमा गाँव के बच्चे', NULL, 'file', '', '', '', '(12) DUMDUMA GANV KE BACHCHE', 'Active', 4, '2021-04-11 08:14:55', '2021-04-11 08:14:55'),
(880, 5, 6, 14, 21, 52, '(१३) स्वच्छता', NULL, 'file', '', '', '', '(13) SVACHCHHATA', 'Active', 5, '2021-04-11 08:15:51', '2021-04-11 08:15:51'),
(881, 5, 6, 14, 21, 52, '(१४) हम भारत की शान है !', NULL, 'file', '', '', '', '(14) HAM BHARAT KI SHAAN HAIN', 'Active', 6, '2021-04-11 08:16:54', '2021-04-11 08:16:54'),
(882, 5, 6, 14, 21, 52, '(१५) खरगोशा और हाथी', NULL, 'file', '', '', '', '(15) KHARGOSHA AUR HATHI', 'Active', 7, '2021-04-11 08:18:12', '2021-04-11 08:18:12'),
(883, 5, 6, 14, 21, 52, '(१६) पहेलियाँ', NULL, 'file', '', '', '', '(16) PAHELIYAN', 'Active', 8, '2021-04-11 08:19:03', '2021-04-11 08:19:03'),
(884, 5, 6, 14, 21, 52, 'पुनरावर्तन ३', NULL, 'file', '', '', '', 'PUNARAVARTAN 3', 'Active', 9, '2021-04-11 08:19:45', '2021-04-11 08:19:45'),
(885, 5, 6, 14, 21, 52, 'पुनरावर्तन ४', NULL, 'file', '', '', '', 'PUNARAVARTAN 4', 'Active', 10, '2021-04-11 08:20:15', '2021-04-11 08:20:15'),
(886, 5, 6, 14, 21, 52, 'स्व - अध्ययन', NULL, 'file', '', '', '', 'SVA - ADHYAYAN', 'Active', 11, '2021-04-11 08:21:30', '2021-04-11 08:21:30'),
(887, 5, 6, 14, 20, 53, 'Little Steps 0 - Sequence For Little', NULL, 'file', '', '', '', 'LITTLE STEPS 0 - SEQUENCE FOR LITTLE', 'Active', 1, '2021-04-11 08:23:15', '2021-04-11 08:23:15'),
(888, 5, 6, 14, 20, 53, 'Little Steps 1 - One, Two, Three', NULL, 'file', '', '', '', 'LITTLE STEPS 1 - ONE, TWO, THREE', 'Active', 2, '2021-04-11 08:23:58', '2021-04-11 08:23:58'),
(889, 5, 6, 14, 20, 53, 'Little Steps 2 - Four, Five, Six', NULL, 'file', '', '', '', 'LITTLE STEPS 2 - FOUR, FIVE, SIX', 'Active', 3, '2021-04-11 08:24:51', '2021-04-11 08:24:51'),
(890, 5, 6, 14, 20, 53, 'Little Steps 3 - Seven, Eight, Nine', NULL, 'file', '', '', '', 'LITTLE STEPS 3 - SEVEN, EIGHT, NINE', 'Active', 4, '2021-04-11 08:25:43', '2021-04-11 08:25:43'),
(891, 5, 6, 14, 20, 53, 'Little Steps 4 - Ten, Eleven, Twelve', NULL, 'file', '', '', '', 'LITTLE STEPS 4 - TEN, ELEVEN, TWELVE', 'Active', 5, '2021-04-11 08:26:30', '2021-04-11 08:26:30'),
(892, 5, 6, 14, 20, 53, 'Little Steps 5 - Thirteen, Fourteen', NULL, 'file', '', '', '', 'LITTLE STEPS 5 - THIRTEEN, FOURTEEN', 'Active', 6, '2021-04-11 08:27:27', '2021-04-11 08:27:27'),
(893, 5, 6, 14, 20, 53, '(1) What Is In Unit ?', NULL, 'file', '', '', '', '(1) WHAT IS IN UNIT ?', 'Active', 7, '2021-04-11 08:28:13', '2021-04-11 08:28:13'),
(894, 5, 6, 14, 20, 53, '(2) Umbrellas Are Colourful', NULL, 'file', '', '', '', '(2) UMBRELLAS ARE COLOURFUL', 'Active', 8, '2021-04-11 08:29:04', '2021-04-11 08:29:04'),
(895, 5, 6, 14, 20, 53, 'My Page 1', NULL, 'file', '', '', '', 'MY PAGE 1', 'Active', 9, '2021-04-11 08:29:27', '2021-04-11 08:29:27'),
(896, 5, 6, 14, 21, 54, '(3) Travel-Time', NULL, 'file', '', '', '', '(3) TRAVEL-TIME', 'Active', 1, '2021-04-11 08:30:33', '2021-04-11 08:30:33'),
(897, 5, 6, 14, 21, 54, '(4) I Am Learning English', NULL, 'file', '', '', '', '(4) I AM LEARNING ENGLISH', 'Active', 2, '2021-04-11 08:31:39', '2021-04-11 08:31:39'),
(898, 5, 6, 14, 21, 54, '(5) Helping Hands', NULL, 'file', '', '', '', '(5) HELPING HANDS', 'Active', 3, '2021-04-11 08:32:23', '2021-04-11 08:32:23'),
(899, 5, 6, 14, 21, 54, '(6) I Studied \' Helping Hands\'', NULL, 'file', '', '', '', '(6) I STUDIED \' HELPING HANDS\'', 'Active', 4, '2021-04-11 08:33:43', '2021-04-11 08:33:43'),
(900, 5, 6, 14, 21, 54, 'My Page 2', NULL, 'file', '', '', '', 'MY PAGE 2', 'Active', 5, '2021-04-11 08:35:03', '2021-04-11 08:35:03'),
(901, 5, 6, 14, 21, 54, 'My Page 3', NULL, 'file', '', '', '', 'MY PAGE 3', 'Active', 6, '2021-04-11 08:35:23', '2021-04-11 08:35:23'),
(902, 5, 6, 13, 18, 33, '(૧) નાવડી ચાલી', NULL, 'file', '', '', '', '(1) NAVADI CHALI', 'Active', 1, '2021-04-11 10:23:07', '2021-04-11 10:23:07'),
(903, 5, 6, 13, 18, 33, '(૨) ઠંડી', NULL, 'file', '', '', '', '(2) THANDI', 'Active', 2, '2021-04-11 10:23:42', '2021-04-11 10:23:42'),
(904, 5, 6, 13, 18, 33, '(3) સાચી હજ', NULL, 'file', '', '', '', '(3) SACHI HAJ', 'Active', 3, '2021-04-11 10:24:11', '2021-04-11 10:24:11'),
(905, 5, 6, 13, 18, 33, '(૪) લાખો વણજારો', NULL, 'file', '', '', '', '(4) LAKHO VANJARO', 'Active', 4, '2021-04-11 10:24:52', '2021-04-11 10:24:52'),
(906, 5, 6, 13, 18, 33, '(૫) ઉખાણાં', NULL, 'file', '', '', '', '(5) UKHANA', 'Active', 5, '2021-04-11 10:25:21', '2021-04-11 10:25:21'),
(907, 5, 6, 13, 18, 33, '(૬) રાતા ફૂલ', NULL, 'file', '', '', '', '(6) RATA FOOL', 'Active', 6, '2021-04-11 10:27:34', '2021-04-11 10:27:34'),
(908, 5, 6, 13, 18, 33, '(૭) કલાકારની ભૂલ', NULL, 'file', '', '', '', '(7) KALAKARNI BHOOL', 'Active', 7, '2021-04-11 10:28:14', '2021-04-11 10:28:14'),
(909, 5, 6, 13, 18, 33, 'પુનરાવર્તન ૧', NULL, 'file', '', '', '', 'PUNARAVARTAN 1', 'Active', 8, '2021-04-11 10:28:44', '2021-04-11 10:28:44'),
(910, 5, 6, 13, 18, 33, 'પુનરાવર્તન ૨', NULL, 'file', '', '', '', 'PUNARAVARTAN 2', 'Active', 9, '2021-04-11 10:29:10', '2021-04-11 10:29:10'),
(911, 5, 6, 13, 19, 34, '(૮) પત્ર લખવાની મજા', NULL, 'file', '', '', '', '(8) PATRA LAKHVANI MAJA', 'Active', 1, '2021-04-11 10:30:25', '2021-04-11 10:30:25'),
(912, 5, 6, 13, 19, 34, '(૯) હું તો પૂછું', NULL, 'file', '', '', '', '(9) HU TO POOCHHU', 'Active', 2, '2021-04-11 10:31:08', '2021-04-11 10:31:08'),
(913, 5, 6, 13, 19, 34, '(૧૦) મૂરખના સરદારો', NULL, 'file', '', '', '', '(10) MOORAKHANA SARDARO', 'Active', 3, '2021-04-11 10:31:48', '2021-04-11 10:31:48'),
(914, 5, 6, 13, 19, 34, '(૧૧) ઊંટ અને ફકીરા', NULL, 'file', '', '', '', '(11) UNTA ANE FAKEERA', 'Active', 4, '2021-04-11 10:32:33', '2021-04-11 10:32:33'),
(915, 5, 6, 13, 19, 34, '(૧૨) બાળ નરેન્દ્ર', NULL, 'file', '', '', '', '(12) BAL NARENDRA', 'Active', 5, '2021-04-11 10:34:27', '2021-04-11 10:34:27'),
(916, 5, 6, 13, 19, 34, '(૧૩) પંખીઓએ પાણી પાયું', NULL, 'file', '', '', '', '(13) PANKHIOE PANI PAYU', 'Active', 6, '2021-04-11 10:35:08', '2021-04-11 10:35:08'),
(917, 5, 6, 13, 19, 34, '(૧૪) સૈનિક સૈનિક રમીએ', NULL, 'file', '', '', '', '(14) SAINIK SAINIK RAMIYE', 'Active', 7, '2021-04-11 10:35:43', '2021-04-11 10:35:43'),
(918, 5, 6, 13, 19, 34, '(૧૫) બે બહાદુર છોકરા', NULL, 'file', '', '', '', '(15) BE BAHADUR CHHOKRA', 'Active', 8, '2021-04-11 10:36:28', '2021-04-11 10:36:28'),
(919, 5, 6, 13, 19, 34, 'પુનરાવર્તન 3', NULL, 'file', '', '', '', 'PUNARAVARTAN 3', 'Active', 9, '2021-04-11 10:36:52', '2021-04-11 10:36:52'),
(920, 5, 6, 13, 19, 34, 'પુનરાવર્તન ૪', NULL, 'file', '', '', '', 'PUNARAVARTAN 4', 'Active', 10, '2021-04-11 10:37:19', '2021-04-11 10:37:19'),
(921, 5, 6, 13, 19, 34, 'પૂરક વાચન ૧ - સાદ કરે છે !', NULL, 'file', '', '', '', 'POORAK VACHAN 1 - SAD KARE CHHE !', 'Active', 11, '2021-04-11 10:38:46', '2021-04-11 10:38:46'),
(922, 5, 6, 13, 19, 34, 'પૂરક વાચન ૨ - કસ્તૂરબા', NULL, 'file', '', '', '', 'POORAK VACHAN 2 - KASTOORABA', 'Active', 12, '2021-04-11 10:40:55', '2021-04-11 10:40:55'),
(923, 5, 6, 13, 19, 34, 'પૂરક વાચન 3 - સોનેરી પંખી', NULL, 'file', '', '', '', 'POORAK VACHAN 3 - SONERI PANKHI', 'Active', 13, '2021-04-11 10:41:49', '2021-04-11 10:41:49'),
(924, 5, 6, 13, 19, 34, 'પૂરક વાચન ૪ - વેલજીની દીકરી', NULL, 'file', '', '', '', 'POORAK VACHAN 4 - VELAJEENI DIKARI', 'Active', 14, '2021-04-11 10:43:15', '2021-04-11 10:43:15'),
(925, 5, 6, 13, 18, 35, '(૧) તમે શું ખાશો ?', NULL, 'file', '', '', '', '(1) TAME SHU KHASHO ?', 'Active', 1, '2021-04-11 10:44:50', '2021-04-11 10:44:50'),
(926, 5, 6, 13, 18, 35, '(૨) ચાંદો પાણીમાં કોરોક્ટ્ટ !', NULL, 'file', '', '', '', '(2) CHANDO PANIMA KOROKATT !', 'Active', 2, '2021-04-11 10:45:49', '2021-04-11 10:45:49'),
(927, 5, 6, 13, 18, 35, '(3) ખારા દરિયામાં મારી હોડી', NULL, 'file', '', '', '', '(3) KHARA DARIYAMA MARI HODI', 'Active', 3, '2021-04-11 10:46:32', '2021-04-11 10:46:32'),
(928, 5, 6, 13, 18, 35, '(૪) પાઠશાળામાં રમે પતરંગો', NULL, 'file', '', '', '', '(4) PATHSHALAMA RAME PATARANGO', 'Active', 4, '2021-04-11 10:48:10', '2021-04-11 10:48:10'),
(929, 5, 6, 13, 19, 36, '(૫) ખીણમાં તારા : સાપુતારા', NULL, 'file', '', '', '', '(5) KHEENMA TARA : SAPUTARA', 'Active', 1, '2021-04-11 10:49:34', '2021-04-11 10:49:34'),
(930, 5, 6, 13, 19, 36, '(૬) તમનેય ચંદ્રક મળે', NULL, 'file', '', '', '', '(6) TAMNEY CHANDRAK MALE', 'Active', 2, '2021-04-11 10:50:09', '2021-04-11 10:50:09'),
(931, 5, 6, 13, 19, 36, '(૭) આ પાઠનું નામ આવડે છે ?', NULL, 'file', '', '', '', '(7) AA PATHNU NAM AAVDE CHHE ?', 'Active', 3, '2021-04-11 10:50:48', '2021-04-11 10:50:48'),
(932, 5, 6, 13, 19, 36, '(૮) ઘર ઘર કી કહાની', NULL, 'file', '', '', '', '(8) GHAR GHAR KI KAHANI', 'Active', 4, '2021-04-11 10:51:32', '2021-04-11 10:51:32');
INSERT INTO `units` (`id`, `board_id`, `medium_id`, `standard_id`, `semester_id`, `subject_id`, `title`, `sub_title`, `url_type`, `url`, `thumbnail`, `pages`, `description`, `status`, `order_no`, `created_at`, `updated_at`) VALUES
(933, 5, 6, 13, 18, 37, '(૧) ઈંટોની ઈમારત', NULL, 'file', '', '', '', '(1) INTONI IMARAT', 'Active', 1, '2021-04-11 10:55:26', '2021-04-11 10:55:26'),
(934, 5, 6, 13, 18, 37, '(૨) લાંબુ અને ટૂંકું', NULL, 'file', '', '', '', '(2) LAMBU ANE TOONKU', 'Active', 2, '2021-04-11 10:57:43', '2021-04-11 10:57:43'),
(935, 5, 6, 13, 18, 37, '(3) ભોપાલનો પ્રવાસ', NULL, 'file', '', '', '', '(3) BHOPALNO PRAVAS', 'Active', 3, '2021-04-11 10:59:20', '2021-04-11 10:59:20'),
(936, 5, 6, 13, 18, 37, '(૪) ટીક - ટીક - ટીક', NULL, 'file', '', '', '', '(4) TIK - TIK - TIK', 'Active', 4, '2021-04-11 11:00:24', '2021-04-11 11:00:24'),
(937, 5, 6, 13, 18, 37, '(૫) દુનિયા જોવાનો રસ્તો', NULL, 'file', '', '', '', '(5) DUNIYA JOVANO RASTO', 'Active', 5, '2021-04-11 11:01:34', '2021-04-11 11:01:34'),
(938, 5, 6, 13, 18, 37, '(૬) ભંગાર વેચનાર', NULL, 'file', '', '', '', '(6) BHANGAR VECHNAR', 'Active', 6, '2021-04-11 11:02:04', '2021-04-11 11:02:04'),
(939, 5, 6, 13, 18, 37, '(૭) જગ અને મગ', NULL, 'file', '', '', '', '(7) JAG ANE MAG', 'Active', 7, '2021-04-11 11:02:32', '2021-04-11 11:02:32'),
(940, 5, 6, 13, 19, 38, '(૮) ગાડું અને પૈડા', NULL, 'file', '', '', '', '(8) GADU ANE PAIDA', 'Active', 1, '2021-04-11 11:03:49', '2021-04-11 11:03:49'),
(941, 5, 6, 13, 19, 38, '(૯) અડધું અને પા', NULL, 'file', '', '', '', '(9) ADADHU ANE PAA', 'Active', 2, '2021-04-11 11:04:45', '2021-04-11 11:04:45'),
(942, 5, 6, 13, 19, 38, '(૧૦) પેટર્નની રમત', NULL, 'file', '', '', '', '(10) PETARNNI RAMAT', 'Active', 3, '2021-04-11 11:05:14', '2021-04-11 11:05:14'),
(943, 5, 6, 13, 19, 38, '(૧૧) ઘડિયા અને ભાગાકાર', NULL, 'file', '', '', '', '(11) GHADIYA ANE BHAGAKAR', 'Active', 4, '2021-04-11 11:05:54', '2021-04-11 11:05:54'),
(944, 5, 6, 13, 19, 38, '(૧૨) કેટલું ભારે ? કેટલું હલકું ?', NULL, 'file', '', '', '', '(12) KETLU BHARE ? KETLU HALKU ?', 'Active', 5, '2021-04-11 11:06:42', '2021-04-11 11:06:42'),
(945, 5, 6, 13, 19, 38, '(૧૩) ખેતર અને તેની ફરતે વાડ', NULL, 'file', '', '', '', '(13) KHETAR ANE TENI FARTE VAD', 'Active', 6, '2021-04-11 11:07:27', '2021-04-11 11:07:27'),
(946, 5, 6, 13, 19, 38, '(૧૪) સ્માર્ટ ચાર્ટ', NULL, 'file', '', '', '', '(14) SMART CHART', 'Active', 7, '2021-04-11 11:07:58', '2021-04-11 11:07:58'),
(947, 5, 6, 13, 18, 39, '(૧) રોજ નિશાળે જઈએ I ...', NULL, 'file', '', '', '', '(1) ROJ NISHALE JAIYE I ...', 'Active', 1, '2021-04-11 11:09:44', '2021-04-11 11:09:44'),
(948, 5, 6, 13, 18, 39, '(૨) કાનથી કાન', NULL, 'file', '', '', '', '(2) KANTHI KAN', 'Active', 2, '2021-04-11 11:10:09', '2021-04-11 11:10:09'),
(949, 5, 6, 13, 18, 39, '(3) નંદુ સાથે એક દિવસ', NULL, 'file', '', '', '', '(3) NANDU SATHE EK DIVAS', 'Active', 3, '2021-04-11 11:10:49', '2021-04-11 11:10:49'),
(950, 5, 6, 13, 18, 39, '(૪) અમૃતાની વાર્તા', NULL, 'file', '', '', '', '(4) AMRUTANI VARTA', 'Active', 4, '2021-04-11 11:11:33', '2021-04-11 11:11:33'),
(951, 5, 6, 13, 18, 39, '(૫) અનીતા અને મધમાખીઓ', NULL, 'file', '', '', '', '(5) ANEETA ANE MADHMAKHIO', 'Active', 5, '2021-04-11 11:12:24', '2021-04-11 11:12:24'),
(952, 5, 6, 13, 18, 39, '(૬) રિયાની મુસાફરી', NULL, 'file', '', '', '', '(6) RIYANI MUSAFARI', 'Active', 6, '2021-04-11 11:13:39', '2021-04-11 11:13:39'),
(953, 5, 6, 13, 18, 39, '(૭) રિયાની ટ્રેન મોડી પડી', NULL, 'file', '', '', '', '(7) RIYANI TREN MODI PADI', 'Active', 7, '2021-04-11 11:19:13', '2021-04-11 11:19:13'),
(954, 5, 6, 13, 18, 39, '(૮) રિયા પહોંચી મામાને ઘેર', NULL, 'file', '', '', '', '(8) RIYA PAHOCHI MAMANE GHER', 'Active', 8, '2021-04-11 11:19:57', '2021-04-11 11:19:57'),
(955, 5, 6, 13, 18, 39, '(૯) બદલાતાં કુટુંબો', NULL, 'file', '', '', '', '(9) BADLATA KUTUMBO', 'Active', 9, '2021-04-11 11:20:47', '2021-04-11 11:20:47'),
(956, 5, 6, 13, 18, 39, '(૧૦) કબડ્ડી...કબડ્ડી...કબડ્ડી...', NULL, 'file', '', '', '', '(10) KABADDI...KABADDI...KABADDI', 'Active', 10, '2021-04-11 11:22:37', '2021-04-11 11:22:37'),
(957, 5, 6, 13, 18, 39, '(૧૧) વાડીમાં', NULL, 'file', '', '', '', '(11) VADIMA', 'Active', 11, '2021-04-11 11:23:51', '2021-04-11 11:23:51'),
(958, 5, 6, 13, 18, 39, '(૧૨) બદલાતો સમય', NULL, 'file', '', '', '', '(12) BADALATO SAMAY', 'Active', 12, '2021-04-11 11:24:20', '2021-04-11 11:24:20'),
(959, 5, 6, 13, 19, 40, '(૧૩) નદીની સફર', NULL, 'file', '', '', '', '(13) NADINI SAFAR', 'Active', 1, '2021-04-11 11:25:23', '2021-04-11 11:25:23'),
(960, 5, 6, 13, 19, 40, '(૧૪) રાજુનું ખેતર', NULL, 'file', '', '', '', '(14) RAJUNU KHETAR', 'Active', 2, '2021-04-11 11:25:50', '2021-04-11 11:25:50'),
(961, 5, 6, 13, 19, 40, '(૧૫) બજારથી ઘર સુધી', NULL, 'file', '', '', '', '(15) BAJARTHI GHAR SUDHI', 'Active', 3, '2021-04-11 11:26:18', '2021-04-11 11:26:18'),
(962, 5, 6, 13, 19, 40, '(૧૬) કામનો મહિનો', NULL, 'file', '', '', '', '(16) KAMNO MAHINO', 'Active', 4, '2021-04-11 11:26:44', '2021-04-11 11:26:44'),
(963, 5, 6, 13, 19, 40, '(૧૭) તેજલ અમદાવાદમાં', NULL, 'file', '', '', '', '(17) TEJAL AMDAVADMA', 'Active', 5, '2021-04-11 11:27:11', '2021-04-11 11:27:11'),
(964, 5, 6, 13, 19, 40, '(૧૮) ગામ-ગામનાં પાણી', NULL, 'file', '', '', '', '(18) GAM-GAMNA PANI', 'Active', 6, '2021-04-11 11:27:47', '2021-04-11 11:27:47'),
(965, 5, 6, 13, 19, 40, '(૧૯) સાથે જમીએ', NULL, 'file', '', '', '', '(19) SATHE JAMIYE', 'Active', 7, '2021-04-11 11:28:17', '2021-04-11 11:28:17'),
(966, 5, 6, 13, 19, 40, '(૨૦) ખોરાક અને મજા', NULL, 'file', '', '', '', '(20) KHORAK ANE MAJA', 'Active', 8, '2021-04-11 11:28:58', '2021-04-11 11:28:58'),
(967, 5, 6, 13, 19, 40, '(૨૧) જગત મારા ઘરમાં', NULL, 'file', '', '', '', '(21) JAGAT MARA GHARMA', 'Active', 9, '2021-04-11 11:37:03', '2021-04-11 11:37:03'),
(968, 5, 6, 13, 19, 40, '(૨૨) પટોળાં', NULL, 'file', '', '', '', '(22) PATOLA', 'Active', 10, '2021-04-11 11:37:35', '2021-04-11 11:37:35'),
(969, 5, 6, 13, 19, 40, '(૨૩) દેશ-પરદેશ', NULL, 'file', '', '', '', '(23) DESH-PARDESH', 'Active', 11, '2021-04-11 11:38:09', '2021-04-11 11:38:09'),
(970, 5, 6, 13, 19, 40, '(૨૪) મસાલેદાર કોયડા', NULL, 'file', '', '', '', '(24) MASALEDAR KOYDA', 'Active', 12, '2021-04-11 11:38:48', '2021-04-11 11:38:48'),
(971, 5, 6, 13, 19, 40, '(૨૫) મારો જિલ્લો', NULL, 'file', '', '', '', '(25) MARO JILLO', 'Active', 13, '2021-04-11 11:39:23', '2021-04-11 11:39:23'),
(972, 5, 6, 13, 19, 42, '(१) नई राह', NULL, 'file', '', '', '', '(1) NAYI RAH', 'Active', 1, '2021-04-11 11:42:22', '2021-04-11 11:42:22'),
(973, 5, 6, 13, 19, 42, '(२) बढ़ते कदम', NULL, 'file', '', '', '', '(2) BADHATE KADAM', 'Active', 2, '2021-04-11 11:44:00', '2021-04-11 11:44:00'),
(974, 5, 6, 13, 19, 42, '(३) गिनती (१ से २०)', NULL, 'file', '', '', '', '(2) GINATI (1 SE 20)', 'Active', 3, '2021-04-11 11:45:47', '2021-04-11 11:45:47'),
(975, 5, 6, 13, 19, 42, '(४) अपने बारे में...', NULL, 'file', '', '', '', '(4) APNE BARE ME...', 'Active', 4, '2021-04-11 11:46:26', '2021-04-11 11:46:26'),
(976, 5, 6, 13, 19, 42, '(५) धम्मक - धम्मक आता हाथी', NULL, 'file', '', '', '', '(5) DHAMMAK - DHAMMAK AATA HATHI', 'Active', 5, '2021-04-11 11:47:20', '2021-04-11 11:47:20'),
(977, 5, 6, 13, 19, 42, '(६) टपका का डर', NULL, 'file', '', '', '', '(6) TAPKA KA DAR', 'Active', 6, '2021-04-11 11:48:10', '2021-04-11 11:48:10'),
(978, 5, 6, 13, 19, 42, '(७) झुला', NULL, 'file', '', '', '', '(7) JHULA', 'Active', 7, '2021-04-11 11:48:33', '2021-04-11 11:48:33'),
(979, 5, 6, 13, 19, 42, '(८) चतुर चूहा', NULL, 'file', '', '', '', '(8) CHATUR CHOOHA', 'Active', 8, '2021-04-11 11:49:16', '2021-04-11 11:49:16'),
(980, 5, 6, 13, 19, 42, 'पुनरावर्तन १', NULL, 'file', '', '', '', 'PUNARAVARTAN 1', 'Active', 9, '2021-04-11 11:49:41', '2021-04-11 11:49:41'),
(981, 5, 6, 13, 19, 42, 'पुनरावर्तन २', NULL, 'file', '', '', '', 'PUNARAVARTAN 2', 'Active', 10, '2021-04-11 11:50:04', '2021-04-11 11:50:04'),
(982, 5, 6, 13, 18, 43, '(1) Get Up And Dance', NULL, 'file', '', '', '', '(1) GET UP AND DANCE', 'Active', 1, '2021-04-11 11:51:50', '2021-04-11 11:51:50'),
(983, 5, 6, 13, 18, 43, '(2) Things Around Us', NULL, 'file', '', '', '', '(2) THINGS AROUND US', 'Active', 2, '2021-04-11 11:52:39', '2021-04-11 11:52:39'),
(984, 5, 6, 13, 18, 43, '(3) My Family', NULL, 'file', '', '', '', '(3) MY FAMILY', 'Active', 3, '2021-04-11 11:53:12', '2021-04-11 11:53:12'),
(985, 5, 6, 13, 18, 43, 'પરિશિષ્ટ', NULL, 'file', '', '', '', 'PARISHISHT', 'Active', 4, '2021-04-11 11:53:47', '2021-04-11 11:53:47'),
(986, 5, 6, 13, 19, 44, '(4) Our Helpers', NULL, 'file', '', '', '', '(4) OUR HELPERS', 'Active', 1, '2021-04-11 11:56:08', '2021-04-11 11:56:08'),
(987, 5, 6, 13, 19, 44, '(5) Here We Are Dancing', NULL, 'file', '', '', '', '(5) HERE WE ARE DANCING', 'Active', 2, '2021-04-11 11:56:41', '2021-04-11 11:56:41'),
(988, 5, 6, 13, 19, 44, '(6) kuku Is Calling', NULL, 'file', '', '', '', '(6) KUKU IS CALLING', 'Active', 3, '2021-04-11 11:57:36', '2021-04-11 11:57:36'),
(989, 5, 6, 13, 19, 44, 'Revision 1', NULL, 'file', '', '', '', 'REVISION 1', 'Active', 4, '2021-04-11 11:57:54', '2021-04-11 11:57:54'),
(990, 5, 6, 13, 19, 44, 'Revision 2', NULL, 'file', '', '', '', 'REVISION 2', 'Active', 5, '2021-04-11 11:58:10', '2021-04-11 11:58:10'),
(991, 5, 6, 13, 19, 44, 'પરિશિષ્ટ', NULL, 'file', '', '', '', 'PARISHISHT', 'Active', 6, '2021-04-11 11:58:33', '2021-04-11 11:58:33'),
(992, 5, 6, 12, 16, 21, '(૧) વાંદરાને વાંચતા ન આવડે', NULL, 'file', '', '', '', '(1) VANDARANE VANCHATAN AAVDE', 'Active', 1, '2021-04-12 04:03:53', '2021-04-12 04:03:53'),
(993, 5, 6, 12, 16, 21, '(૨) પોટલાં ટપકે ટપ્પ', NULL, 'file', '', '', '', '(2) POTALA TAPKE TAPPA', 'Active', 2, '2021-04-12 04:05:06', '2021-04-12 04:05:06'),
(994, 5, 6, 12, 16, 21, '(૩) હું પતંગિયું મારા પિલ્લુનું', NULL, 'file', '', '', '', '(3) HU PATANGIYU MARA PILLUNU', 'Active', 3, '2021-04-12 04:06:52', '2021-04-12 04:06:52'),
(995, 5, 6, 12, 16, 21, '(૪) સસલા ની પાછળ કુતરુ', NULL, 'file', '', '', '', '(4) SASLA NI PACHHAL KUTARU', 'Active', 4, '2021-04-12 04:10:17', '2021-04-12 04:10:17'),
(996, 5, 6, 12, 16, 21, '(૫)કોરો કાચબો ભીનો ચાંદો', NULL, 'file', '', '', '', '(5) KORO KACHBO BEENO CHANDO', 'Active', 5, '2021-04-12 04:11:38', '2021-04-12 04:11:38'),
(997, 5, 6, 12, 17, 22, '(૬) બતક અને અથવા પણ હંસ', NULL, 'file', '', '', '', '(6) BATAK ANE ATHVA PAN HANS', 'Active', 1, '2021-04-12 04:13:58', '2021-04-12 04:13:58'),
(998, 5, 6, 12, 17, 22, '(૭) એક છલાંગે દરિયો કૂદો', NULL, 'file', '', '', '', '(7) EK CHHALANGE DARIYO KOODO', 'Active', 2, '2021-04-12 04:15:23', '2021-04-12 04:15:23'),
(999, 5, 6, 12, 17, 22, '(૮) કીડી હતી કે હાથી હશે', NULL, 'file', '', '', '', '(8) KIDI HATI KE HATHI HASHE', 'Active', 3, '2021-04-12 04:16:29', '2021-04-12 04:16:29'),
(1000, 5, 6, 12, 17, 22, '(૯) રંગબેરંગી મસાલિયું', NULL, 'file', '', '', '', '(9) RANGBERANGI MASALIYU', 'Active', 4, '2021-04-12 04:17:50', '2021-04-12 04:17:50'),
(1001, 5, 6, 12, 17, 22, '(૧૦) ચાલો સૌને રમત મુબારક', NULL, 'file', '', '', '', '(10) CHALO SAUNE RAMAT MUBARAK', 'Active', 5, '2021-04-12 04:19:02', '2021-04-12 04:19:02'),
(1002, 5, 6, 12, 16, 23, '(૧) સંકેત-પરિચય', NULL, 'file', '', '', '', '(1) SANKET PARICHAY', 'Active', 1, '2021-04-12 04:20:40', '2021-04-12 04:20:40'),
(1003, 5, 6, 12, 16, 23, '(૨) આટલું કરીએ જ...', NULL, 'file', '', '', '', '(2) AATLU KARIYE J...', 'Active', 2, '2021-04-12 04:21:39', '2021-04-12 04:21:39'),
(1004, 5, 6, 12, 16, 23, '(3) ખાધા વિના કંઈ ચાલે ?', NULL, 'file', '', '', '', '(3) KHADHA VINA KAI CHALE ?', 'Active', 3, '2021-04-12 04:22:43', '2021-04-12 04:22:43'),
(1005, 5, 6, 12, 17, 24, '(૪) મૌનસ મામાને ગામ', NULL, 'file', '', '', '', '(4) MAUNAS MAMANE GAM', 'Active', 1, '2021-04-12 04:24:08', '2021-04-12 04:24:08'),
(1006, 5, 6, 12, 17, 24, '(૫) ચાલો ઓળખીયે', NULL, 'file', '', '', '', '(5) CHALO OLAKHIYE', 'Active', 2, '2021-04-12 04:25:06', '2021-04-12 04:25:06'),
(1007, 5, 6, 12, 17, 24, '(૬) જુઓ અને જાણો', NULL, 'file', '', '', '', '(6) JUO ANE JANO', 'Active', 3, '2021-04-12 04:25:57', '2021-04-12 04:25:57'),
(1008, 5, 6, 12, 17, 24, '(૭) દેશની ઓળખ', NULL, 'file', '', '', '', '(7) DESHNI OLAKH', 'Active', 4, '2021-04-12 04:26:52', '2021-04-12 04:26:52'),
(1009, 6, 13, 103, 63, 125, '1. A Letter to God Dust of Snow', NULL, 'file', '', '', '', '1. A LETTER TO GOD DUST OF SNOW', 'Active', 1, '2021-04-12 04:29:50', '2021-04-12 04:29:50'),
(1010, 6, 13, 103, 63, 125, '2. Nelson Mandela : Long Walk to Freedom A Tiger in the Zoo', NULL, 'file', '', '', '', '2. NELSON MANDELA : LONG WALK TO FREEDOM A TIGER IN THE ZOO', 'Active', 2, '2021-04-12 04:31:22', '2021-04-12 04:31:22'),
(1011, 6, 13, 103, 63, 125, '3. Two Stories about Flying The Ball Poem', NULL, 'file', '', '', '', '3. TWO STORIES ABOUT FLYING THE BALL POEM', 'Active', 3, '2021-04-12 04:32:14', '2021-04-12 04:32:14'),
(1012, 6, 13, 103, 63, 125, '4.  From the Diary of Anne Frank Amanda!', NULL, 'file', '', '', '', '4. FROM THE DIARY OF ANNE FRANK AMANDA!', 'Active', 4, '2021-04-12 04:49:58', '2021-04-12 04:49:58'),
(1013, 6, 13, 103, 63, 125, '5. The Hundred Dresses- I', NULL, 'file', '', '', '', '5. THE HUNDRED DRESSES - I', 'Active', 5, '2021-04-12 04:50:50', '2021-04-12 04:50:50'),
(1014, 6, 13, 103, 63, 125, '6.  The Hundred Dresses - II Animals', NULL, 'file', '', '', '', '6. THE HUNDRED DRESSES - II ANIMALS', 'Active', 6, '2021-04-12 04:51:39', '2021-04-12 04:51:39'),
(1015, 5, 6, 12, 16, 25, '(૧) ક્યાંથી જોવું ?', NULL, 'file', '', '', '', '(1) KYATHI JOVU ?', 'Active', 1, '2021-04-12 05:12:24', '2021-04-12 05:12:24'),
(1016, 5, 6, 12, 16, 25, '(૨) સંખ્યાની ગમ્મ્ત', NULL, 'file', '', '', '', '(2) SANKHYANI GAMMAT', 'Active', 2, '2021-04-12 05:14:54', '2021-04-12 05:14:54'),
(1017, 5, 6, 12, 16, 25, '(૩) આપો અને લો', NULL, 'file', '', '', '', '(3) AAPO ANE LO', 'Active', 3, '2021-04-12 05:15:43', '2021-04-12 05:15:43'),
(1018, 5, 6, 12, 16, 25, '(૪) લાંબું અને ટૂંકું', NULL, 'file', '', '', '', '(4) LAMBU ANE TOONKU', 'Active', 4, '2021-04-12 05:16:31', '2021-04-12 05:16:31'),
(1019, 5, 6, 12, 16, 25, '(૫) આકાર અને ભાત', NULL, 'file', '', '', '', '(5) AAKAR ANE BHAT', 'Active', 5, '2021-04-12 05:17:24', '2021-04-12 05:17:24'),
(1020, 5, 6, 12, 16, 25, '(૬) આપ-લે ની ગમ્મત', NULL, 'file', '', '', '', '(6) AAP-LE NI GAMMAT', 'Active', 6, '2021-04-12 05:18:26', '2021-04-12 05:18:26'),
(1021, 5, 6, 12, 16, 25, '(૭) સમય વહી જાય છે', NULL, 'file', '', '', '', '(7) SAMAY VAHI JAY CHHE', 'Active', 7, '2021-04-12 05:19:23', '2021-04-12 05:19:23'),
(1022, 5, 6, 12, 17, 26, '(૮) વધુ ભારે કોણ ?', NULL, 'file', '', '', '', '(8) VADHU BHARE KON ?', 'Active', 1, '2021-04-12 05:20:53', '2021-04-12 05:20:53'),
(1023, 5, 6, 12, 17, 26, '(૯) કેટલા વખત ?', NULL, 'file', '', '', '', '(9) KETLA VAKHAT ?', 'Active', 2, '2021-04-12 05:21:55', '2021-04-12 05:21:55'),
(1024, 5, 6, 12, 17, 26, '(૧૦) ભાત(પેટર્ન)ની રમત', NULL, 'file', '', '', '', '(10) BHAT(PETARN)NI RAMAT', 'Active', 3, '2021-04-12 05:23:08', '2021-04-12 05:23:08'),
(1025, 5, 6, 12, 17, 26, '(૧૧) જગ અને મગ', NULL, 'file', '', '', '', '(11) JAG ANE MAG', 'Active', 4, '2021-04-12 05:24:11', '2021-04-12 05:24:11'),
(1026, 5, 6, 12, 17, 26, '(૧૨) આપણે ભાગ પાડી શકીશું ?', NULL, 'file', '', '', '', '(12) AAPNE BHAG PADI SHKISHU ?', 'Active', 5, '2021-04-12 05:25:19', '2021-04-12 05:25:19'),
(1027, 5, 6, 12, 17, 26, '(૧૩) સ્માર્ટ ચાર્ટ', NULL, 'file', '', '', '', '(13) SMART CHART', 'Active', 6, '2021-04-12 05:26:17', '2021-04-12 05:26:17'),
(1028, 5, 6, 12, 17, 26, '(૧૪) રૂપિયા-પૈસા', NULL, 'file', '', '', '', '(14) RUPIYA-PAISA', 'Active', 7, '2021-04-12 05:28:23', '2021-04-12 05:28:23'),
(1029, 5, 6, 12, 16, 27, '(૧) પૂનમે શું જોયું ?', NULL, 'file', '', '', '', '(1) POONAME SHU JOYU ?', 'Active', 1, '2021-04-12 05:30:25', '2021-04-12 05:30:25'),
(1030, 5, 6, 12, 16, 27, '(૨) વનપરી', NULL, 'file', '', '', '', '(2) VANPARI', 'Active', 2, '2021-04-12 05:31:07', '2021-04-12 05:31:07'),
(1031, 5, 6, 12, 16, 27, '(૩) પાણી જ પાણી !', NULL, 'file', '', '', '', '(3) PANI J PANI !', 'Active', 3, '2021-04-12 05:31:56', '2021-04-12 05:31:56'),
(1032, 5, 6, 12, 16, 27, '(૪) છોટુનું ઘર', NULL, 'file', '', '', '', '(4) CHHOTUNU GHAR', 'Active', 4, '2021-04-12 05:33:46', '2021-04-12 05:33:46'),
(1033, 5, 6, 12, 16, 27, '(૫) ઘર એક શાળા', NULL, 'file', '', '', '', '(5) GHAR EK SHALA', 'Active', 5, '2021-04-12 05:34:37', '2021-04-12 05:34:37'),
(1034, 5, 6, 12, 16, 27, '(૬) ખાધા વિના ન ચાલે', NULL, 'file', '', '', '', '(6) KHADHA VINA N CHALE', 'Active', 6, '2021-04-12 05:35:29', '2021-04-12 05:35:29'),
(1035, 5, 6, 12, 16, 27, '(૭) અનોખો સંવાદ', NULL, 'file', '', '', '', '(7) ANOKHO SANVAD', 'Active', 7, '2021-04-12 05:36:20', '2021-04-12 05:36:20'),
(1036, 5, 6, 12, 16, 27, '(૮) ફરરર...', NULL, 'file', '', '', '', '(8) FARRR...', 'Active', 8, '2021-04-12 05:37:05', '2021-04-12 05:37:05'),
(1037, 5, 6, 12, 16, 27, '(૯) આવ રે વરસાદ', NULL, 'file', '', '', '', '(9) AAV RE VARSAD', 'Active', 9, '2021-04-12 05:37:50', '2021-04-12 05:37:50'),
(1038, 5, 6, 12, 16, 27, '(૧૦) રસોડાની વાત', NULL, 'file', '', '', '', '(10) RASODANI VAT', 'Active', 10, '2021-04-12 05:38:35', '2021-04-12 05:38:35'),
(1039, 5, 6, 12, 16, 27, '(૧૧) આપણાં વાહનો', NULL, 'file', '', '', '', '(11) AAPNA VAHNO', 'Active', 11, '2021-04-12 05:39:21', '2021-04-12 05:39:21'),
(1040, 5, 6, 12, 16, 27, '(૧૨) આપણાં કામ', NULL, 'file', '', '', '', '(12) AAPNA KAM', 'Active', 12, '2021-04-12 05:40:08', '2021-04-12 05:40:08'),
(1041, 5, 6, 12, 17, 28, '(૧૩) આપણી લાગણીઓની ભાગીદારી', NULL, 'file', '', '', '', '(13) AAPNI LAGNIONI BHAGIDARI', 'Active', 1, '2021-04-12 05:41:49', '2021-04-12 05:41:49'),
(1042, 5, 6, 12, 17, 28, '(૧૪) આપણાં ખોરાક', NULL, 'file', '', '', '', '(14) AAPNA KHORAK', 'Active', 2, '2021-04-12 05:42:46', '2021-04-12 05:42:46'),
(1043, 5, 6, 12, 17, 28, '(૧૫) માટીની મજા', NULL, 'file', '', '', '', '(15) MATINI MAJA', 'Active', 3, '2021-04-12 05:43:40', '2021-04-12 05:43:40'),
(1044, 5, 6, 12, 17, 28, '(16) મારુ ઘર', NULL, 'file', '', '', '', '(16) MARU GHAR', 'Active', 4, '2021-04-12 05:44:18', '2021-04-12 05:44:18'),
(1045, 5, 6, 12, 17, 28, '(૧૭) પત્રનો પ્રવાસ', NULL, 'file', '', '', '', '(17) PATRANO PRAVAS', 'Active', 5, '2021-04-12 05:45:12', '2021-04-12 05:45:12'),
(1046, 5, 6, 12, 17, 28, '(૧૮) રમતાં - રમતાં', NULL, 'file', '', '', '', '(18) RAMTA-RAMTA', 'Active', 6, '2021-04-12 05:46:36', '2021-04-12 05:46:36'),
(1047, 5, 6, 12, 17, 28, '(૧૯) આપણાં સાથી', NULL, 'file', '', '', '', '(19) AAPNA SATHI', 'Active', 7, '2021-04-12 05:47:37', '2021-04-12 05:47:37'),
(1048, 5, 6, 12, 17, 28, '(૨૦) કેટલા રે કેટલા', NULL, 'file', '', '', '', '(20) KETLA RE KETLA', 'Active', 8, '2021-04-12 05:48:21', '2021-04-12 05:48:21'),
(1049, 5, 6, 12, 17, 28, '(૨૧) પાણી બચાવીએ', NULL, 'file', '', '', '', '(21) PANI BACHAVIYE', 'Active', 9, '2021-04-12 05:49:08', '2021-04-12 05:49:08'),
(1050, 5, 6, 12, 17, 28, '(૨૨) ડાબું - જમણું', NULL, 'file', '', '', '', '(22) DABU - JAMNU', 'Active', 10, '2021-04-12 05:50:00', '2021-04-12 05:50:00'),
(1051, 5, 6, 12, 17, 28, '(૨૩) સુંદર કપડાં', NULL, 'file', '', '', '', '(23) SUNDAR KAPDA', 'Active', 11, '2021-04-12 05:50:55', '2021-04-12 05:50:55'),
(1052, 5, 6, 12, 17, 28, '(24) જીવનનું જાળું', NULL, 'file', '', '', '', '(24) JEEVANNU JALU', 'Active', 12, '2021-04-12 05:51:38', '2021-04-12 05:51:38'),
(1053, 5, 6, 12, 17, 28, '(૨૫) મારો તાલુકો', NULL, 'file', '', '', '', '(25) MARO TALUKO', 'Active', 13, '2021-04-12 05:52:36', '2021-04-12 05:52:36'),
(1054, 5, 6, 11, 14, 11, '(૧) શરણાઈ, ઢોલક અને રંગ', NULL, 'file', '', '', '', '(1) SHARNAI, DHOLAK ANE RANG', 'Active', 1, '2021-04-12 05:55:08', '2021-04-12 05:55:08'),
(1055, 5, 6, 11, 14, 11, '(૨) દાદા ખોવાયા છે', NULL, 'file', '', '', '', '(2) DADA KHOVAYA CHHE', 'Active', 2, '2021-04-12 05:56:00', '2021-04-12 05:56:00'),
(1056, 5, 6, 11, 14, 11, '(૩) આટલા બધાં રમકડાં !', NULL, 'file', '', '', '', '(3) AATLA BADHA RAMAKDA !', 'Active', 3, '2021-04-12 05:57:08', '2021-04-12 05:57:08'),
(1057, 5, 6, 11, 14, 11, '(૪) જંગલબુક', NULL, 'file', '', '', '', '(4) JANGALBUK', 'Active', 4, '2021-04-12 05:58:06', '2021-04-12 05:58:06'),
(1058, 5, 6, 11, 14, 11, '(૫) મારે તો બસ રમવું છે', NULL, 'file', '', '', '', '(5) MARE TO BAS RAMVU CHHE', 'Active', 5, '2021-04-12 05:59:11', '2021-04-12 05:59:11'),
(1059, 5, 6, 11, 15, 12, '(૬) પર્વતનો મુરબ્બો', NULL, 'file', '', '', '', '(6) PARVATNO MURABBO', 'Active', 1, '2021-04-12 06:00:42', '2021-04-12 06:00:42'),
(1060, 5, 6, 11, 15, 12, '(૭) આમ પણ હોય ?', NULL, 'file', '', '', '', '(7) AAM PAN HOY ?', 'Active', 2, '2021-04-12 06:01:27', '2021-04-12 06:01:27'),
(1061, 5, 6, 11, 15, 12, '(૮) સોય, સંચો અને સાબુ', NULL, 'file', '', '', '', '(8) SOY, SANCHO ANE SABU', 'Active', 3, '2021-04-12 06:02:25', '2021-04-12 06:02:25'),
(1062, 5, 6, 11, 15, 12, '(૯) આપણે સૌ તોફાની', NULL, 'file', '', '', '', '(9) આપણે સૌ તોફાની', 'Active', 4, '2021-04-12 06:03:35', '2021-04-12 06:03:35'),
(1063, 5, 6, 11, 15, 12, '(૧૦) કામ કરીએ કલક કલક', NULL, 'file', '', '', '', '(10) KAM KARIYE KALKA KALKA', 'Active', 5, '2021-04-12 06:04:40', '2021-04-12 06:04:40'),
(1064, 5, 6, 11, 14, 15, '(૧) ટાયર ફાટ્યું ફટાક', NULL, 'file', '', '', '', '(1) TAYAR FATYU FATAK', 'Active', 1, '2021-04-12 06:06:44', '2021-04-12 06:06:44'),
(1065, 5, 6, 11, 14, 15, '(૨) વાંદરા માથે ફુગ્ગાનો ટોપો', NULL, 'file', '', '', '', '(2) VANDARA MATHE FUGGANO TOPO', 'Active', 2, '2021-04-12 06:08:03', '2021-04-12 06:08:03'),
(1066, 5, 6, 11, 14, 15, '(૩) ચકલીની ચાંચમાં ચમચી', NULL, 'file', '', '', '', '(3) CHAKLINI CHANCHAMA CHAMCHI', 'Active', 3, '2021-04-12 06:09:02', '2021-04-12 06:09:02'),
(1067, 5, 6, 11, 15, 16, '(૪) ગિલી ગિલી છૂ...', NULL, 'file', '', '', '', '(4) GILEE GILEE CHHOO....', 'Active', 1, '2021-04-12 06:10:52', '2021-04-12 06:10:52'),
(1068, 5, 6, 11, 15, 16, '(૫) રિમઝિમ... રિમઝિમ...', NULL, 'file', '', '', '', '(5) RIMZIM... RIMZIM...', 'Active', 2, '2021-04-12 06:11:47', '2021-04-12 06:11:47'),
(1069, 5, 6, 11, 15, 16, '(૬) વાઘની ટૂંકી રિસેસ', NULL, 'file', '', '', '', '(6) VAGHNI TOONKI RISES', 'Active', 3, '2021-04-12 06:12:41', '2021-04-12 06:12:41'),
(1070, 5, 6, 11, 15, 16, '(૭) વન સાદ કરે છે', NULL, 'file', '', '', '', '(7) VAN SAD KARE CHHE', 'Active', 4, '2021-04-12 06:13:36', '2021-04-12 06:13:36'),
(1071, 5, 6, 11, 14, 13, '(૧) શું લાબું છે ? શું ગોળ છે ?', NULL, 'file', '', '', '', '(1) SHU LABU CHHE ? SHU GOL CHHE ?', 'Active', 1, '2021-04-12 06:15:31', '2021-04-12 06:15:31'),
(1072, 5, 6, 11, 14, 13, '(૨) જૂથમાં ગણવું', NULL, 'file', '', '', '', '(2) JOOTHMA GANVU', 'Active', 2, '2021-04-12 06:16:22', '2021-04-12 06:16:22'),
(1073, 5, 6, 11, 14, 13, '(૩) તમે કેટલું ઊંચકી શકો ?', NULL, 'file', '', '', '', '(3) TAME KETLU UNCHAKI SHAKO ?', 'Active', 3, '2021-04-12 06:17:26', '2021-04-12 06:17:26'),
(1074, 5, 6, 18, 29, 72, '(१६) भारतीय संस्कृति में गुरु-शिष्य संबंध', NULL, 'file', '', '', '', '(16) BHARATIY SANSKRUTI ME GURU - SHISHY SAMBANDH', 'Active', 20, '2021-04-12 06:27:36', '2021-04-12 06:27:36'),
(1075, 5, 6, 11, 14, 13, '(૪) દસ-દસની ગણતરી', NULL, 'file', '', '', '', '(4) DAS - DASNI GANATARI', 'Active', 4, '2021-04-12 06:44:01', '2021-04-12 06:44:01'),
(1076, 5, 6, 11, 14, 13, '(૫) પેટર્ન', NULL, 'file', '', '', '', '(5) PETARN', 'Active', 5, '2021-04-12 06:44:50', '2021-04-12 06:44:50'),
(1077, 5, 6, 11, 14, 13, '(૬) પગની છાપ', NULL, 'file', '', '', '', '(6) PAGNI CHHAP', 'Active', 6, '2021-04-12 06:45:45', '2021-04-12 06:45:45'),
(1078, 5, 6, 11, 14, 13, '(૭) જગ અને મગ', NULL, 'file', '', '', '', '(7) JAG ANE MAG', 'Active', 7, '2021-04-12 06:46:51', '2021-04-12 06:46:51'),
(1079, 5, 6, 11, 15, 14, '(૮) દસક અને એકમ', NULL, 'file', '', '', '', '(8) DASAK ANE EKAM', 'Active', 1, '2021-04-12 06:48:30', '2021-04-12 06:48:30'),
(1080, 5, 6, 11, 15, 14, '(૯) મારો મજાનો દિવસ', NULL, 'file', '', '', '', '(9) MARO MAJANO DIVAS', 'Active', 2, '2021-04-12 06:49:19', '2021-04-12 06:49:19'),
(1081, 5, 6, 11, 15, 14, '(૧૦) અમારા અંકો ઉમેરો', NULL, 'file', '', '', '', '(10) AMARA ANKO UMERO', 'Active', 3, '2021-04-12 06:50:14', '2021-04-12 06:50:14'),
(1082, 5, 6, 11, 15, 14, '(૧૧) લીટીઓ જ લીટીઓ', NULL, 'file', '', '', '', '(11) LEETEEO J LEETEEO', 'Active', 4, '2021-04-12 06:51:06', '2021-04-12 06:51:06'),
(1083, 5, 6, 11, 15, 14, '(૧૨) આપો અને લો', NULL, 'file', '', '', '', '(12) AAPO ANE LO', 'Active', 5, '2021-04-12 06:52:59', '2021-04-12 06:52:59'),
(1084, 5, 6, 11, 15, 14, '(૧૩) સૌથી લાંબું ડગલું', NULL, 'file', '', '', '', '(13) SAUTHI LAMBU DAGLU', 'Active', 6, '2021-04-12 06:54:18', '2021-04-12 06:54:18'),
(1085, 5, 6, 11, 15, 14, '(૧૪) પક્ષીઓ આવે, પક્ષીઓ જાય', NULL, 'file', '', '', '', '(14) PAKSHIO AAVE, PAKSHIO JAY', 'Active', 7, '2021-04-12 06:55:24', '2021-04-12 06:55:24'),
(1086, 5, 6, 11, 15, 14, '(૧૫) કેટલી ચોટલીઓ છે ?', NULL, 'file', NULL, NULL, '', '(15) KETLI CHATALIO CHHE ?', 'Active', 8, '2021-04-12 06:56:34', '2021-04-12 06:56:55'),
(1087, 5, 6, 10, 11, 1, '(૧) શાળા તત્પરતા : 1', NULL, 'file', '', '', '', '(1) SHALA TATPARATA : 1', 'Active', 1, '2021-04-12 07:00:01', '2021-04-12 07:00:01'),
(1088, 5, 6, 10, 11, 1, '(૨) શાળા તત્પરતા : 2', NULL, 'file', '', '', '', '(2) SHALA TATPARATA : 2', 'Active', 2, '2021-04-12 07:01:13', '2021-04-12 07:01:13'),
(1089, 5, 6, 10, 11, 1, '(૩) અજબ જેવી વાત છે', NULL, 'file', '', '', '', '(3) AJAB JEVI VAT CHHE', 'Active', 3, '2021-04-12 07:02:11', '2021-04-12 07:02:11'),
(1090, 5, 6, 10, 11, 1, '(૪) આવ રે વરસાદ', NULL, 'file', '', '', '', '(4) AAV RE VARSAD', 'Active', 4, '2021-04-12 07:06:55', '2021-04-12 07:06:55'),
(1091, 5, 6, 10, 11, 1, '(૫) અમે સૌ', NULL, 'file', '', '', '', '(5) AME SAU', 'Active', 5, '2021-04-12 07:08:44', '2021-04-12 07:08:44'),
(1092, 5, 6, 10, 13, 2, '(૬) મજા પડે, મજા પડે', NULL, 'file', '', '', '', '(6) MAJA PADE, MAJA PADE', 'Active', 1, '2021-04-12 07:13:14', '2021-04-12 07:13:14'),
(1093, 5, 6, 10, 13, 2, '(૭) ચપટી વાગી', NULL, 'file', '', '', '', '(7) CHAPTI VAGI', 'Active', 2, '2021-04-12 07:15:35', '2021-04-12 07:15:35'),
(1094, 5, 6, 10, 13, 2, '(૮) હું તો મોટો થઈશ !', NULL, 'file', '', '', '', '(8) HU TO MOTO THAISHA !', 'Active', 3, '2021-04-12 07:17:10', '2021-04-12 07:17:10'),
(1095, 5, 6, 10, 13, 2, '(૯) પોપટે ખાધી પાકી કેરી', NULL, 'file', '', '', '', '(9) POPATE KHADHI PAKI KERI', 'Active', 4, '2021-04-12 07:18:20', '2021-04-12 07:18:20'),
(1096, 5, 6, 10, 13, 2, '(૧૦) વડદાદા', NULL, 'file', '', '', '', '(10) VADADADA', 'Active', 5, '2021-04-12 07:19:37', '2021-04-12 07:19:37'),
(1097, 5, 6, 10, 11, 3, '(૧) મ્યાઉં... મ્યાઉં...  કા  કા  કા...', NULL, 'file', '', '', '', '(1) MYAU... MYAU... KA KA KA...', 'Active', 1, '2021-04-12 07:24:08', '2021-04-12 07:24:08'),
(1098, 5, 6, 10, 11, 3, '(૨) ટેહૂક ટેહૂક.... હૂપ હૂપ', NULL, 'file', '', '', '', '(2) TEHOOK TEHOOK... HOOP HOOP', 'Active', 2, '2021-04-12 07:25:18', '2021-04-12 07:25:18'),
(1099, 5, 6, 10, 11, 3, '(૩) ફરરર... ફરીએ', NULL, 'file', '', '', '', '(3) FARRR... FARIYE', 'Active', 3, '2021-04-12 07:26:20', '2021-04-12 07:26:20'),
(1100, 5, 6, 10, 13, 4, '(૪) ચણા-વટાણા... જલ્લેબી', NULL, 'file', '', '', '', '(4) CHANA-VATANA... JALLEBI', 'Active', 1, '2021-04-12 07:28:21', '2021-04-12 07:28:21'),
(1101, 5, 6, 10, 13, 4, '(5) રંગબેરંગી રમકડાં', NULL, 'file', '', '', '', '(5) RANGBERANGI RAMAKADA', 'Active', 2, '2021-04-12 07:29:08', '2021-04-12 07:29:08'),
(1102, 5, 6, 10, 13, 4, '(૬) પૈડું ચાલે ચક્કર ચક્કર', NULL, 'file', '', '', '', '(6) PAIDU CHALE CHAKKAR CHAKKAR', 'Active', 3, '2021-04-12 07:30:07', '2021-04-12 07:30:07'),
(1103, 5, 6, 10, 11, 5, '(૧) આકારો અને જગ્યા', NULL, 'file', '', '', '', '(1) AAKARO ANE JAGYA', 'Active', 1, '2021-04-12 07:32:37', '2021-04-12 07:32:37'),
(1104, 5, 6, 10, 11, 5, '(૨) એકથી નવ સુધીની સંખ્યા', NULL, 'file', '', '', '', '(2) EKTHI NAV SUDHINI SANKHYA', 'Active', 2, '2021-04-12 07:33:31', '2021-04-12 07:33:31'),
(1105, 5, 6, 10, 11, 5, '(૩) સરવાળા', NULL, 'file', '', '', '', '(3) SARVALA', 'Active', 3, '2021-04-12 07:34:14', '2021-04-12 07:34:14'),
(1106, 5, 6, 10, 11, 5, '(૪) બાદબાકી', NULL, 'file', '', '', '', '(4) BADBAKI', 'Active', 4, '2021-04-12 07:34:57', '2021-04-12 07:34:57'),
(1107, 5, 6, 10, 11, 5, '(૫) દસથી વીસ સુધીની સંખ્યા', NULL, 'file', '', '', '', '(5) DASTHI VIS SUDHINI SANKHYA', 'Active', 5, '2021-04-12 07:35:51', '2021-04-12 07:35:51'),
(1108, 5, 6, 10, 11, 5, '(6) સમય', NULL, 'file', '', '', '', '(6) SAMAY', 'Active', 6, '2021-04-12 07:36:29', '2021-04-12 07:36:29'),
(1109, 5, 6, 10, 11, 5, 'શિક્ષક માટેની સૂચના', NULL, 'file', '', '', '', 'SHIKSHAK MATENI SOOCHNA', 'Active', 7, '2021-04-12 07:37:04', '2021-04-12 07:37:04'),
(1110, 5, 6, 10, 11, 5, 'આકાર ભંડાર', NULL, 'file', '', '', '', 'AAKAR BHANDAR', 'Active', 8, '2021-04-12 07:37:40', '2021-04-12 07:37:40'),
(1111, 5, 6, 10, 11, 5, '(૭) માપન', NULL, 'file', '', '', '', '(7) MAPAN', 'Active', 9, '2021-04-12 07:38:58', '2021-04-12 07:38:58'),
(1112, 5, 6, 10, 11, 5, '(૮) એકવીસથી પચાસ સુધીની સંખ્યા', NULL, 'file', '', '', '', '(8) EKVISTHI PACHAS SUDHINI SANKHYA', 'Active', 10, '2021-04-12 07:40:42', '2021-04-12 07:40:42'),
(1113, 5, 6, 10, 11, 5, '(૯) માહિતીનો ઉપયોગ', NULL, 'file', '', '', '', '(9) MAHITINO UPYOG', 'Active', 11, '2021-04-12 07:41:34', '2021-04-12 07:41:34'),
(1114, 5, 6, 10, 11, 5, '(૧૦) પેટર્ન', NULL, 'file', '', '', '', '(10) PETARN', 'Active', 12, '2021-04-12 07:42:40', '2021-04-12 07:42:40'),
(1115, 5, 6, 10, 11, 5, '(૧૧) સંખ્યાઓ', NULL, 'file', '', '', '', '(11) SANKHYAO', 'Active', 13, '2021-04-12 07:43:27', '2021-04-12 07:43:27'),
(1116, 5, 6, 10, 11, 5, '(૧૨) નાણું', NULL, 'file', '', '', '', '(12) NANU', 'Active', 14, '2021-04-12 07:44:12', '2021-04-12 07:44:12'),
(1117, 5, 6, 10, 11, 5, '(૧૩) કેટલા ?', NULL, 'file', '', '', '', '(13) KETLA ?', 'Active', 15, '2021-04-12 07:44:56', '2021-04-12 07:44:56'),
(1118, 5, 6, 10, 11, 5, 'શિક્ષકો માટેની સૂચના', NULL, 'file', '', '', '', 'SHIKSHAKO MATENI SOOCHNA', 'Active', 16, '2021-04-12 07:45:40', '2021-04-12 07:45:40'),
(1119, 5, 6, 10, 11, 5, 'આકાર ભંડાર', NULL, 'file', '', '', '', 'AAKAR BHANDAR', 'Active', 17, '2021-04-12 07:46:35', '2021-04-12 07:46:35'),
(1120, 6, 13, 103, 64, 125, '(7) Glimpses of India The Trees', NULL, 'file', '', '', '', '(7) GLIMPSES OF INDIA THRE TREES', 'Deleted', 0, '2021-04-12 10:46:00', '2021-04-12 12:00:06'),
(1121, 6, 13, 103, 64, 125, '(8) Mijbil the Otter Fog', NULL, 'file', '', '', '', '(8) MILBIL THE OTTER FOG', 'Deleted', 0, '2021-04-12 10:46:56', '2021-04-12 11:59:49'),
(1122, 6, 13, 103, 64, 125, '(9) Madam Rides the Bus The Tale of Custard the Dragon', NULL, 'file', '', '', '', '(9) MADAM RIDES THE BUS THE TALE OF CUSTARD THE DRAGON', 'Deleted', 0, '2021-04-12 10:48:07', '2021-04-12 11:59:42'),
(1123, 6, 13, 103, 64, 125, '(10) The Sermon at Benares For Anne Gregory', NULL, 'file', '', '', '', '(10) THE SERMON AT BENARES FOR ANNE GREGORY', 'Deleted', 0, '2021-04-12 10:49:30', '2021-04-12 11:59:33'),
(1124, 6, 13, 103, 64, 125, '(11) The Proposal', NULL, 'file', '', '', '', '(11) THE PROPOSAL', 'Deleted', 0, '2021-04-12 10:50:12', '2021-04-12 11:59:24'),
(1125, 6, 13, 103, 63, 126, '(१) सूरदास : उधा', NULL, 'file', '', '', '', '(1) SOORDAS : UDHA', 'Active', 7, '2021-04-12 10:59:29', '2021-04-12 10:59:29'),
(1126, 6, 13, 103, 63, 126, '(२) तुलसीदास राम - लक्ष्मण - परशुराम  संवाद', NULL, 'file', '', '', '', '(2) TULASIDAS RAM - LAKSHMAN - PARSHURAM SANVAD', 'Active', 8, '2021-04-12 11:01:09', '2021-04-12 11:01:09'),
(1127, 6, 13, 103, 63, 126, '(३) देव पाँयनि नूपुर', NULL, 'file', '', '', '', '(3) DEV PAANYANI NOOPUR', 'Active', 9, '2021-04-12 11:03:30', '2021-04-12 11:03:30'),
(1128, 6, 13, 103, 63, 126, '(४) जयशंकर प्रसाद आत्मकथ्य', NULL, 'file', '', '', '', '(4) JAYSHANKAR PRASAD AATMAKATHY', 'Active', 10, '2021-04-12 11:06:33', '2021-04-12 11:06:33'),
(1129, 6, 13, 103, 63, 126, '(५) सूर्यकांत त्रिपाठी \'निराला\' उत्साह अट नहीं रही ह', NULL, 'file', '', '', '', '(5) SOORYKANT TRIPATHI \' NIRALA\' UTSAH ATA NAHI RAHI HA', 'Active', 11, '2021-04-12 11:10:07', '2021-04-12 11:10:07'),
(1130, 6, 13, 103, 63, 126, '(६) नागार्जुन यह दंतुरित मुसकान फसल', NULL, 'file', '', '', '', '(6) NAGARJUN YAH DANTURIT MUSAKAN FASAL', 'Active', 12, '2021-04-12 11:12:11', '2021-04-12 11:12:11'),
(1131, 6, 13, 103, 63, 126, '(७) गिरिजाकुमार माधुर छाया मत छूना', NULL, 'file', '', '', '', '(7) GIRIJAKUMAR MADHUR CHHAYA MAT CHHUNA', 'Active', 13, '2021-04-12 11:16:06', '2021-04-12 11:16:06'),
(1132, 6, 13, 103, 63, 126, '(८) ऋतूराज कन्यादान', NULL, 'file', '', '', '', '(8) RUTURAJ KANYADAN', 'Active', 14, '2021-04-12 11:22:05', '2021-04-12 11:22:05'),
(1133, 6, 13, 103, 63, 126, '(९) मंगलेश डबराल संगतकार', NULL, 'file', '', '', '', '(9) MANGALESH DABARAL SANGATKAR', 'Active', 15, '2021-04-12 11:22:53', '2021-04-12 11:22:53'),
(1134, 6, 13, 103, 63, 126, '(१०) स्वयं प्रकाश नेताजी का चश्मा', NULL, 'file', '', '', '', '(10) SVAYAM PRAKASH NETAJI KA CHASHMA', 'Active', 16, '2021-04-12 11:23:39', '2021-04-12 11:23:39'),
(1135, 6, 13, 103, 63, 126, '(११) रामवृक्ष बेनीपुरी बालगोबिन भगत', NULL, 'file', '', '', '', '(11) RAMVRUKSHA BENIPURI BALBOBIN BHAGAT', 'Active', 17, '2021-04-12 11:24:44', '2021-04-12 11:24:44'),
(1136, 6, 13, 103, 63, 126, '(१२) यशपाल लखनवी अंदाज', NULL, 'file', '', '', '', '(12) YASHPAL LAKHANAVI ANDAJ', 'Active', 18, '2021-04-12 11:25:25', '2021-04-12 11:25:25'),
(1137, 6, 13, 103, 63, 126, '(१३) सर्वेश्वर दयाल सक्सेना मानवीय करुणा की दिव्य चमक', NULL, 'file', '', '', '', '(13) SARVESHVAR DAYAL SAKSENA MANAVIY KARUNA KI DIVY CHAMAK', 'Active', 19, '2021-04-12 11:28:58', '2021-04-12 11:28:58'),
(1138, 6, 13, 103, 63, 126, '(१४) मन्नू भंडारी एक कहानी यह भी', NULL, 'file', '', '', '', '(14) MANNU BHANDARI EK KAHANI YAH BHI', 'Active', 20, '2021-04-12 11:30:32', '2021-04-12 11:30:32'),
(1139, 6, 13, 103, 63, 126, '(१५) महावीरप्रसाद द्विवेदी स्त्री-शिक्षा के विरोधीकुतर्को का खंडन', NULL, 'file', '', '', '', '(15) MAHAVIRPRASAD DVIVEDI STRI-SHIKSHA KE VIRODHIKUTARKO KA KHANDAN', 'Active', 21, '2021-04-12 11:36:26', '2021-04-12 11:36:26'),
(1140, 6, 13, 103, 63, 126, '(१६) यतींद्र मिश्र नौबतखाने में इबादत', NULL, 'file', '', '', '', '(16) YATEENDRA MISHRA NAUBATKHANE ME IBADAT', 'Active', 22, '2021-04-12 11:37:30', '2021-04-12 11:37:30'),
(1141, 6, 13, 103, 63, 126, '(१७) भदंत आनंद कौसल्यायन संस्कृति', NULL, 'file', '', '', '', '(17) BHADANT AANAND KAUSALYAYAN SANSKRUTI', 'Active', 23, '2021-04-12 11:38:35', '2021-04-12 11:38:35'),
(1142, 6, 13, 103, 63, 127, '(१) शुचिपर्यावरणम्', NULL, 'file', '', '', '', '(1) SHUCHIPARYAVARANAM', 'Active', 24, '2021-04-12 11:54:29', '2021-04-12 11:54:29'),
(1143, 6, 13, 103, 63, 127, '(२) बुद्धिबलवती सदा', NULL, 'file', '', '', '', '(2) BUDDHIBALVATI SADA', 'Active', 25, '2021-04-12 11:55:45', '2021-04-12 11:55:45'),
(1144, 6, 13, 103, 63, 127, '(३) व्यायाम : सर्वदा पथ्य', NULL, 'file', '', '', '', '(3) VYAYAM : SARVAD PATHYA', 'Active', 26, '2021-04-12 11:56:37', '2021-04-12 11:56:37'),
(1145, 6, 13, 103, 63, 127, '(४) शिशुलालनम्', NULL, 'file', '', '', '', '(4) SHISHULALNAM', 'Active', 27, '2021-04-12 11:57:28', '2021-04-12 11:57:28'),
(1146, 6, 13, 103, 63, 127, '(५) जननी तुल्यवत्सला', NULL, 'file', '', '', '', '(5) JANNI TOOLYAVATSALA', 'Active', 28, '2021-04-12 11:58:16', '2021-04-12 11:58:16'),
(1147, 6, 13, 103, 63, 127, '(६) सुभाषितानि', NULL, 'file', '', '', '', '(6) SUBHASHITANI', 'Active', 29, '2021-04-12 11:59:02', '2021-04-12 11:59:02'),
(1148, 6, 13, 103, 63, 127, '(७) सौहार्द प्रकृते: शोभा', NULL, 'file', '', '', '', '(7) SAUHARD PRAKRUTEH SHOBHA', 'Active', 30, '2021-04-12 12:00:00', '2021-04-12 12:00:00'),
(1149, 6, 13, 103, 63, 127, '(८) विचित्रा: साक्षी', NULL, 'file', '', '', '', '(8) VICHITRAH SAKSHI', 'Active', 31, '2021-04-12 12:00:45', '2021-04-12 12:00:45'),
(1150, 6, 13, 103, 63, 127, '(९) सूत्क्य:', NULL, 'file', '', '', '', '(9) SOOTKAYAH', 'Active', 32, '2021-04-12 12:02:50', '2021-04-12 12:02:50'),
(1151, 6, 13, 103, 63, 127, '(१०) भूकम्पविभीषिका', NULL, 'file', '', '', '', '(10) BHOOKAMPAVIBHISHIKA', 'Active', 33, '2021-04-12 12:03:44', '2021-04-12 12:03:44'),
(1152, 6, 13, 103, 63, 127, '(११) प्राणेभ्योपि प्रिय: सुहद', NULL, 'file', '', '', '', '(11) PRANEBHYOPI PRIYAH SUHAD', 'Active', 34, '2021-04-12 12:05:40', '2021-04-12 12:05:40'),
(1153, 6, 13, 103, 63, 127, '(१२) अन्योत्क्य', NULL, 'file', '', '', '', '(12) ANYOTKAY', 'Active', 35, '2021-04-12 12:06:23', '2021-04-12 12:06:23'),
(1154, 6, 13, 103, 63, 141, '(1) Real Numbers', NULL, 'file', '', '', '', '(1) REAL NUMBERS', 'Active', 1, '2021-04-12 12:07:23', '2021-04-12 12:07:23'),
(1155, 6, 13, 103, 63, 141, '(2) Polynomials', NULL, 'file', '', '', '', '(2) POLYNOMIALS', 'Active', 2, '2021-04-12 12:07:53', '2021-04-12 12:07:53'),
(1156, 6, 13, 103, 63, 141, '(3) Pair of Linear Equations in Two Variables', NULL, 'file', '', '', '', '(3) PAIR OF LINEAR EQUATIONS IN TWO VARIABLES', 'Active', 3, '2021-04-12 12:08:48', '2021-04-12 12:08:48'),
(1157, 6, 13, 103, 63, 141, '(4) Quadratic Equations', NULL, 'file', '', '', '', '(4) QUADRATIC EQUATIONS', 'Active', 4, '2021-04-12 12:10:59', '2021-04-12 12:10:59'),
(1158, 6, 13, 103, 63, 141, '(5) Arithmatic Progressions', NULL, 'file', '', '', '', '(5) ARITHMATIC PROGRESSIONS', 'Active', 5, '2021-04-12 12:11:49', '2021-04-12 12:11:49'),
(1159, 6, 13, 103, 63, 141, '(6) Triangles', NULL, 'file', '', '', '', '(6) TRIANGLES', 'Active', 6, '2021-04-12 12:12:18', '2021-04-12 12:12:18'),
(1160, 6, 13, 103, 63, 141, '(7) Coordinate Geometry', NULL, 'file', '', '', '', '(7) COORDINATE GEOMETRY', 'Active', 7, '2021-04-12 12:13:00', '2021-04-12 12:13:00'),
(1161, 6, 13, 103, 63, 141, '(8) Introduction to Trigonometry', NULL, 'file', '', '', '', '(8) INTRODUCTION TO TRIGONOMETRY', 'Active', 8, '2021-04-12 12:13:46', '2021-04-12 12:13:46'),
(1162, 6, 13, 103, 63, 141, '(9) Some Applications of Trigonometry', NULL, 'file', '', '', '', '(9) SOME APPLICATIONS OF TRIGONOMETRY', 'Active', 9, '2021-04-12 12:14:34', '2021-04-12 12:14:34'),
(1163, 6, 13, 103, 63, 141, '(10) Circles', NULL, 'file', '', '', '', '(10) CIRCLES', 'Active', 10, '2021-04-12 12:15:36', '2021-04-12 12:15:36'),
(1164, 6, 13, 103, 63, 141, '(11) Constructions', NULL, 'file', '', '', '', '(11) CONSTRUCTIONS', 'Active', 11, '2021-04-12 12:16:48', '2021-04-12 12:16:48'),
(1165, 6, 13, 103, 63, 141, '(12) Areas Related to Circles', NULL, 'file', '', '', '', '(12) AREAS RELATED TO CIRCLES', 'Active', 12, '2021-04-12 12:18:03', '2021-04-12 12:18:03'),
(1166, 6, 13, 103, 63, 141, '(13) Surface Areas and Volumes', NULL, 'file', '', '', '', '(13) SURFACE AREAS AND VOLUMES', 'Active', 13, '2021-04-12 12:18:53', '2021-04-12 12:18:53'),
(1167, 6, 13, 103, 63, 141, '(14) Statistics', NULL, 'file', '', '', '', '(14) STATISTICS', 'Active', 14, '2021-04-12 12:19:25', '2021-04-12 12:19:25'),
(1168, 6, 13, 103, 63, 141, '(15) Probability', NULL, 'file', '', '', '', '(15) PROBABILITY', 'Active', 15, '2021-04-12 12:20:19', '2021-04-12 12:20:19'),
(1169, 6, 13, 103, 63, 141, '(16) Answers', NULL, 'file', '', '', '', '(16) ANSWERS', 'Active', 16, '2021-04-12 12:20:43', '2021-04-12 12:20:43'),
(1170, 6, 13, 103, 63, 141, '(17) Proofs in Mathematics A1', NULL, 'file', NULL, NULL, '', '(17) PROOFS IN MATHEMATICS A1', 'Active', 17, '2021-04-12 12:21:22', '2021-04-12 12:25:19'),
(1171, 6, 13, 103, 63, 141, '(18) Proofs in Mathematics A2', NULL, 'file', '', '', '', '(18) PROOFS IN MATHEMATICS A2', 'Active', 18, '2021-04-12 12:24:31', '2021-04-12 12:24:31'),
(1172, 6, 13, 103, 63, 125, '(7) Glimpses of India The Trees', NULL, 'file', '', '', '', '(7) GLIMPSES OF INDIA THE TREES', 'Active', 7, '2021-04-13 03:31:25', '2021-04-13 03:31:25'),
(1173, 6, 13, 103, 63, 125, '(8) Mijbil the Otter Fog', NULL, 'file', '', '', '', '(8) MIJBIL THE OTTER FOG', 'Active', 8, '2021-04-13 03:34:38', '2021-04-13 03:34:38'),
(1174, 6, 13, 103, 63, 125, '(8) Mijbil the Otter Fog', NULL, 'file', '', '', '', '(8) MIJBIL THE OTTER FOG', 'Active', 9, '2021-04-13 03:34:39', '2021-04-13 03:34:39'),
(1175, 6, 13, 103, 63, 125, '(9) Madam Rides the Bus The Tale of Custard the Dragon', NULL, 'file', '', '', '', '(9) MADAM RIDES THE BUS THE TALE OF CUSTARD THE DRAGON', 'Active', 10, '2021-04-13 03:36:03', '2021-04-13 03:36:03'),
(1176, 6, 13, 103, 63, 125, '(10) The Sermon at Benares For Anne Gregory', NULL, 'file', '', '', '', '(10) THE SERMON AT BENARES FOR ANNE GREGORY', 'Active', 11, '2021-04-13 03:37:13', '2021-04-13 03:37:13'),
(1177, 6, 13, 103, 63, 125, '(11) The Proposal', NULL, 'file', '', '', '', 'THE PROPOSAL', 'Active', 12, '2021-04-13 03:38:03', '2021-04-13 03:38:03'),
(1178, 6, 13, 103, 63, 142, '(1) Chemical Reactions ane Equations', NULL, 'file', '', '', '', '(1) CHEMICAL REACTIONS AND EQUATIONS', 'Active', 1, '2021-04-13 03:39:31', '2021-04-13 03:39:31'),
(1179, 6, 13, 103, 63, 142, '(2) Acids, Bases and Salts', NULL, 'file', '', '', '', '(2) ACIDS, BASES AND SALTS', 'Active', 2, '2021-04-13 03:40:29', '2021-04-13 03:40:29'),
(1180, 6, 13, 103, 63, 142, '(3) Metals and Non-metals', NULL, 'file', '', '', '', '(3) METALS AND NON-METALS', 'Active', 3, '2021-04-13 03:41:16', '2021-04-13 03:41:16'),
(1181, 6, 13, 103, 63, 142, '(4) Carbon and its Compounds', NULL, 'file', '', '', '', '(4) CARBON AND ITS COMPOUNDS', 'Active', 4, '2021-04-13 03:42:09', '2021-04-13 03:42:09'),
(1182, 6, 13, 103, 63, 142, '(5) Periodic Classification of Elements', NULL, 'file', '', '', '', '(5) PERIODIC CLASSIFICATION OF ELEMENTS', 'Active', 5, '2021-04-13 03:43:14', '2021-04-13 03:43:14'),
(1183, 6, 13, 103, 63, 142, '(6) Life Processes', NULL, 'file', '', '', '', '(6) LIFE PROCESSES', 'Active', 6, '2021-04-13 03:43:52', '2021-04-13 03:43:52'),
(1184, 6, 13, 103, 63, 142, '(7) Control and Coordination', NULL, 'file', '', '', '', '(7) CONTROL AND COORDINATION', 'Active', 7, '2021-04-13 03:44:55', '2021-04-13 03:44:55'),
(1185, 6, 13, 103, 63, 142, '(8) How do Organisms Reproduce?', NULL, 'file', '', '', '', '(8) HOW DO ORGANISMS REPRODUCE?', 'Active', 8, '2021-04-13 03:46:56', '2021-04-13 03:46:56'),
(1186, 6, 13, 103, 63, 142, '(9) Heredity and Evolution', NULL, 'file', '', '', '', '(9) HEREDITY AND EVOLUTION', 'Active', 9, '2021-04-13 03:49:09', '2021-04-13 03:49:09'),
(1187, 6, 13, 103, 63, 142, '(10) Light - Reflection and Refraction', NULL, 'file', '', '', '', '(10) LIGHT - REFLECTION AND REFRACTION', 'Active', 10, '2021-04-13 03:50:50', '2021-04-13 03:50:50'),
(1188, 6, 13, 103, 63, 142, '(11) Human Eye and Colourful World', NULL, 'file', '', '', '', '(11) HUMAN EYE AND COLOURFUL WORLD', 'Active', 11, '2021-04-13 03:53:00', '2021-04-13 03:53:00'),
(1189, 6, 13, 103, 63, 142, '(12) Electricity', NULL, 'file', '', '', '', '(12) ELECTRICITY', 'Active', 12, '2021-04-13 03:53:36', '2021-04-13 03:53:36'),
(1190, 6, 13, 103, 63, 142, '(13) Magnetic Effects of Electric Current', NULL, 'file', '', '', '', '(13) MAGNETIC EFFECTS OF ELECTRIC CURRENT', 'Active', 13, '2021-04-13 03:54:36', '2021-04-13 03:54:36'),
(1191, 6, 13, 103, 63, 142, '(14) Sources of Energy', NULL, 'file', '', '', '', '(14) SOURCES OF ENERGY', 'Active', 14, '2021-04-13 03:55:17', '2021-04-13 03:55:17'),
(1192, 6, 13, 103, 63, 142, '(15) Our Environment', NULL, 'file', '', '', '', '(15) OUR ENVIRONMENT', 'Active', 15, '2021-04-13 03:55:56', '2021-04-13 03:55:56'),
(1193, 6, 13, 103, 63, 142, '(16) Management of Natural Resources', NULL, 'file', '', '', '', '(16) MANAGEMENT OF NATURAL RESOURCES', 'Active', 16, '2021-04-13 04:03:12', '2021-04-13 04:03:12'),
(1194, 6, 13, 103, 63, 142, '(17) Answers', NULL, 'file', '', '', '', '(17) ANSWERS', 'Active', 17, '2021-04-13 04:03:42', '2021-04-13 04:03:42'),
(1195, 6, 13, 103, 63, 143, '(1) Resources and Development', NULL, 'file', '', '', '', '(1) RESOURCES AND DEVELOPMENT', 'Active', 1, '2021-04-13 04:05:52', '2021-04-13 04:05:52'),
(1196, 6, 13, 103, 63, 143, '(2) Forest and Wildlife Resources', NULL, 'file', '', '', '', '(2) FOREST AND WILDLIFE RESOURCES', 'Active', 2, '2021-04-13 04:06:36', '2021-04-13 04:06:36'),
(1197, 6, 13, 103, 63, 143, '(3) Water Resources', NULL, 'file', '', '', '', '(3) WATER RESOURCES', 'Active', 3, '2021-04-13 04:07:38', '2021-04-13 04:07:38'),
(1198, 6, 13, 103, 63, 143, '(4) Agriculture', NULL, 'file', '', '', '', '(4) AGRICULTURE', 'Active', 4, '2021-04-13 04:08:24', '2021-04-13 04:08:24'),
(1199, 6, 13, 103, 63, 143, '(5) Minerals and Energy Resources', NULL, 'file', '', '', '', '(5) MINERALS AND ENERGY RESOURCES', 'Active', 5, '2021-04-13 04:09:21', '2021-04-13 04:09:21'),
(1200, 6, 13, 103, 63, 143, '(6) Manufacturing Industries', NULL, 'file', '', '', '', '(6) MANUFACTURING INDUSTRIES', 'Active', 6, '2021-04-13 04:10:14', '2021-04-13 04:10:14'),
(1201, 6, 13, 103, 63, 143, '(7) Life Lines of National Economy', NULL, 'file', '', '', '', '(7) LIFE LINES OF NATIONAL ECONOMY', 'Active', 7, '2021-04-13 04:12:07', '2021-04-13 04:12:07'),
(1202, 6, 13, 103, 63, 144, '(1) Physical Education: Relation with other Subjects', NULL, 'file', '', '', '', '(1) PHYSICAL EDUCATION: RELATION WITH OTHER SUBJECTS', 'Active', 1, '2021-04-13 04:14:24', '2021-04-13 04:14:24'),
(1203, 6, 13, 103, 63, 144, '(2) Effects of Physical Activities on Human Body', NULL, 'file', '', '', '', '(2) EFFECTS OF PHYSICAL ACTIVITIES ON HUMAN BODY', 'Active', 2, '2021-04-13 04:15:53', '2021-04-13 04:15:53'),
(1204, 6, 13, 103, 63, 144, '(3) Growth and Development during Adolescence', NULL, 'file', '', '', '', '(3) GROWTH AND DEVELOPMENT DURING ADOLESCENCE', 'Active', 3, '2021-04-13 04:17:04', '2021-04-13 04:17:04'),
(1205, 6, 13, 103, 63, 144, '(4) Individual Games and Sports I', NULL, 'file', '', '', '', '(4) INDIVIDUAL GAMES AND SPORTS I', 'Active', 4, '2021-04-13 04:17:59', '2021-04-13 04:17:59'),
(1206, 6, 13, 103, 63, 144, '(5) Individual Games and Sports II', NULL, 'file', '', '', '', '(5) INDIVIDUAL GAMES AND SPORTS II', 'Active', 5, '2021-04-13 04:19:22', '2021-04-13 04:19:22'),
(1207, 6, 13, 103, 63, 144, '(6) Team Games and Sports I', NULL, 'file', '', '', '', '(6) TEAM GAMES AND SPORTS I', 'Active', 6, '2021-04-13 04:20:15', '2021-04-13 04:20:15'),
(1208, 6, 13, 103, 63, 144, '(7) Team Games and Sports II', NULL, 'file', '', '', '', '(7) TEAM GAMES AND SPORTS II', 'Active', 7, '2021-04-13 04:21:24', '2021-04-13 04:21:24'),
(1209, 6, 13, 103, 63, 144, '(8) Yoga for Healthy Living', NULL, 'file', '', '', '', '(8) YOGA FOR HEALTHY LIVING', 'Active', 8, '2021-04-13 04:22:08', '2021-04-13 04:22:08'),
(1210, 6, 13, 103, 63, 144, '(9) Dietary Considerations and Food Quality', NULL, 'file', '', '', '', '(9) DIETARY CONSIDERATIONS AND FOOD QUALITY', 'Active', 9, '2021-04-13 04:23:24', '2021-04-13 04:23:24'),
(1211, 6, 13, 103, 63, 144, '(10) Safety Measures for Healthy Living', NULL, 'file', '', '', '', '(10) SAFETY MEASURES FOR HEALTHY LIVING', 'Active', 10, '2021-04-13 04:24:35', '2021-04-13 04:24:35'),
(1212, 6, 13, 103, 63, 144, '(11) Healthy Community Living', NULL, 'file', '', '', '', '(11) HEALTHY COMMUNITY LIVING', 'Active', 11, '2021-04-13 04:26:54', '2021-04-13 04:26:54'),
(1213, 6, 13, 103, 63, 144, '(12) Social Health', NULL, 'file', '', '', '', '(12) SOCIAL HEALTH', 'Active', 12, '2021-04-13 04:27:20', '2021-04-13 04:27:20'),
(1214, 6, 13, 103, 63, 144, '(13) Agencies and Awards Promoting Health, Sports and Yoga', NULL, 'file', '', '', '', '(13) AGENCIES AND AWARDS PROMOTING HEALTH, SPORTS AND YOGA', 'Active', 13, '2021-04-13 04:28:44', '2021-04-13 04:28:44'),
(1215, 6, 13, 102, 66, 145, '(1) The Fun They Had The Road Not Taken', NULL, 'file', '', '', '', '(1) THE FUN THEY HAD THE ROAD NOT TAKEN', 'Active', 1, '2021-04-13 05:36:59', '2021-04-13 05:36:59'),
(1216, 6, 13, 102, 66, 145, '(2) The Sound of Music Wind', NULL, 'file', '', '', '', '(2) THE SOUND OF MUSIC WIND', 'Active', 2, '2021-04-13 05:37:32', '2021-04-13 05:37:32'),
(1217, 6, 13, 102, 66, 145, '(3) The Little Girl Rain on the Root', NULL, 'file', '', '', '', '(3) THE LITTLE GIRL RAIN ON THE ROOT', 'Active', 3, '2021-04-13 05:38:13', '2021-04-13 05:38:13'),
(1218, 6, 13, 102, 66, 145, '(4) A Truly Beautiful Mind The Lake Isle of Innisfree', NULL, 'file', '', '', '', 'A TRULLY BEAUTIFUL MIND THE LAKE ISLE OF INNISFREE', 'Active', 4, '2021-04-13 05:39:20', '2021-04-13 05:39:20'),
(1219, 6, 13, 102, 66, 145, '(5) The Snake and the Mirror A Legend of the Northland', NULL, 'file', '', '', '', '(5) THE SNAKE AND THE MIRROR A LEGEND OF THE NORTHLAND', 'Active', 5, '2021-04-13 05:40:31', '2021-04-13 05:40:31'),
(1220, 6, 13, 102, 66, 145, '(6) My Childhood No Men Are Foreign', NULL, 'file', '', '', '', '(6) MY CHILDHOOD NO MEN ARE FOREIGN', 'Active', 6, '2021-04-13 05:41:55', '2021-04-13 05:41:55'),
(1221, 6, 13, 102, 66, 145, '(7) Packing The Duck and the Kangaroo', NULL, 'file', '', '', '', '(7) PACKING THE DUCK AND THE KANGAROO', 'Active', 7, '2021-04-13 05:42:41', '2021-04-13 05:42:41'),
(1222, 6, 13, 102, 66, 145, '(8) Reach for the Top On Killing a Tree', NULL, 'file', '', '', '', '(8) REACH FOR THE TOP ON KILLING A TREE', 'Active', 8, '2021-04-13 05:43:41', '2021-04-13 05:43:41'),
(1223, 6, 13, 102, 66, 145, '(9) The Bond of Love The Snake Trying', NULL, 'file', '', '', '', '(9) THE BOND OF LOVE THE SNAKE TRYING', 'Active', 9, '2021-04-13 05:44:26', '2021-04-13 05:44:26'),
(1224, 6, 13, 102, 66, 145, '(10) Kathmandu A Slumber Did My Spirit Seal', NULL, 'file', '', '', '', '(10) KATHMANDU A SLUMBER DID MY SPIRIT SEAL', 'Active', 10, '2021-04-13 05:45:23', '2021-04-13 05:45:23'),
(1225, 6, 13, 102, 66, 145, '(11) If I Were You', NULL, 'file', '', '', '', '(11) IF I WERE YOU', 'Active', 11, '2021-04-13 05:45:48', '2021-04-13 05:45:48'),
(1226, 6, 13, 102, 66, 146, '(१) बैलो की कथा - प्रेमचंद दो', NULL, 'file', '', '', '', '(1) BAILO KI KATHA - PREMCHAND DO', 'Active', 1, '2021-04-13 05:49:42', '2021-04-13 05:49:42'),
(1227, 6, 13, 102, 66, 146, '(२) ल्हासा की और - राहुल सांकृत्यायन', NULL, 'file', '', '', '', '(2) LHASA KI AUR - RAHUL SANKRUTYAYAN', 'Active', 2, '2021-04-13 05:53:46', '2021-04-13 05:53:46'),
(1228, 6, 13, 102, 66, 146, '(३) उपभोत्कावाद की संस्कृति - श्यामाचरण दुबे', NULL, 'file', '', '', '', '(3) UPBHOKTAVAD KI SANSKRUTI - SHYAMACHARAN DUBE', 'Active', 3, '2021-04-13 05:56:24', '2021-04-13 05:56:24'),
(1229, 6, 13, 102, 66, 146, '(४) साँवले सपनो की याद - जाबिर हुसैन', NULL, 'file', '', '', '', '(4) SAANVALE SAPNO KI YAD - JABIR HUSAIN', 'Active', 4, '2021-04-13 05:57:45', '2021-04-13 05:57:45'),
(1230, 6, 13, 102, 66, 146, '(५) नाना साहेब की पुत्री देवी मैना को भस्म कर दिया गया - चपला देवी', NULL, 'file', '', '', '', '(5) NANA SAHEB KI PUTRI DEVI MAINA KO BHASMA KAR DIYA - CHAPALA DEVI', 'Active', 5, '2021-04-13 06:00:59', '2021-04-13 06:00:59'),
(1231, 6, 13, 102, 66, 146, '(६) प्रेमचंद के फटे जूते - हरिशंकर परसाई', NULL, 'file', '', '', '', '(6) PREMCHAND KE FATE JOOTE - HARISHANKAR PARSAI', 'Active', 6, '2021-04-13 06:02:21', '2021-04-13 06:02:21');
INSERT INTO `units` (`id`, `board_id`, `medium_id`, `standard_id`, `semester_id`, `subject_id`, `title`, `sub_title`, `url_type`, `url`, `thumbnail`, `pages`, `description`, `status`, `order_no`, `created_at`, `updated_at`) VALUES
(1232, 6, 13, 102, 66, 146, '(७) मेरे बचपन के दिन - महादेवी वर्मा', NULL, 'file', '', '', '', '(7) MERE BACHPAN KE DIN - MAHADEVI VARMA', 'Active', 7, '2021-04-13 06:03:28', '2021-04-13 06:03:28'),
(1233, 6, 13, 102, 66, 146, '(८) एक कुता और एक मैना - हजारीप्रसाद द्विवेदी', NULL, 'file', '', '', '', '(8) EK KUTTA AUR EK MAINA - HAJARIPRASAD DVIVEDI', 'Active', 8, '2021-04-13 06:06:11', '2021-04-13 06:06:11'),
(1234, 6, 13, 102, 66, 146, '(९) साखियाँ एवं सबद - कबीर', NULL, 'file', '', '', '', '(9) SAAKHIYAN EVAM SABAD - KABEER', 'Active', 9, '2021-04-13 06:08:00', '2021-04-13 06:08:00'),
(1235, 6, 13, 102, 66, 146, '(१०) दाख - ललधद', NULL, 'file', '', '', '', '(10) DAKH - LALDHADA', 'Active', 10, '2021-04-13 06:09:07', '2021-04-13 06:09:07'),
(1236, 6, 13, 102, 66, 146, '(११) सवैये - रसखान', NULL, 'file', '', '', '', '(11) SAVAIYE - RASKHAN', 'Active', 11, '2021-04-13 06:13:23', '2021-04-13 06:13:23'),
(1237, 6, 13, 102, 66, 146, '(१२) कैदी और कोकिला - माखनलाल चतुर्वेदी', NULL, 'file', '', '', '', '(12) KAIDI AUR KOKILA - MAKHANLAL CHATURVEDI', 'Active', 12, '2021-04-13 06:15:26', '2021-04-13 06:15:26'),
(1238, 6, 13, 102, 66, 146, '(१३) ग्राम श्री - सुमित्रनंदन पंत', NULL, 'file', '', '', '', '(13) GRAM SHREE - SUMITRANANDAN PANT', 'Active', 13, '2021-04-13 06:16:26', '2021-04-13 06:16:26'),
(1239, 6, 13, 102, 66, 146, '(१४) चंद्र गहना से लौटती बेर', NULL, 'file', '', '', '', '(14) CHANDRA GAHNA SE LAUTATI BER', 'Active', 14, '2021-04-13 06:17:42', '2021-04-13 06:17:42'),
(1240, 6, 13, 102, 66, 146, '(१५) सक्सेना मेघ आए - र्वेश्वर दयाल', NULL, 'file', '', '', '', '(15) SAKSENA MEGH AAYE - VARSHEVAR DAYAL', 'Active', 15, '2021-04-13 06:20:52', '2021-04-13 06:20:52'),
(1241, 6, 13, 102, 66, 146, '(१६) यमराज की दिशा - चंद्रकांत देवताले', NULL, 'file', '', '', '', '(16) YAMRAJ KI DISHA - CHANDRAKANT DEVTALE', 'Active', 16, '2021-04-13 06:21:44', '2021-04-13 06:21:44'),
(1242, 6, 13, 102, 66, 146, '(१७) बच्चे काम पर जा रहे है - राजेश जोशी', NULL, 'file', '', '', '', '(17) BACHCHE KAM PAR JA RAHE HAI - RAJESH JOSHI', 'Active', 17, '2021-04-13 06:22:55', '2021-04-13 06:22:55'),
(1243, 6, 13, 102, 66, 147, '(१) भारतीवसन्तगीति:', NULL, 'file', '', '', '', '(1) BHARATIVASANTGEETIH', 'Active', 1, '2021-04-13 06:24:06', '2021-04-13 06:24:06'),
(1244, 6, 13, 102, 66, 147, '(२) स्वर्णकाक:', NULL, 'file', '', '', '', '(2) SVARNAKAKAH', 'Active', 2, '2021-04-13 06:24:44', '2021-04-13 06:24:44'),
(1245, 6, 13, 102, 66, 147, '(३) सोमप्रभम्', NULL, 'file', '', '', '', '(3) SOMPRABHAM', 'Active', 3, '2021-04-13 06:25:22', '2021-04-13 06:25:22'),
(1246, 6, 13, 102, 66, 147, '(४) कल्पतरु:', NULL, 'file', '', '', '', '(4) KALPATARUH', 'Active', 4, '2021-04-13 06:26:15', '2021-04-13 06:26:15'),
(1247, 6, 13, 102, 66, 147, '(५) सूत्किमौत्किकम्', NULL, 'file', '', '', '', '(5) SOOTKIMAUTKIKAM', 'Active', 5, '2021-04-13 06:27:30', '2021-04-13 06:27:30'),
(1248, 6, 13, 102, 66, 147, '(६) भ्रान्तो बाल:', NULL, 'file', '', '', '', '(6) BHRANTO BALAH', 'Active', 6, '2021-04-13 06:28:31', '2021-04-13 06:28:31'),
(1249, 6, 13, 102, 66, 147, '(७) प्रत्यभिज्ञानम्', NULL, 'file', '', '', '', '(7) PRATYABHIGNANAM', 'Active', 7, '2021-04-13 06:30:10', '2021-04-13 06:30:10'),
(1250, 6, 13, 102, 66, 147, '(८) लौह्तुला', NULL, 'file', '', '', '', '(8) LAUHTULA', 'Active', 8, '2021-04-13 06:31:12', '2021-04-13 06:31:12'),
(1251, 6, 13, 102, 66, 147, '(९) सिकतासेतु:', NULL, 'file', NULL, NULL, '', '(9) SIKTASETUH', 'Active', 9, '2021-04-13 06:31:12', '2021-04-13 06:33:25'),
(1252, 6, 13, 102, 66, 147, '(१०) जटायो: शौर्यम्', NULL, 'file', '', '', '', '(10) JATAYOH SHAURYAM', 'Active', 10, '2021-04-13 06:34:48', '2021-04-13 06:34:48'),
(1253, 6, 13, 102, 66, 147, '(११) पर्यावरणम्', NULL, 'file', '', '', '', '(11) PRYAVARANAM', 'Active', 11, '2021-04-13 06:35:31', '2021-04-13 06:35:31'),
(1254, 6, 13, 102, 66, 147, '(१२) वाघ्मन: प्राणस्वरूपम्', NULL, 'file', '', '', '', '(12) VAGHMANAH PRANSVARUPAM', 'Active', 12, '2021-04-13 06:36:42', '2021-04-13 06:36:42'),
(1255, 6, 13, 102, 66, 148, '(1) Matter In Our Surroundings', NULL, 'file', '', '', '', '(1) MATTER IN OUR SURROUNDINGS', 'Active', 1, '2021-04-13 06:40:09', '2021-04-13 06:40:09'),
(1256, 6, 13, 102, 66, 148, '(2) Is Matter Around Us Pure', NULL, 'file', '', '', '', '(2) IS MATTER AROUND US PURE', 'Active', 2, '2021-04-13 06:40:52', '2021-04-13 06:40:52'),
(1257, 6, 13, 102, 66, 148, '(3) Atoms And Molecules', NULL, 'file', '', '', '', '(3) ATOMS AND MOLECULES', 'Active', 3, '2021-04-13 06:41:35', '2021-04-13 06:41:35'),
(1258, 6, 13, 102, 66, 148, '(4) Structure Of The Atom', NULL, 'file', '', '', '', '(4) STRUCTURE OF THE ATOM', 'Active', 4, '2021-04-13 06:42:09', '2021-04-13 06:42:09'),
(1259, 6, 13, 102, 66, 148, '(5) The Fundamental Unit Of Life', NULL, 'file', '', '', '', '(5) THE FUNDAMENTAL UNIT OF LIFE', 'Active', 5, '2021-04-13 06:42:58', '2021-04-13 06:42:58'),
(1260, 6, 13, 102, 66, 148, '(6) Tissues', NULL, 'file', '', '', '', '(6) TISSUES', 'Active', 6, '2021-04-13 06:43:27', '2021-04-13 06:43:27'),
(1261, 6, 13, 102, 66, 148, '(7) Diversity In Living Organisms', NULL, 'file', '', '', '', '(7) DIVERSITY IN LIVING ORGANISMS', 'Active', 7, '2021-04-13 06:44:14', '2021-04-13 06:44:14'),
(1262, 6, 13, 102, 66, 148, '(8) Motion', NULL, 'file', '', '', '', '(8) MOTION', 'Active', 8, '2021-04-13 06:46:03', '2021-04-13 06:46:03'),
(1263, 6, 13, 102, 66, 148, '(9) Force And Laws Of Motion', NULL, 'file', '', '', '', '(9) FORCE AND LAWS OF MOTION', 'Active', 9, '2021-04-13 06:46:52', '2021-04-13 06:46:52'),
(1264, 6, 13, 102, 66, 148, '(10) Gravitation', NULL, 'file', '', '', '', '(10) GRAVITATION', 'Active', 10, '2021-04-13 06:48:12', '2021-04-13 06:48:12'),
(1265, 6, 13, 102, 66, 148, '(11) Work And Energy', NULL, 'file', '', '', '', '(11) WORK AND ENERGY', 'Active', 11, '2021-04-13 06:49:21', '2021-04-13 06:49:21'),
(1266, 6, 13, 102, 66, 148, '(12) Sound', NULL, 'file', '', '', '', '(12) SOUND', 'Active', 12, '2021-04-13 06:49:53', '2021-04-13 06:49:53'),
(1267, 6, 13, 102, 66, 148, '(13) Why Do We Fall III', NULL, 'file', '', '', '', '(13) WHY DO WE FALL III', 'Active', 13, '2021-04-13 06:51:24', '2021-04-13 06:51:24'),
(1268, 6, 13, 102, 66, 148, '(14) Natural Resources', NULL, 'file', '', '', '', '(14) NATURAL RESOURCES', 'Active', 14, '2021-04-13 06:52:57', '2021-04-13 06:52:57'),
(1269, 6, 13, 102, 66, 148, '(15) Improvement In Food Resources', NULL, 'file', '', '', '', '(15) IMPROVEMENT IN FOOD RESOURCES', 'Active', 15, '2021-04-13 06:53:51', '2021-04-13 06:53:51'),
(1270, 6, 13, 102, 66, 148, '(16) Answers', NULL, 'file', '', '', '', '(16) ANSWERS', 'Active', 16, '2021-04-13 06:54:20', '2021-04-13 06:54:20'),
(1271, 6, 13, 102, 66, 149, '(1) What is Democracy ? Why Democracy ?', NULL, 'file', '', '', '', '(1) WHAT IS DEMOCRACY ? WHY DEMOCRACY ?', 'Active', 1, '2021-04-13 06:56:17', '2021-04-13 06:56:17'),
(1272, 6, 13, 102, 66, 149, '(2) Constitutional Design', NULL, 'file', '', '', '', '(2) CONSTITUTIONAL DESIGN', 'Active', 2, '2021-04-13 06:57:04', '2021-04-13 06:57:04'),
(1273, 6, 13, 102, 66, 149, '(3) Electoral Politics', NULL, 'file', '', '', '', '(3) ELECTRORAL POLITICS', 'Active', 3, '2021-04-13 06:57:38', '2021-04-13 06:57:38'),
(1274, 6, 13, 102, 66, 149, '(4) Working of Institutions', NULL, 'file', '', '', '', '(4) WORKING OF INSTITUTIONS', 'Active', 4, '2021-04-13 06:58:16', '2021-04-13 06:58:16'),
(1275, 6, 13, 102, 66, 149, '(5) Democratic Rights', NULL, 'file', '', '', '', '(5) DEMOCRATIC RIGHTS', 'Active', 5, '2021-04-13 06:58:55', '2021-04-13 06:58:55'),
(1276, 6, 13, 102, 66, 150, '(1) Health and Diseases', NULL, 'file', '', '', '', '(1) HEALTH AND DISEASES', 'Active', 1, '2021-04-13 07:01:48', '2021-04-13 07:01:48'),
(1277, 6, 13, 102, 66, 150, '(2) Growing up with Confidence', NULL, 'file', '', '', '', '(2) GROWING UP WITH CONFIDENCE', 'Active', 2, '2021-04-13 07:02:39', '2021-04-13 07:02:39'),
(1278, 6, 13, 102, 66, 150, '(3) Physical Education', NULL, 'file', '', '', '', '(3) PHYSICAL EDUCATION', 'Active', 3, '2021-04-13 07:03:19', '2021-04-13 07:03:19'),
(1279, 6, 13, 102, 66, 150, '(4) Physical Fitness', NULL, 'file', '', '', '', '(4) PHYSICAL FITNESS', 'Active', 4, '2021-04-13 07:04:04', '2021-04-13 07:04:04'),
(1280, 6, 13, 102, 66, 150, '(5) Sports Training', NULL, 'file', '', '', '', '(5) SPORTS TRAINING', 'Active', 5, '2021-04-13 07:04:32', '2021-04-13 07:04:32'),
(1281, 6, 13, 102, 66, 150, '(6) Individual Sports', NULL, 'file', '', '', '', '(6) INDIVIDUAL SPORTS', 'Active', 6, '2021-04-13 07:05:11', '2021-04-13 07:05:11'),
(1282, 6, 13, 102, 66, 150, '(7) Team Games', NULL, 'file', '', '', '', '(7) TEAM GAMES', 'Active', 7, '2021-04-13 07:05:38', '2021-04-13 07:05:38'),
(1283, 6, 13, 102, 66, 150, '(8) Ethics in Sports', NULL, 'file', '', '', '', '(8) ETHICS IN SPORTS', 'Active', 8, '2021-04-13 07:06:16', '2021-04-13 07:06:16'),
(1284, 6, 13, 102, 66, 150, '(9) Personality Development through Yoga', NULL, 'file', '', '', '', '(9) PERSONALITY DEVELOPMENT THROUGH YOGA', 'Active', 9, '2021-04-13 07:07:20', '2021-04-13 07:07:20'),
(1285, 6, 13, 102, 66, 150, '(10) Waste Management', NULL, 'file', '', '', '', '(10) WASTE MANAGEMENT', 'Active', 10, '2021-04-13 07:07:47', '2021-04-13 07:07:47'),
(1286, 6, 13, 102, 66, 150, '(11) Diet for Healthy Living', NULL, 'file', '', '', '', '(11) DIET FOR HEALTHY LIVING', 'Active', 11, '2021-04-13 07:08:37', '2021-04-13 07:08:37'),
(1287, 6, 13, 102, 66, 150, '(12) First Aid and Safety', NULL, 'file', '', '', '', '(12) FIRST AID AND SAFETY', 'Active', 12, '2021-04-13 07:09:35', '2021-04-13 07:09:35'),
(1288, 6, 13, 102, 66, 150, '(13) Social Health', NULL, 'file', '', '', '', '(13) SOCIAL HEALTH', 'Active', 13, '2021-04-13 07:10:01', '2021-04-13 07:10:01'),
(1289, 6, 13, 102, 66, 150, '(14) Adolescent Friendly Health Services', NULL, 'file', '', '', '', 'ADOLESCENT FRIENDLY HEALTH SERVICES', 'Active', 14, '2021-04-13 07:10:46', '2021-04-13 07:10:46'),
(1290, 6, 13, 102, 66, 151, '(1) Introduction to ICT', NULL, 'file', '', '', '', '(1) INTRODUCTION TO ICT', 'Active', 1, '2021-04-13 07:13:25', '2021-04-13 07:13:25'),
(1291, 6, 13, 102, 66, 151, '(2) Creating Texual Communication', NULL, 'file', '', '', '', '(2) CREATING TEXUAL COMMUNICATION', 'Active', 2, '2021-04-13 07:15:33', '2021-04-13 07:15:33'),
(1292, 6, 13, 102, 66, 151, '(3) Creating Visual Communication', NULL, 'file', '', '', '', '(3) CREATING VISUAL COMMUNICATION', 'Active', 3, '2021-04-13 07:16:29', '2021-04-13 07:16:29'),
(1293, 6, 13, 102, 66, 151, '(4) Creating Audio-Video Communication', NULL, 'file', '', '', '', '(4) CREATING AUDIO-VIDEO COMMUNICATION', 'Active', 4, '2021-04-13 07:19:39', '2021-04-13 07:19:39'),
(1294, 6, 13, 102, 66, 151, '(5) Presenting Ideas', NULL, 'file', '', '', '', '(5) PRESENTING IDEAS', 'Active', 5, '2021-04-13 07:20:15', '2021-04-13 07:20:15'),
(1295, 6, 13, 102, 66, 151, '(6) Getting Connected: Internet', NULL, 'file', '', '', '', '(6) Getting Connected: Internet', 'Active', 6, '2021-04-13 07:21:10', '2021-04-13 07:21:10'),
(1296, 6, 13, 102, 66, 151, '(7) Safety and Security in the Cyber World', NULL, 'file', '', '', '', '(7) SAFETY AND SECURITY IN THE CYBER WORLD', 'Active', 7, '2021-04-13 07:22:22', '2021-04-13 07:22:22'),
(1297, 6, 13, 102, 66, 151, '(8) Fun with Logic', NULL, 'file', '', '', '', '(8) FUN WITH LOGIC', 'Active', 8, '2021-04-13 07:22:53', '2021-04-13 07:22:53'),
(1298, 6, 13, 102, 66, 152, '(1) Number Systems', NULL, 'file', '', '', '', '(1) NUMBER SYSTEMS', 'Active', 1, '2021-04-13 08:30:47', '2021-04-13 08:30:47'),
(1299, 6, 13, 102, 66, 152, '(2) Polynomials', NULL, 'file', '', '', '', '(2) POLYNOMIALS', 'Active', 2, '2021-04-13 08:31:17', '2021-04-13 08:31:17'),
(1300, 6, 13, 102, 66, 152, '(3) Coordinate Geometry', NULL, 'file', '', '', '', '(3) COORDINATE GEOMETRY', 'Active', 3, '2021-04-13 08:31:44', '2021-04-13 08:31:44'),
(1301, 6, 13, 102, 66, 152, '(4) Linear Equations in Two Variables', NULL, 'file', '', '', '', '(4) LINEAR EQUATIONS IN TWO VARIABLES', 'Active', 4, '2021-04-13 08:32:31', '2021-04-13 08:32:31'),
(1302, 6, 13, 102, 66, 152, '(5) Introduction to Euclid\'s Geometry', NULL, 'file', '', '', '', '(5) INTRODUCTION TO EUCLID\'S GEOMETRY', 'Active', 5, '2021-04-13 08:33:10', '2021-04-13 08:33:10'),
(1303, 6, 13, 102, 66, 152, '(6) Lines and Angles', NULL, 'file', '', '', '', '(6) LINES AND ANGLES', 'Active', 6, '2021-04-13 08:34:30', '2021-04-13 08:34:30'),
(1304, 6, 13, 102, 66, 152, '(7) Triangles', NULL, 'file', '', '', '', '(7) TRIANGLES', 'Active', 7, '2021-04-13 08:34:55', '2021-04-13 08:34:55'),
(1305, 6, 13, 102, 66, 152, '(8) Quadrilaterals', NULL, 'file', '', '', '', '(8) QUADRILATERALS', 'Active', 8, '2021-04-13 08:37:59', '2021-04-13 08:37:59'),
(1306, 6, 13, 102, 66, 152, '(9) Areas of Parallelograms and Triangles', NULL, 'file', '', '', '', '(9) AREAS OF PARALLELOGRAMS AND TRIANGLES', 'Active', 9, '2021-04-13 08:38:57', '2021-04-13 08:38:57'),
(1307, 6, 13, 102, 66, 152, '(10) Circles', NULL, 'file', '', '', '', '(10) CIRCLES', 'Active', 10, '2021-04-13 08:39:21', '2021-04-13 08:39:21'),
(1308, 6, 13, 102, 66, 152, '(11) Constructions', NULL, 'file', '', '', '', '(11) CONSTRUCTIONS', 'Active', 11, '2021-04-13 08:40:04', '2021-04-13 08:40:04'),
(1309, 6, 13, 102, 66, 152, '(12) Heron\'s Formula', NULL, 'file', '', '', '', '(12) HERON\'S FORMULA', 'Active', 12, '2021-04-13 08:40:54', '2021-04-13 08:40:54'),
(1310, 6, 13, 102, 66, 152, '(13) Surface Areas and Volumes', NULL, 'file', '', '', '', '(13) SURFACE AREAS AND VOLUMES', 'Active', 13, '2021-04-13 08:41:46', '2021-04-13 08:41:46'),
(1311, 6, 13, 102, 66, 152, '(14) Statistics', NULL, 'file', '', '', '', '(14) STATISTICS', 'Active', 14, '2021-04-13 08:42:31', '2021-04-13 08:42:31'),
(1312, 6, 13, 102, 66, 152, '(15) Probability', NULL, 'file', '', '', '', '(15) PROBABILITY', 'Active', 15, '2021-04-13 08:43:02', '2021-04-13 08:43:02'),
(1313, 6, 13, 102, 66, 152, '(16) Answers', NULL, 'file', '', '', '', '(16) ANSWERS', 'Active', 16, '2021-04-13 08:43:47', '2021-04-13 08:43:47'),
(1314, 6, 13, 102, 66, 152, '(17) Appendix 1', NULL, 'file', '', '', '', '(17) APPENDIX 1', 'Active', 17, '2021-04-13 08:44:19', '2021-04-13 08:44:19'),
(1315, 6, 13, 102, 66, 152, '(18) Appendix 2', NULL, 'file', '', '', '', '(18) APPENDIX 2', 'Active', 18, '2021-04-13 08:44:50', '2021-04-13 08:44:50'),
(1316, 6, 13, 101, 67, 153, '(1) The Best Christmas Present in the World The Ant and the Cricket', NULL, 'file', '', '', '', '(1) THE BEST CHRISTMAS PRESENT IN THE WORLD THE ANT AND THE CRICKET', 'Active', 1, '2021-04-13 08:56:47', '2021-04-13 08:56:47'),
(1317, 6, 13, 101, 67, 153, '(2) The Tsunami Geography Lesson', NULL, 'file', '', '', '', '(2) THE TSUNAMI GEOGRAPHY LESSON', 'Active', 2, '2021-04-13 08:57:27', '2021-04-13 08:57:27'),
(1318, 6, 13, 101, 67, 153, '(3) Glimpses of the Past Macravity : The Mystery Cat', NULL, 'file', '', '', '', '(3) GLIMPSES OF THE PAST MACAVITY : THE MYSTERY CAT', 'Active', 3, '2021-04-13 08:58:32', '2021-04-13 08:58:32'),
(1319, 6, 13, 101, 67, 153, '(4) Bepin Choudhury\'s Lapse of Memory The Last Bargain', NULL, 'file', '', '', '', '(4) BEPIN CHOUDHURY\'S LAPSE OF MEMORY THE LAST BARGAIN', 'Active', 4, '2021-04-13 08:59:40', '2021-04-13 08:59:40'),
(1320, 6, 13, 101, 67, 153, '(5) The Summit Within The School Boy', NULL, 'file', '', '', '', 'THE SUMMIT WITHIN THE SCHOOL BOY', 'Active', 5, '2021-04-13 09:00:21', '2021-04-13 09:00:21'),
(1321, 6, 13, 101, 67, 153, '(6) This is Jody\'s Fawn', NULL, 'file', '', '', '', '(6) THIS IS JODY\'S FAWN', 'Active', 6, '2021-04-13 09:00:54', '2021-04-13 09:00:54'),
(1322, 6, 13, 101, 67, 153, '(7) A Visit to Cambridge When I set out for Lyonnesse', NULL, 'file', '', '', '', '(7) A VISIT TO CAMBRIDGE WHEN I SET OUT FOR LYONNESSE', 'Active', 7, '2021-04-13 09:02:13', '2021-04-13 09:02:13'),
(1323, 6, 13, 101, 67, 153, '(8) A Short Monsoon Diary On the Grasshopper and Cricket', NULL, 'file', '', '', '', '(8) A SHORT MONSOON DIARY ON THE GRASSHOPPER AND CRICKET', 'Active', 8, '2021-04-13 09:03:23', '2021-04-13 09:03:23'),
(1324, 6, 13, 101, 67, 153, '(9) The Great Stone Face - I', NULL, 'file', '', '', '', '(9) THE GREAT STONE FACE - I', 'Active', 9, '2021-04-13 09:04:15', '2021-04-13 09:04:15'),
(1325, 6, 13, 101, 67, 153, '(10) The Great Stone Face - II', NULL, 'file', '', '', '', '(10) THE GREAT STONE FACE - II', 'Active', 10, '2021-04-13 09:05:33', '2021-04-13 09:05:33'),
(1326, 6, 13, 101, 67, 154, '(१) ध्वनि (कविता) - सूर्यकांत त्रिपाठी \'निराला\'', NULL, 'file', '', '', '', '(1) DHVANI (KAVITA) - SOORYAKANT TRIPATHI \'NIRALA\'', 'Active', 1, '2021-04-13 09:11:34', '2021-04-13 09:11:34'),
(1327, 6, 13, 101, 67, 154, '(२) लाख की चूडिया (कहानी) - कामतानाथ', NULL, 'file', '', '', '', '(2) LAKH KI CHOODIYA (KAHANI) - KAMTANATH', 'Active', 2, '2021-04-13 09:12:59', '2021-04-13 09:12:59'),
(1328, 6, 13, 101, 67, 154, '(३) बस की यात्रा (व्यंग्य) - हरिशंकर परसाई', NULL, 'file', '', '', '', '(3) BAS KI YATRA (VYANGYA) - HARISHANKAR PARSAI', 'Active', 3, '2021-04-13 09:15:15', '2021-04-13 09:15:15'),
(1329, 6, 13, 101, 67, 154, '(४) दीवानों की हस्ती (कविता) - भगवतीचरण वर्मा', NULL, 'file', NULL, NULL, '', '(4) DIVANO KI HASTI (KAVITA) - BHAGAVATICHARAN VARMA', 'Active', 4, '2021-04-13 09:15:15', '2021-04-13 09:16:56'),
(1330, 6, 13, 101, 67, 154, '(५) चिटीयां की अनूठी दुनिया (निबंध) - अरविंद कुमार सिंह चिटीयां (कविता', NULL, 'file', '', '', '', '(5) CHITEEYAN KI ANOOTHI DUNIYA (NIBANDHA) - ARVINDA KUMAR SINH CHITEEYAN (KAVITA', 'Active', 5, '2021-04-13 09:19:44', '2021-04-13 09:19:44'),
(1331, 6, 13, 101, 67, 154, '(६) भगवान के डाकिए (कविता) - रामधारी सिंह \' दिनकर \'', NULL, 'file', '', '', '', '(6) BHAGAVAN KE DAKIYE (KAVITA) - RAMDHARI SINH \' DINKAR \'', 'Active', 6, '2021-04-13 09:21:10', '2021-04-13 09:21:10'),
(1332, 6, 13, 101, 67, 154, '(७) क्या निराश हुआ जाए (निबंध) - हजारी प्रसाद द्विवेदी', NULL, 'file', '', '', '', '(7) KYA NIRASH HUAA (NIBANDH) - HAJARI PRASAD DVIVEDI', 'Active', 7, '2021-04-13 09:23:22', '2021-04-13 09:23:22'),
(1333, 6, 13, 101, 67, 154, '(८) यह सबसे कठिन समय नहीं (कविता) - जया जादवानी पहाड़ से ऊँचा आदमी (जीवनी)', NULL, 'file', '', '', '', '(8) YAH SABSE KATHIN SAMAY NAHI (KAVITA) - JAYA BHADVANI PAHAD SE UNCHA AADMI (JIVNI)', 'Active', 8, '2021-04-13 09:27:05', '2021-04-13 09:27:05'),
(1334, 6, 13, 101, 67, 154, '(९) कबीर की सखियाँ - कबीर', NULL, 'file', '', '', '', '(9) KABIR KI SAKHIYA - KABIR', 'Active', 9, '2021-04-13 09:28:33', '2021-04-13 09:28:33'),
(1335, 6, 13, 101, 67, 154, '(१०) कामचोर (कहानी) - इस्मत चुगताई', NULL, 'file', '', '', '', '(10) KAMCHOR (KAHANI) - ISMAT CHUGTAI', 'Active', 10, '2021-04-13 09:30:08', '2021-04-13 09:30:08'),
(1336, 6, 13, 101, 67, 154, '(११) जब सिनेमा ने बोलना सीखा - प्रदीप तिवारी', NULL, 'file', '', '', '', '(11) JAB SINEMA NE BOLANA SEEKHA - PRADEEP TIVARI', 'Active', 11, '2021-04-13 09:31:21', '2021-04-13 09:31:21'),
(1337, 6, 13, 101, 67, 154, '(१२) सुदामा चरित (कविता)', NULL, 'file', '', '', '', '(12) SUDAMA CHARIT (KAVITA)', 'Active', 12, '2021-04-13 09:32:05', '2021-04-13 09:32:05'),
(1338, 6, 13, 101, 67, 154, '(१३) जहाँ पहिया है (रिपोतार्ज) - पी. साईनाथ  (अनु.) पिता के बाद (कविता) - मुत्का', NULL, 'file', '', '', '', '(13) JAHA PAHIYA HAI (RIPOTARJA) - P. SAINATH (ANU.) PITA KE BAD (KAVITA) - MUKTA', 'Active', 13, '2021-04-13 09:34:36', '2021-04-13 09:34:36'),
(1339, 6, 13, 101, 67, 154, '(१४) अकबरी लोटा (कहानी) - अन्नपूर्णा नंद वर्मा', NULL, 'file', '', '', '', '(14) AKABARI LOTA (KAHANI) - ANNPOORNANAND VARMA', 'Active', 14, '2021-04-13 09:35:49', '2021-04-13 09:35:49'),
(1340, 6, 13, 101, 67, 154, '(१५) सूर के पद (कविता) - सूरदास', NULL, 'file', '', '', '', '(15) SOOR KE PAD (KAVITA) - SOORDAS', 'Active', 15, '2021-04-13 09:36:54', '2021-04-13 09:36:54'),
(1341, 6, 13, 101, 67, 154, '(१६) पानी की कहानी (निबंध) - रामचंद्र तिवारी हम पृथ्वी की संतान (आलेख)', NULL, 'file', '', '', '', '(16) PANI KI KAHANI (NIBANDH) - RAMCHANDRA TIVARI  HAM PRUTHVI KI SANTAN (AALEKH)', 'Active', 16, '2021-04-13 09:38:56', '2021-04-13 09:38:56'),
(1342, 6, 13, 101, 67, 154, '(१७) बाज और साँप (कहानी) - निर्मल वर्गा', NULL, 'file', '', '', '', '(17) BAJ AUR SANP (KAHANI) - NIRMAL VARGA', 'Active', 17, '2021-04-13 09:40:10', '2021-04-13 09:40:10'),
(1343, 6, 13, 101, 67, 154, '(१८) टोपी (कहानी) - सृंजय', NULL, 'file', '', '', '', '(18) TOPI (KAHANI) - SRUNJAY', 'Active', 18, '2021-04-13 09:41:28', '2021-04-13 09:41:28'),
(1344, 6, 13, 101, 67, 154, '(१९) शब्दकोश', NULL, 'file', NULL, NULL, '', '(19) SHABDAKOSH', 'Active', 19, '2021-04-13 09:41:28', '2021-04-13 09:42:31'),
(1345, 6, 13, 101, 67, 155, '(१) सुभाषितानि', NULL, 'file', '', '', '', '(1) SUBHASHITANI', 'Active', 1, '2021-04-13 09:43:41', '2021-04-13 09:43:41'),
(1346, 6, 13, 101, 67, 155, '(२) बिल्स्य वाणी न कदापि में श्रुता', NULL, 'file', '', '', '', '(2) BILASYA VANI N KADAPI MAIN SHRUTA', 'Active', 2, '2021-04-13 09:44:34', '2021-04-13 09:44:34'),
(1347, 6, 13, 101, 67, 155, '(३) डीजीभारतम्', NULL, 'file', '', '', '', '(3) DIJEEBHARATAM', 'Active', 3, '2021-04-13 09:45:12', '2021-04-13 09:45:12'),
(1348, 6, 13, 101, 67, 155, '(४) सदैवपुरतो निधेहि चरणम्', NULL, 'file', '', '', '', '(4) SADAIVPURTO NIDHEHI CHARANAM', 'Active', 4, '2021-04-13 09:46:15', '2021-04-13 09:46:15'),
(1349, 6, 13, 101, 67, 155, '(५) कण्टकेनैव कण्टकम', NULL, 'file', '', '', '', '(5) KANTKENAIV KANTKAM', 'Active', 5, '2021-04-13 09:49:12', '2021-04-13 09:49:12'),
(1350, 6, 13, 101, 67, 155, '(६) गृहं शून्यं सुतां विना', NULL, 'file', '', '', '', '(6) GRUHAM SHOONYAM SUTAM VINA', 'Active', 6, '2021-04-13 09:51:30', '2021-04-13 09:51:30'),
(1351, 6, 13, 101, 67, 155, '(७) भारतजनताडहम्', NULL, 'file', '', '', '', '(7) BHARATJANTADHAM', 'Active', 7, '2021-04-13 09:52:32', '2021-04-13 09:52:32'),
(1352, 6, 13, 101, 67, 155, '(८) संसारसागरस्य नायका:', NULL, 'file', '', '', '', '(8) SANSARSAGARSYA NAYKAH', 'Active', 8, '2021-04-13 09:53:29', '2021-04-13 09:53:29'),
(1353, 6, 13, 101, 67, 155, '(९) सप्तभगिन्य:', NULL, 'file', '', '', '', '(9) SAPTABHAGINYAH', 'Active', 9, '2021-04-13 09:55:09', '2021-04-13 09:55:09'),
(1354, 6, 13, 101, 67, 155, '(१०) नीति नवनीतम्', NULL, 'file', '', '', '', '(10) NEETI NAVNEETAM', 'Active', 10, '2021-04-13 09:55:44', '2021-04-13 09:55:44'),
(1355, 6, 13, 101, 67, 155, '(११) सावित्रा बाई पुफल', NULL, 'file', '', '', '', '(11) SAVITRA BAI PUFAL', 'Active', 11, '2021-04-13 09:57:08', '2021-04-13 09:57:08'),
(1356, 6, 13, 101, 67, 155, '(१२) क: रक्षति क: रक्षित:', NULL, 'file', '', '', '', '(12) KAH RAKSHATI KAH RAKSHITAH', 'Active', 12, '2021-04-13 09:58:04', '2021-04-13 09:58:04'),
(1357, 6, 13, 101, 67, 155, '(१३) क्षितौ राजते भारतस्वर्णभूमि:', NULL, 'file', '', '', '', '(13) KSHITAU RAJTE BHARATSVARNABHOOMIAH', 'Active', 13, '2021-04-13 09:59:18', '2021-04-13 09:59:18'),
(1358, 6, 13, 101, 67, 155, '(१४) आर्यभट:', NULL, 'file', '', '', '', '(14) AARYBHATAH', 'Active', 14, '2021-04-13 09:59:52', '2021-04-13 09:59:52'),
(1359, 6, 13, 101, 67, 155, '(१५) प्रहेलिका:', NULL, 'file', '', '', '', '(15) PRAHELIKAH', 'Active', 15, '2021-04-13 10:00:31', '2021-04-13 10:00:31'),
(1360, 6, 13, 101, 67, 155, '(१६) परिशिष्टम्', NULL, 'file', '', '', '', '(16) PARISHISHTAM', 'Active', 16, '2021-04-13 10:01:06', '2021-04-13 10:01:06'),
(1361, 6, 13, 101, 67, 156, '(1) Rational Numbers', NULL, 'file', '', '', '', '(1) RATIONAL NUMBERS', 'Active', 1, '2021-04-13 10:04:54', '2021-04-13 10:04:54'),
(1362, 6, 13, 101, 67, 156, '(2) Linear Equations in One Variable', NULL, 'file', '', '', '', '(2) LINEAR EQUATIONS IN ONE VARIABLE', 'Active', 2, '2021-04-13 10:06:19', '2021-04-13 10:06:19'),
(1363, 6, 13, 101, 67, 156, '(3) Understanding Quadrilaterals', NULL, 'file', '', '', '', '(3) UNDERSTANDING QUADRILATERALS', 'Active', 3, '2021-04-13 10:07:44', '2021-04-13 10:07:44'),
(1364, 6, 13, 101, 67, 156, '(4) Practical Geometry', NULL, 'file', '', '', '', '(4) PRACTICAL GEOMETRY', 'Active', 4, '2021-04-13 10:08:20', '2021-04-13 10:08:20'),
(1365, 6, 13, 101, 67, 156, '(5) Data Handling', NULL, 'file', '', '', '', '(5) DATA HANDLING', 'Active', 5, '2021-04-13 10:09:02', '2021-04-13 10:09:02'),
(1366, 6, 13, 101, 67, 156, '(6) Squares and Square Roots', NULL, 'file', '', '', '', '(6) SQUARES AND SQUARE ROOTS', 'Active', 6, '2021-04-13 10:09:43', '2021-04-13 10:09:43'),
(1367, 6, 13, 101, 67, 156, '(7) Cubes and Cube Roots', NULL, 'file', '', '', '', '(7) CUBES AND CUBE ROOTS', 'Active', 7, '2021-04-13 10:10:34', '2021-04-13 10:10:34'),
(1368, 6, 13, 101, 67, 156, '(8) Comparing Quantities', NULL, 'file', '', '', '', '(8) COMPARING QUANTITIES', 'Active', 8, '2021-04-13 10:11:06', '2021-04-13 10:11:06'),
(1369, 6, 13, 101, 67, 156, '(9) Algebraic Expressions and Identities', NULL, 'file', '', '', '', '(9) ALGEBRAIC EXPRESSIONS AND IDENTITIES', 'Active', 9, '2021-04-13 10:12:14', '2021-04-13 10:12:14'),
(1370, 6, 13, 101, 67, 156, '(10) Visualising Solid Shapes', NULL, 'file', '', '', '', '(10) VISUALISING SOLID SHAPES', 'Active', 10, '2021-04-13 10:13:50', '2021-04-13 10:13:50'),
(1371, 6, 13, 101, 67, 156, '(11) Mensuration', NULL, 'file', '', '', '', '(11) MENSURATION', 'Active', 11, '2021-04-13 10:14:14', '2021-04-13 10:14:14'),
(1372, 6, 13, 101, 67, 156, '(12) Exponents and Powers', NULL, 'file', '', '', '', '(12) EXPONENTS AND POWERS', 'Active', 12, '2021-04-13 10:14:53', '2021-04-13 10:14:53'),
(1373, 6, 13, 101, 67, 156, '(13) Direct and Inverse Proportions', NULL, 'file', '', '', '', '(13) DIRECT AND INVERSE PROPORTIONS', 'Active', 13, '2021-04-13 10:15:48', '2021-04-13 10:15:48'),
(1374, 6, 13, 101, 67, 156, '(14) Factorisation', NULL, 'file', '', '', '', '(14) FACTORISATION', 'Active', 14, '2021-04-13 10:16:18', '2021-04-13 10:16:18'),
(1375, 6, 13, 101, 67, 156, '(15) Introduction to Graphs', NULL, 'file', '', '', '', '(15) INTRODUCTION TO GRAPHS', 'Active', 15, '2021-04-13 10:17:47', '2021-04-13 10:17:47'),
(1376, 6, 13, 101, 67, 156, '(16) Playing with Numbers', NULL, 'file', '', '', '', '(16) PLAYING WITH NUMBERS', 'Active', 16, '2021-04-13 10:19:37', '2021-04-13 10:19:37'),
(1377, 6, 13, 101, 67, 156, '(17) Answers', NULL, 'file', '', '', '', '(17) ANSWERS', 'Active', 17, '2021-04-13 10:20:03', '2021-04-13 10:20:03'),
(1378, 6, 13, 101, 67, 157, '(1) Crop Production And Management', NULL, 'file', '', '', '', '(1) CROP PRODUCTION AND MANAGEMENT', 'Active', 1, '2021-04-13 10:22:08', '2021-04-13 10:22:08'),
(1379, 6, 13, 101, 67, 157, '(2) Microorganisms : Friend And Foe', NULL, 'file', '', '', '', '(2) MICROORGANISMS : FRIEND AND FOE', 'Active', 2, '2021-04-13 10:22:59', '2021-04-13 10:22:59'),
(1380, 6, 13, 101, 67, 157, '(3) Synthetic Fibres And Plastic', NULL, 'file', '', '', '', '(3) SYNTHETIC FIBRES AND PLASTIC', 'Active', 3, '2021-04-13 10:23:40', '2021-04-13 10:23:40'),
(1381, 6, 13, 101, 67, 157, '(4) Materials : Metals And Non-metals', NULL, 'file', '', '', '', '(4) MATERIALS : METALS AND NON-METALS', 'Active', 4, '2021-04-13 10:26:07', '2021-04-13 10:26:07'),
(1382, 6, 13, 101, 67, 157, '(5) Coal And Petroleum', NULL, 'file', '', '', '', '(5) COAL AND PETROLEUM', 'Active', 5, '2021-04-13 10:26:48', '2021-04-13 10:26:48'),
(1383, 6, 13, 101, 67, 157, '(6) Combustion And Flame', NULL, 'file', '', '', '', '(6) COMBUSTION AND FLAME', 'Active', 6, '2021-04-13 10:28:17', '2021-04-13 10:28:17'),
(1384, 6, 13, 101, 67, 157, '(7) Conversation Of Plants And Animals', NULL, 'file', '', '', '', '(7) CONVERSATION OF PLANTS AND ANIMALS', 'Active', 7, '2021-04-13 10:29:02', '2021-04-13 10:29:02'),
(1385, 6, 13, 101, 67, 157, '(8) Cell - Structure And Functions', NULL, 'file', '', '', '', '(8) CELL - STRUCTURE AND FUNCTION', 'Active', 8, '2021-04-13 10:29:41', '2021-04-13 10:29:41'),
(1386, 6, 13, 101, 67, 157, '(9) Reproduction in Animals', NULL, 'file', '', '', '', '(9) REPRODUCTION IN ANIMALS', 'Active', 9, '2021-04-13 10:30:19', '2021-04-13 10:30:19'),
(1387, 6, 13, 101, 67, 157, '(10) Reaching The Age Of Adolescence', NULL, 'file', '', '', '', '(10) REACHING THE AGE OF ADOLESCENCE', 'Active', 10, '2021-04-13 10:31:00', '2021-04-13 10:31:00'),
(1388, 6, 13, 101, 67, 157, '(11) Force And Pressure', NULL, 'file', '', '', '', '(11) FORCE AND PRESSURE', 'Active', 11, '2021-04-13 10:31:32', '2021-04-13 10:31:32'),
(1389, 6, 13, 101, 67, 157, '(12) Friction', NULL, 'file', '', '', '', '(12) FRICTION', 'Active', 12, '2021-04-13 10:31:52', '2021-04-13 10:31:52'),
(1390, 6, 13, 101, 67, 157, '(13) Sound', NULL, 'file', '', '', '', '(13) SOUND', 'Active', 13, '2021-04-13 10:34:11', '2021-04-13 10:34:11'),
(1391, 6, 13, 101, 67, 157, '(14) Chemical Effects Of Electric Current', NULL, 'file', '', '', '', '(14) CHEMICAL EFFECTS OF ELECTRIC CURRENT', 'Active', 14, '2021-04-13 10:35:04', '2021-04-13 10:35:04'),
(1392, 6, 13, 101, 67, 157, '(15) Some Natural Phenomena', NULL, 'file', '', '', '', '(15) SOME NATURAL PHENOMENA', 'Active', 15, '2021-04-13 10:35:41', '2021-04-13 10:35:41'),
(1393, 6, 13, 101, 67, 157, '(16) Light', NULL, 'file', '', '', '', '(16) LIGHT', 'Active', 16, '2021-04-13 10:36:04', '2021-04-13 10:36:04'),
(1394, 6, 13, 101, 67, 157, '(17) Stars And The Solar System', NULL, 'file', '', '', '', '(17) STARS AND THE SOLAR SYSTEM', 'Active', 17, '2021-04-13 10:36:50', '2021-04-13 10:36:50'),
(1395, 6, 13, 101, 67, 157, '(18) Pollution Air and Water', NULL, 'file', '', '', '', '(18) POLLUTION AIR AND WATER', 'Active', 18, '2021-04-13 10:37:32', '2021-04-13 10:37:32'),
(1396, 6, 13, 101, 67, 157, '(19) Index', NULL, 'file', '', '', '', '(19) INDEX', 'Active', 19, '2021-04-13 10:37:55', '2021-04-13 10:37:55'),
(1397, 6, 13, 101, 67, 158, '(1) Resources', NULL, 'file', '', '', '', '(1) RESOURCES', 'Active', 1, '2021-04-13 10:40:03', '2021-04-13 10:40:03'),
(1398, 6, 13, 101, 67, 158, '(2) Land, Soil, Water, Natural Vegetation and Wildlife Resources', NULL, 'file', '', '', '', 'LAND, SOIL, WATER, NATURAL VEGETATION AND WILDLIFE RESOURCES', 'Active', 2, '2021-04-13 10:42:54', '2021-04-13 10:42:54'),
(1399, 6, 13, 101, 67, 158, '(3) Mineral and Power Resources', NULL, 'file', '', '', '', '(3) MINERAL AND POWER RESOURCES', 'Active', 3, '2021-04-13 10:44:30', '2021-04-13 10:44:30'),
(1400, 6, 13, 101, 67, 158, '(4) Agriculture', NULL, 'file', '', '', '', '(4) AGRICULTURE', 'Active', 4, '2021-04-13 10:44:52', '2021-04-13 10:44:52'),
(1401, 6, 13, 101, 67, 158, '(5) Industries', NULL, 'file', '', '', '', '(5) INDUSTRIES', 'Active', 5, '2021-04-13 10:45:18', '2021-04-13 10:45:18'),
(1402, 6, 13, 101, 67, 158, '(6) Human Resources', NULL, 'file', '', '', '', '(6) HUMAN RESOURCES', 'Active', 6, '2021-04-13 10:45:44', '2021-04-13 10:45:44'),
(1403, 6, 13, 100, 68, 159, '(1) Three Questions The Squirrel', NULL, 'file', '', '', '', '(1) THREE QUESTIONS THE SQUIRREL', 'Active', 1, '2021-04-13 10:59:11', '2021-04-13 10:59:11'),
(1404, 6, 13, 100, 68, 159, '(2) A Gift of Chappal The Rebel The Kite', NULL, 'file', '', '', '', '(2) A GIFT OF CHAPPAL THE REBEL THE KITE', 'Active', 2, '2021-04-13 11:00:14', '2021-04-13 11:00:14'),
(1405, 6, 13, 100, 68, 159, '(3) Gopal and the Hilsa Fish The Shed', NULL, 'file', '', '', '', '(3) GOPAL AND THE HILSA FISH THE SHED', 'Active', 3, '2021-04-13 11:01:01', '2021-04-13 11:01:01'),
(1406, 6, 13, 100, 68, 159, '(4) The Ashes That Made Trees Bloom Chivvy Beauty', NULL, 'file', '', '', '', '(4) THE ASHES THAT MADE TREES BLOOM CHIVVY BEAUTY', 'Active', 4, '2021-04-13 11:02:42', '2021-04-13 11:02:42'),
(1407, 6, 13, 100, 68, 159, '(5) Quality Trees?', NULL, 'file', '', '', '', '(5) QUALITY TREES?', 'Active', 5, '2021-04-13 11:03:15', '2021-04-13 11:03:15'),
(1408, 6, 13, 100, 68, 159, '(6) Expert Detective Mystery of the Talking Fan', NULL, 'file', '', '', '', '(6) EXPERT DETECTIVE MYSTERY OF THE TALKING FAN', 'Active', 6, '2021-04-13 11:04:20', '2021-04-13 11:04:20'),
(1409, 6, 13, 100, 68, 159, '(8) Fire : Friend and Foe Meadow Surprises.', NULL, 'file', '', '', '', '(8) FIRE : FRIEND AND FOE MEADOW SURPRISES.', 'Active', 7, '2021-04-13 11:05:22', '2021-04-13 11:05:22'),
(1410, 6, 13, 100, 68, 159, '(9) A Bicycle in Good Repair Garden Snake', NULL, 'file', '', '', '', '(9) A BICYCLE IN GOOD REPAIR GARDEN SNAKE', 'Active', 8, '2021-04-13 11:06:07', '2021-04-13 11:06:07'),
(1411, 6, 13, 100, 68, 159, '(10) The Story of Cricket', NULL, 'file', '', '', '', '(10) THE STORY OF CRICKET', 'Active', 9, '2021-04-13 11:06:37', '2021-04-13 11:06:37'),
(1412, 6, 13, 100, 68, 160, '(१) हम पंछी उनमुत्क गगन के', NULL, 'file', '', '', '', '(1) HAM PANCHHI UNAMUTKA GAGAN KE', 'Active', 1, '2021-04-13 11:09:43', '2021-04-13 11:09:43'),
(1413, 6, 13, 100, 68, 160, '(२) दादी माँ', NULL, 'file', '', '', '', '(2) DADI MAA', 'Active', 2, '2021-04-13 11:10:06', '2021-04-13 11:10:06'),
(1414, 6, 13, 100, 68, 160, '(३) हिमालय की बेटियाँ', NULL, 'file', '', '', '', '(3) HIMALAYA KI BETIYAN', 'Active', 3, '2021-04-13 11:11:32', '2021-04-13 11:11:32'),
(1415, 6, 13, 100, 68, 160, '(४) कठपुतली', NULL, 'file', '', '', '', '(4) KATHPUTALI', 'Active', 4, '2021-04-13 11:12:08', '2021-04-13 11:12:08'),
(1416, 6, 13, 100, 68, 160, '(५) मिठाईवाला', NULL, 'file', '', '', '', '(5) MITHAIVALA', 'Active', 5, '2021-04-13 11:12:46', '2021-04-13 11:12:46'),
(1417, 6, 13, 100, 68, 160, '(६) रत्क और हमारा शरीर', NULL, 'file', '', '', '', '(6) RAKTA AUR HAMARA SHARIR', 'Active', 6, '2021-04-13 11:14:22', '2021-04-13 11:14:22'),
(1418, 6, 13, 100, 68, 160, '(७) पापा खो गए नाटक', NULL, 'file', '', '', '', '(7) PAPA KHO GAYE NATAK', 'Active', 7, '2021-04-13 11:14:58', '2021-04-13 11:14:58'),
(1419, 6, 13, 100, 68, 160, '(८) शाम - एक किसान', NULL, 'file', '', '', '', '(8) SHAM - EK KISAN', 'Active', 8, '2021-04-13 11:15:29', '2021-04-13 11:15:29'),
(1420, 6, 13, 100, 68, 160, '(९) चिड़िया की बच्ची', NULL, 'file', '', '', '', '(9) CHIDIYA KI BACHCHI', 'Active', 9, '2021-04-13 11:16:05', '2021-04-13 11:16:05'),
(1421, 6, 13, 100, 68, 160, '(१०) अपूर्व अनुभव', NULL, 'file', '', '', '', '(10) APOORAV ANUBHAV', 'Active', 10, '2021-04-13 11:16:51', '2021-04-13 11:16:51'),
(1422, 6, 13, 100, 68, 160, '(११) रहीम के दोहे', NULL, 'file', '', '', '', '(11) RAHEEM KE DOHE', 'Active', 11, '2021-04-13 11:17:21', '2021-04-13 11:17:21'),
(1423, 6, 13, 100, 68, 160, '(१२) कंचा कहानी', NULL, 'file', '', '', '', '(12) KANCHA KAHANI', 'Active', 12, '2021-04-13 11:17:49', '2021-04-13 11:17:49'),
(1424, 6, 13, 100, 68, 160, '(१३) एक तिनका', NULL, 'file', '', '', '', '(13) EK TINKA', 'Active', 13, '2021-04-13 11:18:18', '2021-04-13 11:18:18'),
(1425, 6, 13, 100, 68, 160, '(१४) खानपान की बदलती तस्वीर', NULL, 'file', '', '', '', '(14) KHANPAN KI BADALATI TASVEER', 'Active', 14, '2021-04-13 11:19:02', '2021-04-13 11:19:02'),
(1426, 6, 13, 100, 68, 160, '(१५) नीलकंठ', NULL, 'file', '', '', '', '(15) NEELKANTH', 'Active', 15, '2021-04-13 11:19:45', '2021-04-13 11:19:45'),
(1427, 6, 13, 100, 68, 160, '(१६) भोर और बरखा', NULL, 'file', '', '', '', '(16) BHOR AUR BARRKHA', 'Active', 16, '2021-04-13 11:20:19', '2021-04-13 11:20:19'),
(1428, 6, 13, 100, 68, 160, '(१७) वीर कुँवर सिंह', NULL, 'file', '', '', '', '(17) VEER KUNVAR SINH', 'Active', 17, '2021-04-13 11:21:05', '2021-04-13 11:21:05'),
(1429, 6, 13, 100, 68, 160, '(१८) संघर्ष के कारण मै तुनुकमिजाज', NULL, 'file', '', '', '', '(18) SANGHARSH KE KARAN MAIN TUNUKMIJAJ', 'Active', 18, '2021-04-13 11:22:08', '2021-04-13 11:22:08'),
(1430, 6, 13, 100, 68, 160, '(१९) आश्रम का अनुमानित व्यय', NULL, 'file', '', '', '', '(19) ASHRAM KA ANUMANIT VYAY', 'Active', 19, '2021-04-13 11:22:48', '2021-04-13 11:22:48'),
(1431, 6, 13, 100, 68, 160, '(२०) विप्लव - गायन', NULL, 'file', '', '', '', '(20) VIPLAV - GAYAN', 'Active', 20, '2021-04-13 11:23:24', '2021-04-13 11:23:24'),
(1432, 6, 13, 100, 68, 161, '(१) सुभाषितानि', NULL, 'file', '', '', '', '(1) SUBHASHITANI', 'Active', 1, '2021-04-13 11:25:05', '2021-04-13 11:25:05'),
(1433, 6, 13, 100, 68, 161, '(२) दुर्बुद्धि: विनश्यति', NULL, 'file', '', '', '', '(2) DURBUDDHIH VINASHYATI', 'Active', 2, '2021-04-13 11:25:53', '2021-04-13 11:25:53'),
(1434, 6, 13, 100, 68, 161, '(३) स्वावलम्बनम्', NULL, 'file', '', '', '', '(3) SVAVLAMBANAM', 'Active', 3, '2021-04-13 11:26:46', '2021-04-13 11:26:46'),
(1435, 6, 13, 100, 68, 161, '(४) हास्यबालकविसम्मेलनम्', NULL, 'file', '', '', '', '(4) HASYABALAKVISAMMELANAM', 'Active', 4, '2021-04-13 11:27:58', '2021-04-13 11:27:58'),
(1436, 6, 13, 100, 68, 161, '(५) पण्डिता रमाबाई', NULL, 'file', '', '', '', '(5) PANDITA RAMABAI', 'Active', 5, '2021-04-13 11:29:27', '2021-04-13 11:29:27'),
(1437, 6, 13, 100, 68, 161, '(६) सदाचार:', NULL, 'file', '', '', '', '(6) SADACHARAH', 'Active', 6, '2021-04-13 11:30:04', '2021-04-13 11:30:04'),
(1438, 6, 13, 100, 68, 161, '(७) सडकल्प: सिद्धिदायक:', NULL, 'file', '', '', '', '(7) SANKALPAH SIDDHIDAYAKAH', 'Active', 7, '2021-04-13 11:32:01', '2021-04-13 11:32:01'),
(1439, 6, 13, 100, 68, 161, '(८) त्रिवर्ण: ध्वज:', NULL, 'file', '', '', '', '(8) TRIVARNAH DHVAJAH', 'Active', 8, '2021-04-13 11:44:22', '2021-04-13 11:44:22'),
(1440, 6, 13, 100, 68, 161, '(९) विमानयानं रचयाम', NULL, 'file', '', '', '', '(9) VIMANYAN RACHAYAM', 'Active', 9, '2021-04-13 11:45:31', '2021-04-13 11:45:31'),
(1441, 6, 13, 100, 68, 161, '(१०) विश्वबन्धुत्वम्', NULL, 'file', '', '', '', '(10) VISHVABANDHUTVAM', 'Active', 10, '2021-04-13 11:46:21', '2021-04-13 11:46:21'),
(1442, 6, 13, 100, 68, 161, '(११) समवायो हि दुर्जयः', NULL, 'file', '', '', '', '(19) SAMVAYO HI DURJAYAH', 'Active', 11, '2021-04-13 11:47:25', '2021-04-13 11:47:25'),
(1443, 6, 13, 100, 68, 161, '(१२) विधाधनम्', NULL, 'file', '', '', '', '(12) VIDHADHANAM', 'Active', 12, '2021-04-13 11:48:32', '2021-04-13 11:48:32'),
(1444, 6, 13, 100, 68, 161, '(१३) अमृतं संस्कृतम्', NULL, 'file', '', '', '', '(13) AMRUTAM SANSKRUTAM', 'Active', 13, '2021-04-13 11:49:12', '2021-04-13 11:49:12'),
(1445, 6, 13, 100, 68, 161, '(१४) अनारिकाया: जिज्ञासा', NULL, 'file', '', '', '', '(14) ANARIKAYAH JIGNASA', 'Active', 14, '2021-04-13 11:50:52', '2021-04-13 11:50:52'),
(1446, 6, 13, 100, 68, 161, '(१५) लालनगीतम्', NULL, 'file', '', '', '', '(15) LALNAGITAM', 'Active', 15, '2021-04-13 11:51:39', '2021-04-13 11:51:39'),
(1447, 6, 13, 100, 68, 161, '(१६) परिशिष्टम्', NULL, 'file', '', '', '', '(16) PARISHISHTAM', 'Active', 16, '2021-04-13 11:52:10', '2021-04-13 11:52:10'),
(1448, 6, 13, 100, 68, 164, '(1) Integers', NULL, 'file', '', '', '', '(1) INTEGERS', 'Active', 1, '2021-04-13 11:57:35', '2021-04-13 11:57:35'),
(1449, 6, 13, 100, 68, 164, '(2) Fractions and Decimals', NULL, 'file', '', '', '', '(2) FRACTIONS AND DECIMALS', 'Active', 2, '2021-04-13 11:58:07', '2021-04-13 11:58:07'),
(1450, 6, 13, 100, 68, 164, '(3) Data Handling', NULL, 'file', '', '', '', '(3) DATA HANDLING', 'Active', 3, '2021-04-13 11:58:32', '2021-04-13 11:58:32'),
(1451, 6, 13, 100, 68, 164, '(4) Simple Equations', NULL, 'file', '', '', '', '(4) SIMPLE EQUATIONS', 'Active', 4, '2021-04-13 11:58:59', '2021-04-13 11:58:59'),
(1452, 6, 13, 100, 68, 164, '(5) Lines and Angles', NULL, 'file', '', '', '', '(5) LINES AND ANGLES', 'Active', 5, '2021-04-13 11:59:52', '2021-04-13 11:59:52'),
(1453, 6, 13, 100, 68, 164, '(6) The Triangle and its Properties', NULL, 'file', '', '', '', '(6) THE TRIANGLE AND ITS PROPERTIES', 'Active', 6, '2021-04-13 12:00:28', '2021-04-13 12:00:28'),
(1454, 6, 13, 100, 68, 164, '(7) Congruence of Triangles', NULL, 'file', '', '', '', '(7) CONGRUENCE OF TRIANGLES', 'Active', 7, '2021-04-13 12:00:57', '2021-04-13 12:00:57'),
(1455, 6, 13, 100, 68, 164, '(8) Comparing Quantities', NULL, 'file', '', '', '', '(8) COMPARING QUANTITIES', 'Active', 8, '2021-04-13 12:01:23', '2021-04-13 12:01:23'),
(1456, 6, 13, 100, 68, 164, '(9) Rational Numbers', NULL, 'file', '', '', '', '(9) RATIONAL NUMBERS', 'Active', 9, '2021-04-13 12:01:50', '2021-04-13 12:01:50'),
(1457, 6, 13, 100, 68, 164, '(10) Practical Geometry', NULL, 'file', '', '', '', '(10) PRACTICAL GEOMETRY', 'Active', 10, '2021-04-13 12:02:21', '2021-04-13 12:02:21'),
(1458, 6, 13, 100, 68, 164, '(11) Perimeter and Area', NULL, 'file', '', '', '', '(11) PERIMETER AND AREA', 'Active', 11, '2021-04-13 12:02:52', '2021-04-13 12:02:52'),
(1459, 6, 13, 100, 68, 164, '(12) Algebraic Expressions', NULL, 'file', '', '', '', '(12) ALGEBRAIC EXPRESSIONS', 'Active', 12, '2021-04-13 12:03:24', '2021-04-13 12:03:24'),
(1460, 6, 13, 100, 68, 164, '(13) Exponents and Powers', NULL, 'file', '', '', '', '(13) EXPONENTS AND POWERS', 'Active', 13, '2021-04-13 12:03:59', '2021-04-13 12:03:59'),
(1461, 6, 13, 100, 68, 164, '(14) Symmetry', NULL, 'file', '', '', '', '(14) SYMMETRY', 'Active', 14, '2021-04-13 12:04:23', '2021-04-13 12:04:23'),
(1462, 6, 13, 100, 68, 164, '(15) Visualising Solid Shapes', NULL, 'file', '', '', '', '(15) VISUALISING SOLID SHAPES', 'Active', 15, '2021-04-13 12:04:59', '2021-04-13 12:04:59'),
(1463, 6, 13, 100, 68, 164, '(16) Answers', NULL, 'file', '', '', '', '(16) ANSWERS', 'Active', 16, '2021-04-13 12:05:19', '2021-04-13 12:05:19'),
(1464, 6, 13, 100, 68, 162, '(1) Nutrition in Plants', NULL, 'file', '', '', '', '(1) NUTRITION IN PLANTS', 'Active', 1, '2021-04-13 12:06:49', '2021-04-13 12:06:49'),
(1465, 6, 13, 100, 68, 162, '(2) Nutrition in Animals', NULL, 'file', '', '', '', '(2) NUTRITION IN ANIMALS', 'Active', 2, '2021-04-13 12:07:18', '2021-04-13 12:07:18'),
(1466, 6, 13, 100, 68, 162, '(3) Fibre to Fabric', NULL, 'file', '', '', '', '(3) FIBRE TO FABRIC', 'Active', 3, '2021-04-13 12:07:44', '2021-04-13 12:07:44'),
(1467, 6, 13, 100, 68, 162, '(4) Heat', NULL, 'file', '', '', '', '(4) HEAT', 'Active', 4, '2021-04-13 12:08:02', '2021-04-13 12:08:02'),
(1468, 6, 13, 100, 68, 162, '(5) Acids, Bases and Salts', NULL, 'file', '', '', '', '(5) ACIDS, BASES AND SALTS', 'Active', 5, '2021-04-13 12:08:37', '2021-04-13 12:08:37'),
(1469, 6, 13, 100, 68, 162, '(6) Physical and Chemical Changes', NULL, 'file', '', '', '', '(6) PHYSICAL AND CHEMICAL CHANGES', 'Active', 6, '2021-04-13 12:09:17', '2021-04-13 12:09:17'),
(1470, 6, 13, 100, 68, 162, '(7) Weather, Climate and Adaptations of Animal to Climate', NULL, 'file', '', '', '', '(7) WEATHER, CLIMATE AND ADAPTATIONS OF ANIMALS TO CLIMATE', 'Active', 7, '2021-04-13 12:10:18', '2021-04-13 12:10:18'),
(1471, 6, 13, 100, 68, 162, '(8) Winds, Storms and Cyclones', NULL, 'file', '', '', '', '(8) WINDS, STORMS AND CYCLONES', 'Active', 8, '2021-04-13 12:10:52', '2021-04-13 12:10:52'),
(1472, 6, 13, 100, 68, 162, '(9) Soil', NULL, 'file', '', '', '', '(9) SOIL', 'Active', 9, '2021-04-13 12:11:08', '2021-04-13 12:11:08'),
(1473, 6, 13, 100, 68, 162, '(10) Respiration in Organisms', NULL, 'file', '', '', '', '(10) RESPIRATION IN ORGANISMS', 'Active', 10, '2021-04-13 12:11:47', '2021-04-13 12:11:47'),
(1474, 6, 13, 100, 68, 162, '(11) Transportation in Animals and Plants', NULL, 'file', '', '', '', '(11) TRANSPORTATION IN ANIMALS AND PLANTS', 'Active', 11, '2021-04-13 12:12:39', '2021-04-13 12:12:39'),
(1475, 6, 13, 100, 68, 162, '(12) Reproduction in Plants', NULL, 'file', NULL, NULL, '', '(12) REPRODUCTION IN PLANTS', 'Active', 12, '2021-04-13 12:13:07', '2021-04-13 12:14:08'),
(1476, 6, 13, 100, 68, 162, '(13) Motion and Time', NULL, 'file', '', '', '', '(13) MOTION AND TIME', 'Active', 13, '2021-04-13 12:14:40', '2021-04-13 12:14:40'),
(1477, 6, 13, 100, 68, 162, '(14) Electric Current and its Effects', NULL, 'file', '', '', '', '(14) ELECTRIC CURRENT AND ITS EFFECTS', 'Active', 14, '2021-04-13 12:15:23', '2021-04-13 12:15:23'),
(1478, 6, 13, 100, 68, 162, '(15) Light', NULL, 'file', '', '', '', '(15) LIGHT', 'Active', 15, '2021-04-13 12:15:40', '2021-04-13 12:15:40'),
(1479, 6, 13, 100, 68, 162, '(16) Water: A Precious Resource', NULL, 'file', '', '', '', '(16) WATER: A PRECIOUS RESOURCE', 'Active', 16, '2021-04-13 12:16:25', '2021-04-13 12:16:25'),
(1480, 6, 13, 100, 68, 162, '(17) Forests : Our Lifeline', NULL, 'file', '', '', '', '(17) FORESTS: OUR LIFELINE', 'Active', 17, '2021-04-13 12:16:58', '2021-04-13 12:16:58'),
(1481, 6, 13, 100, 68, 162, '(18) Wastewater Story', NULL, 'file', '', '', '', '(18) WASTEWATER STORY', 'Active', 18, '2021-04-13 12:17:30', '2021-04-13 12:17:30'),
(1482, 6, 13, 100, 68, 162, '(19) Index', NULL, 'file', '', '', '', '(19) INDEX', 'Active', 19, '2021-04-13 12:17:57', '2021-04-13 12:17:57'),
(1483, 6, 13, 100, 68, 163, '(1) On Equality', NULL, 'file', '', '', '', '(1) ON EQUALITY', 'Active', 1, '2021-04-13 12:19:29', '2021-04-13 12:19:29'),
(1484, 6, 13, 100, 68, 163, '(2) Role of the Government in Health', NULL, 'file', '', '', '', '(2) ROLE OF THE GOVERNMENT IN HEALTH', 'Active', 2, '2021-04-13 12:20:02', '2021-04-13 12:20:02'),
(1485, 6, 13, 100, 68, 163, '(3) How the State Government Works', NULL, 'file', '', '', '', '(3) HOW THE STATE GOVERNMENT WORKS', 'Active', 3, '2021-04-13 12:20:42', '2021-04-13 12:20:42'),
(1486, 6, 13, 100, 68, 163, '(4) Growing up as Boys and Girls', NULL, 'file', '', '', '', '(4) GROWING UP AS BOYS AND GIRLS', 'Active', 4, '2021-04-13 12:21:19', '2021-04-13 12:21:19'),
(1487, 6, 13, 100, 68, 163, '(5) Women Change the World', NULL, 'file', '', '', '', '(5) WOMEN CHANGE THE WORLD', 'Active', 5, '2021-04-13 12:21:50', '2021-04-13 12:21:50'),
(1488, 6, 13, 100, 68, 163, '(6) Understanding Media', NULL, 'file', '', '', '', '(6) UNDERSTANDING MEDIA', 'Active', 6, '2021-04-13 12:22:21', '2021-04-13 12:22:21'),
(1489, 6, 13, 100, 68, 163, '(7) Markets Around Us', NULL, 'file', '', '', '', '(7) MARKETS AROUND US', 'Active', 7, '2021-04-13 12:23:00', '2021-04-13 12:23:00'),
(1490, 6, 13, 100, 68, 163, '(8) A Shirt in the Market.', NULL, 'file', '', '', '', '(8) A SHIRT IN THE MARKET.', 'Active', 8, '2021-04-13 12:23:29', '2021-04-13 12:23:29'),
(1491, 6, 13, 100, 68, 163, '(9) Struggles for Equality', NULL, 'file', '', '', '', '(9) STRUGGLES FOR EQUALITY', 'Active', 9, '2021-04-13 12:24:06', '2021-04-13 12:24:06');

-- --------------------------------------------------------

--
-- Table structure for table `users`
--

CREATE TABLE `users` (
  `id` bigint UNSIGNED NOT NULL,
  `name` varchar(255) CHARACTER SET utf8mb4 COLLATE utf8mb4_unicode_ci DEFAULT NULL,
  `username` varchar(255) CHARACTER SET utf8mb4 COLLATE utf8mb4_unicode_ci DEFAULT NULL,
  `email` varchar(255) CHARACTER SET utf8mb4 COLLATE utf8mb4_unicode_ci DEFAULT NULL,
  `mobile` varchar(20) CHARACTER SET utf8mb4 COLLATE utf8mb4_unicode_ci DEFAULT NULL,
  `email_verified_at` timestamp NULL DEFAULT NULL,
  `password` varchar(255) CHARACTER SET utf8mb4 COLLATE utf8mb4_unicode_ci NOT NULL,
  `address` text CHARACTER SET utf8mb4 COLLATE utf8mb4_unicode_ci,
  `pin_code` varchar(255) CHARACTER SET utf8mb4 COLLATE utf8mb4_unicode_ci DEFAULT NULL,
  `city` varchar(255) CHARACTER SET utf8mb4 COLLATE utf8mb4_unicode_ci DEFAULT NULL,
  `birth_date` varchar(255) CHARACTER SET utf8mb4 COLLATE utf8mb4_unicode_ci DEFAULT NULL,
  `two_factor_secret` text CHARACTER SET utf8mb4 COLLATE utf8mb4_unicode_ci,
  `two_factor_recovery_codes` text CHARACTER SET utf8mb4 COLLATE utf8mb4_unicode_ci,
  `remember_token` varchar(100) CHARACTER SET utf8mb4 COLLATE utf8mb4_unicode_ci DEFAULT NULL,
  `current_team_id` bigint UNSIGNED DEFAULT NULL,
  `profile_photo_path` text CHARACTER SET utf8mb4 COLLATE utf8mb4_unicode_ci,
  `created_at` timestamp NULL DEFAULT NULL,
  `updated_at` timestamp NULL DEFAULT NULL
) ENGINE=InnoDB DEFAULT CHARSET=utf8mb4 COLLATE=utf8mb4_unicode_ci;

--
-- Dumping data for table `users`
--

INSERT INTO `users` (`id`, `name`, `username`, `email`, `mobile`, `email_verified_at`, `password`, `address`, `pin_code`, `city`, `birth_date`, `two_factor_secret`, `two_factor_recovery_codes`, `remember_token`, `current_team_id`, `profile_photo_path`, `created_at`, `updated_at`) VALUES
(1, 'super_admin', NULL, 'super_admin@gmail.com', NULL, NULL, '$2y$10$BuLP38Xi1P2xcWO6r2bNsOvj9En9pSwCLg1nY9oUN.XWwq9xDkfyG', NULL, NULL, NULL, NULL, NULL, NULL, NULL, NULL, NULL, NULL, NULL),
(2, 'admin', NULL, 'admin@gmail.com', NULL, NULL, '$2y$10$HROO4lejopS4M5r8Jse09OGhUhhJk0Rd4tFDcVsGsRwEV6uDrSVGK', NULL, NULL, NULL, NULL, NULL, NULL, NULL, NULL, NULL, '2021-03-24 18:13:15', '2021-03-24 18:13:15'),
(3, 'datamanager', NULL, 'datamanager@gmail.com', NULL, NULL, '$2y$10$yiHfChibggFIRqFV41wUZe6pL3sIKX38xxVVyYhLn9iWFPrBpogs6', NULL, NULL, NULL, NULL, NULL, NULL, NULL, NULL, NULL, '2021-03-24 18:13:15', '2021-03-24 18:13:15'),
(4, 'examiner', NULL, 'examiner@gmail.com', NULL, NULL, '$2y$10$rOrPJbCqsYtWTTMcHZ2vyO88yLct5LxIHyPVJHsg9NBjou9tS5il6', NULL, NULL, NULL, NULL, NULL, NULL, NULL, NULL, NULL, '2021-03-24 18:13:15', '2021-03-24 18:13:15'),
(5, 'faculties', NULL, 'faculties@gmail.com', NULL, NULL, '$2y$10$2JsmbgSiUh7mbI3q3QfdoevnNQ2zxLYTrhbeTajxjaBCc4zeO1x0K', NULL, NULL, NULL, NULL, NULL, NULL, NULL, NULL, NULL, '2021-03-24 18:13:15', '2021-03-24 18:13:15'),
(6, 'analist', NULL, 'analist@gmail.com', NULL, NULL, '$2y$10$Nm3r/vsvFdtrfxM2HPsLT.xY/iGf2Q5iet2pxmnt3LuSWojw6j6O2', NULL, NULL, NULL, NULL, NULL, NULL, NULL, NULL, NULL, '2021-03-24 18:13:15', '2021-03-24 18:13:15'),
(9, 'RAMDOOT SCHOOLS', NULL, 'ramdootschool@gmail.com', '6351292009', NULL, '', 'VERAVAL (SHAPAR)', NULL, 'VERAVAL (SHAPAR)', '2009-06-06', NULL, NULL, NULL, NULL, NULL, '2021-03-25 17:04:08', '2021-04-08 11:45:28'),
(10, NULL, NULL, NULL, '7575096606', NULL, '', NULL, NULL, NULL, NULL, NULL, NULL, NULL, NULL, NULL, '2021-03-28 07:26:55', '2021-03-28 07:26:55'),
(11, 'V. A. AGRAVAT', NULL, 'agravatvijay111@gmail.com', '9228337188', NULL, '', '\"PARISHRAM\", VERAVAL MAIN ROAD, VERAVAL (SHAPAR)', NULL, 'VERAVAL(SHAPAR)', '1985-11-11', NULL, NULL, NULL, NULL, NULL, '2021-03-29 14:04:40', '2021-04-08 11:40:52'),
(12, NULL, NULL, NULL, '8160442100', NULL, '', NULL, NULL, NULL, NULL, NULL, NULL, NULL, NULL, NULL, '2021-03-29 19:31:02', '2021-03-29 19:31:02'),
(14, 'JAY HADIYAL', NULL, 'jayyhadiyal@gmail.com', '9512585698', NULL, '$2y$10$4qv6piKP80DX.doCU0c8b.a9L.xGLem6dameoEREnH69wxidtkC4i', 'RAJKOT', NULL, 'RAJKOT', '2001-08-03', NULL, NULL, NULL, NULL, NULL, '2021-04-04 17:04:06', '2021-04-08 11:43:51'),
(15, 'NIRAJ SIR SAKARIYA', NULL, 'nrjsakariya@gmail.com', '9624590568', NULL, '$2y$10$ISnq94CYnPsxjYIgj1SKw..6jy8P6JykRrL/xSPFM2j3LZNRxpf/S', 'Kailash Park 2, Ranuja Mandir Pase, Rajkot', NULL, 'RAJKOT', '1988-09-17', NULL, NULL, NULL, NULL, NULL, '2021-04-06 07:33:01', '2021-04-08 11:44:58'),
(16, NULL, NULL, NULL, '9426630995', NULL, '', NULL, NULL, NULL, NULL, NULL, NULL, NULL, NULL, NULL, '2021-04-07 14:41:00', '2021-04-07 14:41:00'),
(17, 'KIRAN SIR PARMAR', NULL, 'kiranparmar720@gmail.com', '9998837873', NULL, '$2y$10$g7eDjJUy08OYGooNIAheyOiYffRz68pFIFEHUnp0G9p4Q3.zcEWY.', 'JASDAN', NULL, 'JASDAN', '1996-12-30', NULL, NULL, NULL, NULL, NULL, '2021-04-08 10:15:43', '2021-04-08 11:43:14'),
(18, NULL, NULL, NULL, '7624019604', NULL, '', NULL, NULL, NULL, NULL, NULL, NULL, NULL, NULL, NULL, '2021-04-09 12:57:23', '2021-04-09 12:57:23'),
(19, NULL, NULL, NULL, '9326942890', NULL, '', NULL, NULL, NULL, NULL, NULL, NULL, NULL, NULL, NULL, '2021-04-10 02:19:04', '2021-04-10 02:19:04'),
(20, 'SANJAY SIR SOSA', NULL, 'sanjaysosa928@gmail.com', '7043438943', NULL, '$2y$10$Olp.KxMTYM19AU3JcnWRZ.NiJYTde6fT2JB.p/tPQ4l4B.JGoxHiq', 'Shapar', NULL, 'Rajkot', '1991-09-07', NULL, NULL, NULL, NULL, NULL, '2021-04-10 16:56:37', '2021-04-10 16:56:37'),
(21, NULL, NULL, NULL, '9601026377', NULL, '', NULL, NULL, NULL, NULL, NULL, NULL, NULL, NULL, NULL, '2021-04-12 14:08:35', '2021-04-12 14:08:35'),
(22, NULL, NULL, NULL, '9099482141', NULL, '', NULL, NULL, NULL, NULL, NULL, NULL, NULL, NULL, NULL, '2021-04-13 16:19:55', '2021-04-13 16:19:55');

-- --------------------------------------------------------

--
-- Table structure for table `user_data_logs`
--

CREATE TABLE `user_data_logs` (
  `id` int NOT NULL,
  `user_id` int NOT NULL,
  `type` varchar(200) NOT NULL,
  `type_id` int NOT NULL,
  `upload_time` datetime NOT NULL,
  `operation` varchar(50) NOT NULL
) ENGINE=InnoDB DEFAULT CHARSET=utf8mb4 COLLATE=utf8mb4_0900_ai_ci;

--
-- Dumping data for table `user_data_logs`
--

INSERT INTO `user_data_logs` (`id`, `user_id`, `type`, `type_id`, `upload_time`, `operation`) VALUES
(1, 1, 'subject', 1, '2021-04-06 17:36:19', 'create'),
(2, 1, 'subject', 2, '2021-04-06 18:10:15', 'create'),
(3, 1, 'subject', 3, '2021-04-06 18:11:50', 'create'),
(4, 1, 'subject', 4, '2021-04-06 18:12:54', 'create'),
(5, 1, 'subject', 1, '2021-04-06 18:21:05', 'create'),
(6, 1, 'subject', 2, '2021-04-06 18:22:13', 'create'),
(7, 1, 'subject', 3, '2021-04-06 18:24:04', 'create'),
(8, 1, 'subject', 4, '2021-04-06 18:24:56', 'create'),
(9, 1, 'subject', 5, '2021-04-06 18:26:02', 'create'),
(10, 1, 'subject', 6, '2021-04-06 18:26:41', 'create'),
(11, 1, 'subject', 7, '2021-04-06 18:27:36', 'create'),
(12, 1, 'subject', 8, '2021-04-06 18:28:05', 'create'),
(13, 1, 'subject', 9, '2021-04-06 18:28:54', 'create'),
(14, 1, 'subject', 10, '2021-04-06 18:29:29', 'create'),
(15, 1, 'subject', 11, '2021-04-06 18:47:20', 'create'),
(16, 1, 'subject', 12, '2021-04-06 18:48:01', 'create'),
(17, 1, 'subject', 13, '2021-04-06 18:48:46', 'create'),
(18, 1, 'subject', 14, '2021-04-06 18:49:16', 'create'),
(19, 1, 'subject', 15, '2021-04-06 18:50:00', 'create'),
(20, 1, 'subject', 16, '2021-04-06 18:51:03', 'create'),
(21, 1, 'subject', 17, '2021-04-06 18:51:46', 'create'),
(22, 1, 'subject', 18, '2021-04-06 18:52:20', 'create'),
(23, 1, 'subject', 19, '2021-04-06 18:52:56', 'create'),
(24, 1, 'subject', 20, '2021-04-06 18:53:36', 'create'),
(25, 1, 'subject', 21, '2021-04-06 19:00:10', 'create'),
(26, 1, 'subject', 22, '2021-04-06 19:02:11', 'create'),
(27, 1, 'subject', 23, '2021-04-06 19:02:58', 'create'),
(28, 1, 'subject', 24, '2021-04-06 19:03:33', 'create'),
(29, 1, 'subject', 25, '2021-04-06 19:04:06', 'create'),
(30, 1, 'subject', 26, '2021-04-06 19:04:37', 'create'),
(31, 1, 'subject', 27, '2021-04-06 19:07:45', 'create'),
(32, 1, 'subject', 28, '2021-04-06 19:08:29', 'create'),
(33, 1, 'subject', 29, '2021-04-06 19:09:18', 'create'),
(34, 1, 'subject', 30, '2021-04-06 19:09:57', 'create'),
(35, 1, 'subject', 31, '2021-04-06 19:10:35', 'create'),
(36, 1, 'subject', 32, '2021-04-06 19:11:06', 'create'),
(37, 1, 'subject', 33, '2021-04-06 19:16:40', 'create'),
(38, 1, 'subject', 34, '2021-04-06 19:17:16', 'create'),
(39, 1, 'subject', 35, '2021-04-06 19:19:02', 'create'),
(40, 1, 'subject', 36, '2021-04-06 19:20:00', 'create'),
(41, 1, 'subject', 37, '2021-04-06 19:20:39', 'create'),
(42, 1, 'subject', 38, '2021-04-06 19:21:30', 'create'),
(43, 1, 'subject', 39, '2021-04-06 19:22:12', 'create'),
(44, 1, 'subject', 40, '2021-04-06 19:24:40', 'create'),
(45, 1, 'subject', 41, '2021-04-06 19:25:24', 'create'),
(46, 1, 'subject', 42, '2021-04-06 19:25:56', 'create'),
(47, 1, 'subject', 43, '2021-04-06 19:26:27', 'create'),
(48, 1, 'subject', 44, '2021-04-06 19:27:03', 'create'),
(49, 1, 'subject', 45, '2021-04-06 19:30:41', 'create'),
(50, 1, 'subject', 46, '2021-04-06 19:31:31', 'create'),
(51, 1, 'subject', 47, '2021-04-06 19:32:18', 'create'),
(52, 1, 'subject', 48, '2021-04-06 19:32:45', 'create'),
(53, 1, 'subject', 49, '2021-04-06 19:33:21', 'create'),
(54, 1, 'subject', 50, '2021-04-06 19:34:06', 'create'),
(55, 1, 'subject', 51, '2021-04-06 19:34:48', 'create'),
(56, 1, 'subject', 52, '2021-04-06 19:35:20', 'create'),
(57, 1, 'subject', 53, '2021-04-06 19:35:55', 'create'),
(58, 1, 'subject', 54, '2021-04-06 19:36:25', 'create'),
(59, 1, 'subject', 55, '2021-04-06 19:52:50', 'create'),
(60, 1, 'subject', 56, '2021-04-06 19:53:48', 'create'),
(61, 1, 'subject', 57, '2021-04-06 19:54:34', 'create'),
(62, 1, 'subject', 58, '2021-04-06 19:55:01', 'create'),
(63, 1, 'subject', 59, '2021-04-06 19:55:33', 'create'),
(64, 1, 'subject', 60, '2021-04-06 19:55:59', 'create'),
(65, 1, 'subject', 61, '2021-04-06 19:56:27', 'create'),
(66, 1, 'subject', 62, '2021-04-06 19:56:53', 'create'),
(67, 1, 'subject', 63, '2021-04-06 19:57:28', 'create'),
(68, 1, 'subject', 64, '2021-04-06 19:58:08', 'create'),
(69, 1, 'subject', 65, '2021-04-06 20:00:52', 'create'),
(70, 1, 'subject', 66, '2021-04-06 20:01:17', 'create'),
(71, 1, 'subject', 67, '2021-04-06 20:01:44', 'create'),
(72, 1, 'subject', 68, '2021-04-06 20:02:12', 'create'),
(73, 1, 'subject', 69, '2021-04-06 20:02:40', 'create'),
(74, 1, 'subject', 70, '2021-04-06 20:03:06', 'create'),
(75, 1, 'subject', 71, '2021-04-06 20:03:36', 'create'),
(76, 1, 'subject', 72, '2021-04-06 20:04:04', 'create'),
(77, 1, 'subject', 73, '2021-04-06 20:04:30', 'create'),
(78, 1, 'subject', 74, '2021-04-06 20:04:58', 'create'),
(79, 1, 'subject', 75, '2021-04-06 20:06:12', 'create'),
(80, 1, 'subject', 76, '2021-04-06 20:06:40', 'create'),
(81, 1, 'subject', 77, '2021-04-06 20:07:07', 'create'),
(82, 1, 'subject', 78, '2021-04-06 20:07:38', 'create'),
(83, 1, 'subject', 79, '2021-04-06 20:08:15', 'create'),
(84, 1, 'subject', 80, '2021-04-06 20:08:41', 'create'),
(85, 1, 'subject', 81, '2021-04-06 20:09:11', 'create'),
(86, 1, 'subject', 82, '2021-04-06 20:09:38', 'create'),
(87, 1, 'subject', 83, '2021-04-06 20:10:09', 'create'),
(88, 1, 'subject', 84, '2021-04-06 20:10:35', 'create'),
(89, 1, 'subject', 85, '2021-04-06 20:12:17', 'create'),
(90, 1, 'subject', 86, '2021-04-06 20:13:10', 'create'),
(91, 1, 'subject', 87, '2021-04-06 20:13:42', 'create'),
(92, 1, 'subject', 88, '2021-04-06 20:14:11', 'create'),
(93, 1, 'subject', 89, '2021-04-06 20:14:41', 'create'),
(94, 1, 'subject', 90, '2021-04-06 20:15:12', 'create'),
(95, 1, 'subject', 91, '2021-04-06 20:15:42', 'create'),
(96, 1, 'subject', 92, '2021-04-06 20:16:13', 'create'),
(97, 1, 'subject', 93, '2021-04-06 20:16:55', 'create'),
(98, 1, 'subject', 94, '2021-04-06 20:17:27', 'create'),
(99, 1, 'subject', 95, '2021-04-06 20:22:01', 'create'),
(100, 1, 'subject', 96, '2021-04-06 20:22:27', 'create'),
(101, 1, 'subject', 97, '2021-04-06 20:22:58', 'create'),
(102, 1, 'subject', 98, '2021-04-06 20:23:25', 'create'),
(103, 1, 'subject', 99, '2021-04-06 20:23:54', 'create'),
(104, 1, 'subject', 100, '2021-04-06 20:24:19', 'create'),
(105, 1, 'subject', 101, '2021-04-06 20:24:51', 'create'),
(106, 1, 'subject', 102, '2021-04-06 20:25:18', 'create'),
(107, 1, 'subject', 103, '2021-04-06 20:25:50', 'create'),
(108, 1, 'subject', 104, '2021-04-06 20:26:19', 'create'),
(109, 1, 'subject', 105, '2021-04-07 02:36:03', 'create'),
(110, 1, 'subject', 106, '2021-04-07 02:37:48', 'create'),
(111, 1, 'subject', 107, '2021-04-07 02:44:12', 'create'),
(112, 1, 'subject', 108, '2021-04-07 02:44:45', 'create'),
(113, 1, 'subject', 109, '2021-04-07 02:45:15', 'create'),
(114, 1, 'subject', 110, '2021-04-07 02:45:42', 'create'),
(115, 1, 'subject', 111, '2021-04-07 02:47:56', 'create'),
(116, 1, 'subject', 112, '2021-04-07 02:48:26', 'create'),
(117, 1, 'subject', 113, '2021-04-07 02:53:11', 'create'),
(118, 1, 'subject', 114, '2021-04-07 02:57:06', 'create'),
(119, 1, 'subject', 115, '2021-04-07 03:28:56', 'create'),
(120, 1, 'subject', 116, '2021-04-07 03:47:23', 'create'),
(121, 1, 'subject', 117, '2021-04-07 03:48:30', 'create'),
(122, 1, 'subject', 118, '2021-04-07 03:49:14', 'create'),
(123, 1, 'subject', 119, '2021-04-07 03:49:55', 'create'),
(124, 1, 'subject', 120, '2021-04-07 03:51:30', 'create'),
(125, 1, 'subject', 121, '2021-04-07 03:52:11', 'create'),
(126, 1, 'subject', 122, '2021-04-07 03:52:51', 'create'),
(127, 1, 'subject', 123, '2021-04-07 03:54:55', 'create'),
(128, 1, 'subject', 124, '2021-04-07 03:55:35', 'create'),
(129, 1, 'unit', 1, '2021-04-07 06:02:52', 'create'),
(130, 1, 'unit', 2, '2021-04-07 07:56:23', 'create'),
(131, 1, 'unit', 3, '2021-04-07 07:57:57', 'create'),
(132, 1, 'unit', 4, '2021-04-07 07:59:18', 'create'),
(133, 1, 'unit', 5, '2021-04-07 08:06:27', 'create'),
(134, 1, 'book', 1, '2021-04-07 08:17:46', 'create'),
(135, 1, 'book', 2, '2021-04-07 08:29:31', 'create'),
(136, 1, 'book', 3, '2021-04-07 08:31:02', 'create'),
(137, 1, 'semester', 61, '2021-04-07 10:45:55', 'create'),
(138, 1, 'semester', 62, '2021-04-07 10:46:31', 'create'),
(139, 15, 'unit', 6, '2021-04-07 11:26:40', 'create'),
(140, 15, 'unit', 7, '2021-04-07 11:27:18', 'create'),
(141, 15, 'unit', 8, '2021-04-07 11:36:18', 'create'),
(142, 15, 'unit', 9, '2021-04-07 11:37:30', 'create'),
(143, 15, 'unit', 10, '2021-04-07 11:38:53', 'create'),
(144, 15, 'unit', 11, '2021-04-07 11:39:33', 'create'),
(145, 15, 'unit', 12, '2021-04-07 11:40:21', 'create'),
(146, 15, 'unit', 13, '2021-04-07 11:47:47', 'create'),
(147, 15, 'unit', 14, '2021-04-07 11:49:24', 'create'),
(148, 15, 'unit', 15, '2021-04-07 11:52:44', 'create'),
(149, 15, 'unit', 16, '2021-04-07 12:04:36', 'create'),
(150, 15, 'unit', 17, '2021-04-07 12:05:25', 'create'),
(151, 15, 'unit', 18, '2021-04-07 12:06:55', 'create'),
(152, 15, 'unit', 19, '2021-04-07 12:10:19', 'create'),
(153, 15, 'unit', 20, '2021-04-07 12:11:32', 'create'),
(154, 15, 'unit', 21, '2021-04-07 12:14:47', 'create'),
(155, 15, 'unit', 22, '2021-04-07 12:15:14', 'create'),
(156, 15, 'unit', 23, '2021-04-07 12:16:47', 'create'),
(157, 15, 'unit', 24, '2021-04-07 12:17:23', 'create'),
(158, 15, 'unit', 25, '2021-04-07 12:21:59', 'create'),
(159, 15, 'unit', 26, '2021-04-07 12:22:35', 'create'),
(160, 15, 'unit', 27, '2021-04-07 12:23:19', 'create'),
(161, 15, 'unit', 28, '2021-04-07 12:24:38', 'create'),
(162, 15, 'unit', 29, '2021-04-07 12:25:21', 'create'),
(163, 15, 'unit', 30, '2021-04-07 12:30:24', 'create'),
(164, 15, 'unit', 31, '2021-04-07 12:31:59', 'create'),
(165, 15, 'unit', 32, '2021-04-07 12:41:51', 'create'),
(166, 15, 'unit', 33, '2021-04-07 12:42:34', 'create'),
(167, 15, 'unit', 34, '2021-04-07 12:43:15', 'create'),
(168, 15, 'unit', 35, '2021-04-07 12:45:38', 'create'),
(169, 15, 'unit', 36, '2021-04-07 12:46:46', 'create'),
(170, 1, 'video', 1, '2021-04-07 17:12:25', 'create'),
(171, 1, 'board', 7, '2021-04-07 18:01:21', 'create'),
(172, 1, 'medium', 15, '2021-04-07 18:03:45', 'create'),
(173, 1, 'slider', 3, '2021-04-07 18:10:13', 'create'),
(174, 1, 'unit', 37, '2021-04-08 03:37:49', 'create'),
(175, 15, 'unit', 38, '2021-04-08 04:19:34', 'create'),
(176, 15, 'unit', 39, '2021-04-08 04:20:25', 'create'),
(177, 15, 'unit', 40, '2021-04-08 04:21:09', 'create'),
(178, 15, 'unit', 41, '2021-04-08 04:22:08', 'create'),
(179, 15, 'unit', 42, '2021-04-08 04:23:12', 'create'),
(180, 15, 'unit', 43, '2021-04-08 04:24:19', 'create'),
(181, 15, 'unit', 44, '2021-04-08 04:25:00', 'create'),
(182, 15, 'unit', 45, '2021-04-08 04:25:56', 'create'),
(183, 15, 'unit', 46, '2021-04-08 04:26:42', 'create'),
(184, 15, 'unit', 47, '2021-04-08 04:27:52', 'create'),
(185, 15, 'unit', 48, '2021-04-08 04:30:54', 'create'),
(186, 15, 'unit', 49, '2021-04-08 04:32:53', 'create'),
(187, 15, 'unit', 50, '2021-04-08 04:33:33', 'create'),
(188, 15, 'unit', 51, '2021-04-08 04:34:17', 'create'),
(189, 15, 'unit', 52, '2021-04-08 04:35:35', 'create'),
(190, 15, 'unit', 53, '2021-04-08 04:36:29', 'create'),
(191, 15, 'unit', 54, '2021-04-08 04:37:13', 'create'),
(192, 15, 'unit', 55, '2021-04-08 04:37:48', 'create'),
(193, 15, 'unit', 56, '2021-04-08 04:38:48', 'create'),
(194, 15, 'unit', 57, '2021-04-08 04:39:51', 'create'),
(195, 15, 'unit', 58, '2021-04-08 04:41:58', 'create'),
(196, 15, 'unit', 59, '2021-04-08 04:42:58', 'create'),
(197, 15, 'unit', 60, '2021-04-08 04:43:34', 'create'),
(198, 15, 'unit', 61, '2021-04-08 04:46:04', 'create'),
(199, 15, 'unit', 62, '2021-04-08 04:46:58', 'create'),
(200, 15, 'unit', 63, '2021-04-08 04:48:59', 'create'),
(201, 15, 'unit', 64, '2021-04-08 04:51:54', 'create'),
(202, 15, 'unit', 65, '2021-04-08 04:53:28', 'create'),
(203, 15, 'unit', 66, '2021-04-08 04:54:41', 'create'),
(204, 15, 'unit', 67, '2021-04-08 04:55:47', 'create'),
(205, 15, 'unit', 68, '2021-04-08 04:57:26', 'create'),
(206, 15, 'unit', 69, '2021-04-08 06:23:18', 'create'),
(207, 15, 'unit', 70, '2021-04-08 06:23:46', 'create'),
(208, 15, 'unit', 71, '2021-04-08 06:24:37', 'create'),
(209, 15, 'unit', 72, '2021-04-08 06:26:29', 'create'),
(210, 15, 'unit', 73, '2021-04-08 06:27:32', 'create'),
(211, 15, 'unit', 74, '2021-04-08 06:29:31', 'create'),
(212, 15, 'unit', 75, '2021-04-08 06:30:15', 'create'),
(213, 15, 'unit', 76, '2021-04-08 06:31:02', 'create'),
(214, 15, 'unit', 77, '2021-04-08 06:31:42', 'create'),
(215, 15, 'unit', 78, '2021-04-08 06:32:17', 'create'),
(216, 15, 'unit', 79, '2021-04-08 06:32:56', 'create'),
(217, 15, 'unit', 80, '2021-04-08 06:33:22', 'create'),
(218, 15, 'unit', 81, '2021-04-08 06:33:47', 'create'),
(219, 15, 'unit', 82, '2021-04-08 06:34:24', 'create'),
(220, 15, 'unit', 83, '2021-04-08 06:39:20', 'create'),
(221, 15, 'unit', 84, '2021-04-08 06:40:24', 'create'),
(222, 15, 'unit', 85, '2021-04-08 06:41:26', 'create'),
(223, 15, 'unit', 86, '2021-04-08 06:43:08', 'create'),
(224, 15, 'unit', 87, '2021-04-08 10:46:36', 'create'),
(225, 15, 'unit', 88, '2021-04-08 10:47:25', 'create'),
(226, 15, 'unit', 89, '2021-04-08 10:48:25', 'create'),
(227, 15, 'unit', 90, '2021-04-08 10:49:43', 'create'),
(228, 15, 'unit', 91, '2021-04-08 10:51:46', 'create'),
(229, 15, 'unit', 92, '2021-04-08 10:52:48', 'create'),
(230, 15, 'unit', 93, '2021-04-08 10:56:48', 'create'),
(231, 17, 'book', 4, '2021-04-08 11:02:33', 'create'),
(232, 15, 'unit', 94, '2021-04-08 11:13:53', 'create'),
(233, 15, 'unit', 95, '2021-04-08 11:14:49', 'create'),
(234, 17, 'book', 5, '2021-04-08 11:16:20', 'create'),
(235, 15, 'unit', 96, '2021-04-08 11:18:29', 'create'),
(236, 15, 'unit', 97, '2021-04-08 11:18:32', 'create'),
(237, 17, 'book', 6, '2021-04-08 11:19:33', 'create'),
(238, 15, 'unit', 98, '2021-04-08 11:19:53', 'create'),
(239, 15, 'unit', 99, '2021-04-08 11:20:59', 'create'),
(240, 15, 'unit', 100, '2021-04-08 11:22:21', 'create'),
(241, 17, 'book', 7, '2021-04-08 11:22:24', 'create'),
(242, 15, 'unit', 101, '2021-04-08 11:23:53', 'create'),
(243, 15, 'unit', 102, '2021-04-08 11:24:49', 'create'),
(244, 15, 'unit', 103, '2021-04-08 11:25:43', 'create'),
(245, 15, 'unit', 104, '2021-04-08 11:28:36', 'create'),
(246, 15, 'unit', 105, '2021-04-08 11:30:21', 'create'),
(247, 17, 'book', 8, '2021-04-08 11:30:49', 'create'),
(248, 15, 'unit', 106, '2021-04-08 11:31:50', 'create'),
(249, 15, 'unit', 107, '2021-04-08 11:32:53', 'create'),
(250, 17, 'book', 9, '2021-04-08 11:33:52', 'create'),
(251, 15, 'unit', 108, '2021-04-08 11:34:20', 'create'),
(252, 15, 'unit', 109, '2021-04-08 11:35:28', 'create'),
(253, 17, 'book', 10, '2021-04-08 11:36:03', 'create'),
(254, 15, 'unit', 110, '2021-04-08 11:37:19', 'create'),
(255, 17, 'book', 11, '2021-04-08 11:38:00', 'create'),
(256, 15, 'unit', 111, '2021-04-08 11:38:03', 'create'),
(257, 15, 'unit', 112, '2021-04-08 11:38:56', 'create'),
(258, 17, 'book', 12, '2021-04-08 11:39:41', 'create'),
(259, 15, 'unit', 113, '2021-04-08 11:39:43', 'create'),
(260, 14, 'video', 2, '2021-04-08 11:40:29', 'create'),
(261, 15, 'unit', 114, '2021-04-08 11:40:45', 'create'),
(262, 17, 'book', 13, '2021-04-08 11:41:23', 'create'),
(263, 15, 'unit', 115, '2021-04-08 11:41:25', 'create'),
(264, 15, 'unit', 116, '2021-04-08 11:42:05', 'create'),
(265, 15, 'unit', 117, '2021-04-08 11:42:49', 'create'),
(266, 15, 'unit', 118, '2021-04-08 11:46:54', 'create'),
(267, 14, 'video', 3, '2021-04-08 11:47:32', 'create'),
(268, 15, 'unit', 119, '2021-04-08 11:48:11', 'create'),
(269, 15, 'unit', 120, '2021-04-08 11:49:57', 'create'),
(270, 15, 'unit', 121, '2021-04-08 11:50:02', 'create'),
(271, 14, 'video', 4, '2021-04-08 11:50:07', 'create'),
(272, 14, 'video', 5, '2021-04-08 11:51:22', 'create'),
(273, 15, 'unit', 122, '2021-04-08 11:52:22', 'create'),
(274, 14, 'video', 6, '2021-04-08 11:54:14', 'create'),
(275, 17, 'book', 14, '2021-04-08 11:55:02', 'create'),
(276, 15, 'unit', 123, '2021-04-08 11:55:30', 'create'),
(277, 14, 'video', 7, '2021-04-08 11:55:55', 'create'),
(278, 15, 'unit', 124, '2021-04-08 11:56:58', 'create'),
(279, 17, 'book', 15, '2021-04-08 11:57:39', 'create'),
(280, 14, 'video', 8, '2021-04-08 11:58:23', 'create'),
(281, 15, 'unit', 125, '2021-04-08 11:58:52', 'create'),
(282, 17, 'book', 16, '2021-04-08 12:00:05', 'create'),
(283, 14, 'video', 9, '2021-04-08 12:00:23', 'create'),
(284, 15, 'unit', 126, '2021-04-08 12:01:07', 'create'),
(285, 17, 'book', 17, '2021-04-08 12:02:07', 'create'),
(286, 15, 'unit', 127, '2021-04-08 12:02:18', 'create'),
(287, 14, 'video', 10, '2021-04-08 12:02:24', 'create'),
(288, 15, 'unit', 128, '2021-04-08 12:02:53', 'create'),
(289, 17, 'book', 18, '2021-04-08 12:04:08', 'create'),
(290, 15, 'unit', 129, '2021-04-08 12:05:07', 'create'),
(291, 17, 'book', 19, '2021-04-08 12:06:47', 'create'),
(292, 17, 'book', 20, '2021-04-08 12:12:25', 'create'),
(293, 17, 'book', 21, '2021-04-08 12:15:36', 'create'),
(294, 17, 'book', 22, '2021-04-08 12:18:56', 'create'),
(295, 15, 'unit', 130, '2021-04-08 13:18:06', 'create'),
(296, 15, 'unit', 131, '2021-04-08 13:20:24', 'create'),
(297, 15, 'unit', 132, '2021-04-08 13:22:40', 'create'),
(298, 15, 'unit', 133, '2021-04-08 13:23:57', 'create'),
(299, 15, 'unit', 134, '2021-04-08 13:24:37', 'create'),
(300, 15, 'unit', 135, '2021-04-08 13:25:26', 'create'),
(301, 15, 'unit', 136, '2021-04-08 13:29:08', 'create'),
(302, 15, 'unit', 137, '2021-04-08 13:29:52', 'create'),
(303, 15, 'unit', 138, '2021-04-08 13:32:08', 'create'),
(304, 15, 'unit', 139, '2021-04-08 13:33:03', 'create'),
(305, 15, 'unit', 140, '2021-04-08 13:33:55', 'create'),
(306, 15, 'unit', 141, '2021-04-08 13:34:36', 'create'),
(307, 15, 'unit', 142, '2021-04-08 13:36:55', 'create'),
(308, 15, 'unit', 143, '2021-04-08 13:37:31', 'create'),
(309, 15, 'unit', 144, '2021-04-08 13:38:15', 'create'),
(310, 15, 'unit', 145, '2021-04-08 13:39:15', 'create'),
(311, 15, 'unit', 146, '2021-04-08 13:39:39', 'create'),
(312, 15, 'unit', 147, '2021-04-08 14:51:35', 'create'),
(313, 15, 'unit', 148, '2021-04-08 14:53:34', 'create'),
(314, 15, 'unit', 149, '2021-04-08 14:54:49', 'create'),
(315, 15, 'unit', 150, '2021-04-08 14:55:54', 'create'),
(316, 15, 'unit', 151, '2021-04-08 14:57:24', 'create'),
(317, 15, 'unit', 152, '2021-04-08 14:58:49', 'create'),
(318, 15, 'unit', 153, '2021-04-08 14:59:53', 'create'),
(319, 15, 'unit', 154, '2021-04-08 15:00:52', 'create'),
(320, 15, 'unit', 155, '2021-04-08 15:01:46', 'create'),
(321, 15, 'unit', 156, '2021-04-08 15:03:25', 'create'),
(322, 15, 'unit', 157, '2021-04-08 15:05:23', 'create'),
(323, 15, 'unit', 158, '2021-04-08 15:07:14', 'create'),
(324, 15, 'unit', 159, '2021-04-08 15:08:18', 'create'),
(325, 15, 'unit', 160, '2021-04-08 15:09:57', 'create'),
(326, 15, 'unit', 161, '2021-04-08 15:11:03', 'create'),
(327, 15, 'unit', 162, '2021-04-08 15:12:11', 'create'),
(328, 15, 'unit', 163, '2021-04-08 15:14:20', 'create'),
(329, 15, 'unit', 164, '2021-04-08 15:15:11', 'create'),
(330, 15, 'unit', 165, '2021-04-08 15:15:58', 'create'),
(331, 15, 'unit', 166, '2021-04-08 15:17:38', 'create'),
(332, 15, 'unit', 167, '2021-04-08 15:18:29', 'create'),
(333, 15, 'unit', 168, '2021-04-09 04:05:05', 'create'),
(334, 15, 'unit', 169, '2021-04-09 04:05:49', 'create'),
(335, 15, 'unit', 170, '2021-04-09 04:07:13', 'create'),
(336, 15, 'unit', 171, '2021-04-09 04:07:46', 'create'),
(337, 15, 'unit', 172, '2021-04-09 04:08:41', 'create'),
(338, 15, 'unit', 173, '2021-04-09 04:09:27', 'create'),
(339, 15, 'unit', 174, '2021-04-09 04:10:10', 'create'),
(340, 15, 'unit', 175, '2021-04-09 04:11:22', 'create'),
(341, 15, 'unit', 176, '2021-04-09 04:12:10', 'create'),
(342, 15, 'unit', 177, '2021-04-09 04:13:08', 'create'),
(343, 15, 'unit', 178, '2021-04-09 04:13:49', 'create'),
(344, 15, 'unit', 179, '2021-04-09 04:14:29', 'create'),
(345, 15, 'unit', 180, '2021-04-09 04:16:17', 'create'),
(346, 15, 'unit', 181, '2021-04-09 04:17:24', 'create'),
(347, 15, 'unit', 182, '2021-04-09 04:18:55', 'create'),
(348, 14, 'video', 11, '2021-04-09 04:19:21', 'create'),
(349, 15, 'unit', 183, '2021-04-09 04:20:33', 'create'),
(350, 15, 'unit', 184, '2021-04-09 04:21:30', 'create'),
(351, 15, 'unit', 185, '2021-04-09 04:22:10', 'create'),
(352, 15, 'unit', 186, '2021-04-09 04:23:30', 'create'),
(353, 15, 'unit', 187, '2021-04-09 04:24:07', 'create'),
(354, 15, 'unit', 188, '2021-04-09 04:26:01', 'create'),
(355, 14, 'video', 12, '2021-04-09 04:26:11', 'create'),
(356, 14, 'video', 13, '2021-04-09 04:27:33', 'create'),
(357, 15, 'unit', 189, '2021-04-09 04:27:50', 'create'),
(358, 15, 'unit', 190, '2021-04-09 04:29:04', 'create'),
(359, 15, 'unit', 191, '2021-04-09 04:30:05', 'create'),
(360, 14, 'video', 14, '2021-04-09 04:30:11', 'create'),
(361, 15, 'unit', 192, '2021-04-09 04:30:42', 'create'),
(362, 15, 'unit', 193, '2021-04-09 04:31:21', 'create'),
(363, 14, 'video', 15, '2021-04-09 04:31:31', 'create'),
(364, 15, 'unit', 194, '2021-04-09 04:33:04', 'create'),
(365, 15, 'unit', 195, '2021-04-09 04:34:05', 'create'),
(366, 15, 'unit', 196, '2021-04-09 04:34:57', 'create'),
(367, 15, 'unit', 197, '2021-04-09 04:35:40', 'create'),
(368, 15, 'unit', 198, '2021-04-09 04:36:26', 'create'),
(369, 15, 'unit', 199, '2021-04-09 04:37:28', 'create'),
(370, 15, 'unit', 200, '2021-04-09 04:38:18', 'create'),
(371, 14, 'video', 16, '2021-04-09 04:38:44', 'create'),
(372, 15, 'unit', 201, '2021-04-09 04:39:40', 'create'),
(373, 14, 'video', 17, '2021-04-09 04:40:26', 'create'),
(374, 15, 'unit', 202, '2021-04-09 04:41:05', 'create'),
(375, 14, 'video', 18, '2021-04-09 04:42:40', 'create'),
(376, 15, 'unit', 203, '2021-04-09 04:44:21', 'create'),
(377, 15, 'unit', 204, '2021-04-09 04:45:04', 'create'),
(378, 15, 'unit', 205, '2021-04-09 04:45:51', 'create'),
(379, 14, 'video', 19, '2021-04-09 04:46:11', 'create'),
(380, 15, 'unit', 206, '2021-04-09 04:46:30', 'create'),
(381, 14, 'video', 20, '2021-04-09 04:47:11', 'create'),
(382, 15, 'unit', 207, '2021-04-09 04:48:07', 'create'),
(383, 15, 'unit', 208, '2021-04-09 04:49:16', 'create'),
(384, 14, 'video', 21, '2021-04-09 04:49:22', 'create'),
(385, 15, 'unit', 209, '2021-04-09 04:50:07', 'create'),
(386, 14, 'video', 22, '2021-04-09 04:50:25', 'create'),
(387, 15, 'unit', 210, '2021-04-09 04:51:11', 'create'),
(388, 14, 'video', 23, '2021-04-09 04:51:57', 'create'),
(389, 15, 'unit', 211, '2021-04-09 04:52:04', 'create'),
(390, 15, 'unit', 212, '2021-04-09 04:52:51', 'create'),
(391, 14, 'video', 24, '2021-04-09 04:53:05', 'create'),
(392, 15, 'unit', 213, '2021-04-09 04:53:32', 'create'),
(393, 14, 'video', 25, '2021-04-09 04:53:57', 'create'),
(394, 15, 'unit', 214, '2021-04-09 04:54:03', 'create'),
(395, 14, 'video', 26, '2021-04-09 04:55:00', 'create'),
(396, 15, 'unit', 215, '2021-04-09 04:55:02', 'create'),
(397, 15, 'unit', 216, '2021-04-09 04:55:59', 'create'),
(398, 14, 'video', 27, '2021-04-09 04:56:34', 'create'),
(399, 15, 'unit', 217, '2021-04-09 04:56:57', 'create'),
(400, 14, 'video', 28, '2021-04-09 04:57:38', 'create'),
(401, 15, 'unit', 218, '2021-04-09 04:57:46', 'create'),
(402, 14, 'video', 29, '2021-04-09 04:58:50', 'create'),
(403, 15, 'unit', 219, '2021-04-09 04:59:14', 'create'),
(404, 14, 'video', 30, '2021-04-09 04:59:32', 'create'),
(405, 14, 'video', 31, '2021-04-09 04:59:32', 'create'),
(406, 15, 'unit', 220, '2021-04-09 04:59:57', 'create'),
(407, 14, 'video', 32, '2021-04-09 05:00:27', 'create'),
(408, 15, 'unit', 221, '2021-04-09 05:01:15', 'create'),
(409, 15, 'unit', 222, '2021-04-09 05:01:45', 'create'),
(410, 14, 'video', 33, '2021-04-09 05:02:13', 'create'),
(411, 15, 'unit', 223, '2021-04-09 05:02:29', 'create'),
(412, 15, 'unit', 224, '2021-04-09 05:03:06', 'create'),
(413, 14, 'video', 34, '2021-04-09 05:03:15', 'create'),
(414, 15, 'unit', 225, '2021-04-09 05:03:47', 'create'),
(415, 14, 'video', 35, '2021-04-09 05:04:02', 'create'),
(416, 15, 'unit', 226, '2021-04-09 05:04:40', 'create'),
(417, 14, 'video', 36, '2021-04-09 05:04:47', 'create'),
(418, 15, 'unit', 227, '2021-04-09 05:05:23', 'create'),
(419, 14, 'video', 37, '2021-04-09 05:05:30', 'create'),
(420, 14, 'video', 38, '2021-04-09 05:06:17', 'create'),
(421, 15, 'unit', 228, '2021-04-09 05:06:53', 'create'),
(422, 15, 'unit', 229, '2021-04-09 05:07:28', 'create'),
(423, 14, 'video', 39, '2021-04-09 05:08:33', 'create'),
(424, 15, 'unit', 230, '2021-04-09 05:09:11', 'create'),
(425, 15, 'unit', 231, '2021-04-09 05:10:13', 'create'),
(426, 15, 'unit', 232, '2021-04-09 05:10:56', 'create'),
(427, 14, 'video', 40, '2021-04-09 05:11:16', 'create'),
(428, 14, 'video', 41, '2021-04-09 05:12:13', 'create'),
(429, 15, 'unit', 233, '2021-04-09 05:12:13', 'create'),
(430, 14, 'video', 42, '2021-04-09 05:13:09', 'create'),
(431, 15, 'unit', 234, '2021-04-09 05:13:16', 'create'),
(432, 15, 'unit', 235, '2021-04-09 05:14:15', 'create'),
(433, 14, 'video', 43, '2021-04-09 05:14:39', 'create'),
(434, 15, 'unit', 236, '2021-04-09 05:15:49', 'create'),
(435, 14, 'video', 44, '2021-04-09 05:15:59', 'create'),
(436, 14, 'video', 45, '2021-04-09 05:16:01', 'create'),
(437, 14, 'video', 46, '2021-04-09 05:18:16', 'create'),
(438, 14, 'video', 47, '2021-04-09 05:20:19', 'create'),
(439, 14, 'video', 48, '2021-04-09 05:21:02', 'create'),
(440, 15, 'unit', 237, '2021-04-09 05:22:03', 'create'),
(441, 14, 'video', 49, '2021-04-09 05:22:19', 'create'),
(442, 14, 'video', 50, '2021-04-09 05:23:05', 'create'),
(443, 14, 'video', 51, '2021-04-09 05:28:52', 'create'),
(444, 15, 'unit', 238, '2021-04-09 05:30:46', 'create'),
(445, 14, 'video', 52, '2021-04-09 05:31:11', 'create'),
(446, 15, 'unit', 239, '2021-04-09 05:31:22', 'create'),
(447, 15, 'unit', 240, '2021-04-09 05:32:16', 'create'),
(448, 15, 'unit', 241, '2021-04-09 05:33:01', 'create'),
(449, 14, 'video', 53, '2021-04-09 05:33:12', 'create'),
(450, 15, 'unit', 242, '2021-04-09 05:33:49', 'create'),
(451, 14, 'video', 54, '2021-04-09 05:34:07', 'create'),
(452, 15, 'unit', 243, '2021-04-09 05:35:02', 'create'),
(453, 15, 'unit', 244, '2021-04-09 05:36:42', 'create'),
(454, 14, 'video', 55, '2021-04-09 05:37:06', 'create'),
(455, 14, 'video', 56, '2021-04-09 05:38:37', 'create'),
(456, 15, 'unit', 245, '2021-04-09 05:38:46', 'create'),
(457, 15, 'unit', 246, '2021-04-09 05:40:17', 'create'),
(458, 14, 'video', 57, '2021-04-09 05:40:44', 'create'),
(459, 15, 'unit', 247, '2021-04-09 05:41:02', 'create'),
(460, 15, 'unit', 248, '2021-04-09 05:41:58', 'create'),
(461, 15, 'unit', 249, '2021-04-09 05:42:40', 'create'),
(462, 15, 'unit', 250, '2021-04-09 05:43:21', 'create'),
(463, 15, 'unit', 251, '2021-04-09 05:44:05', 'create'),
(464, 14, 'video', 58, '2021-04-09 05:44:34', 'create'),
(465, 15, 'unit', 252, '2021-04-09 05:44:41', 'create'),
(466, 15, 'unit', 253, '2021-04-09 05:45:26', 'create'),
(467, 15, 'unit', 254, '2021-04-09 05:46:24', 'create'),
(468, 14, 'video', 59, '2021-04-09 05:47:50', 'create'),
(469, 15, 'unit', 255, '2021-04-09 05:48:50', 'create'),
(470, 14, 'video', 60, '2021-04-09 05:49:07', 'create'),
(471, 15, 'unit', 256, '2021-04-09 05:49:49', 'create'),
(472, 14, 'video', 61, '2021-04-09 05:50:22', 'create'),
(473, 15, 'unit', 257, '2021-04-09 05:51:16', 'create'),
(474, 15, 'unit', 258, '2021-04-09 05:54:40', 'create'),
(475, 14, 'video', 62, '2021-04-09 05:55:25', 'create'),
(476, 15, 'unit', 259, '2021-04-09 05:55:25', 'create'),
(477, 15, 'unit', 260, '2021-04-09 05:56:37', 'create'),
(478, 14, 'video', 63, '2021-04-09 05:57:29', 'create'),
(479, 15, 'unit', 261, '2021-04-09 05:57:53', 'create'),
(480, 15, 'unit', 262, '2021-04-09 05:59:36', 'create'),
(481, 14, 'video', 64, '2021-04-09 05:59:42', 'create'),
(482, 14, 'video', 65, '2021-04-09 06:00:44', 'create'),
(483, 15, 'unit', 263, '2021-04-09 06:01:06', 'create'),
(484, 15, 'unit', 264, '2021-04-09 06:02:14', 'create'),
(485, 14, 'video', 66, '2021-04-09 06:02:33', 'create'),
(486, 15, 'unit', 265, '2021-04-09 06:04:24', 'create'),
(487, 15, 'unit', 266, '2021-04-09 06:05:32', 'create'),
(488, 14, 'video', 67, '2021-04-09 06:06:53', 'create'),
(489, 14, 'video', 68, '2021-04-09 06:06:54', 'create'),
(490, 15, 'unit', 267, '2021-04-09 06:07:18', 'create'),
(491, 14, 'video', 69, '2021-04-09 06:07:48', 'create'),
(492, 14, 'video', 70, '2021-04-09 06:09:04', 'create'),
(493, 15, 'unit', 268, '2021-04-09 06:09:38', 'create'),
(494, 14, 'video', 71, '2021-04-09 06:10:05', 'create'),
(495, 15, 'unit', 269, '2021-04-09 06:10:47', 'create'),
(496, 15, 'unit', 270, '2021-04-09 06:11:48', 'create'),
(497, 15, 'unit', 271, '2021-04-09 06:12:59', 'create'),
(498, 14, 'video', 72, '2021-04-09 06:13:40', 'create'),
(499, 15, 'unit', 272, '2021-04-09 06:14:02', 'create'),
(500, 14, 'video', 73, '2021-04-09 06:14:47', 'create'),
(501, 15, 'unit', 273, '2021-04-09 06:15:00', 'create'),
(502, 14, 'video', 74, '2021-04-09 06:15:58', 'create'),
(503, 15, 'unit', 274, '2021-04-09 06:16:22', 'create'),
(504, 14, 'video', 75, '2021-04-09 06:17:53', 'create'),
(505, 15, 'unit', 275, '2021-04-09 06:18:13', 'create'),
(506, 14, 'video', 76, '2021-04-09 06:19:47', 'create'),
(507, 15, 'unit', 276, '2021-04-09 06:21:55', 'create'),
(508, 15, 'unit', 277, '2021-04-09 06:22:47', 'create'),
(509, 15, 'unit', 278, '2021-04-09 06:23:56', 'create'),
(510, 15, 'unit', 279, '2021-04-09 06:26:15', 'create'),
(511, 15, 'unit', 280, '2021-04-09 06:27:15', 'create'),
(512, 15, 'unit', 281, '2021-04-09 06:28:18', 'create'),
(513, 15, 'unit', 282, '2021-04-09 06:29:42', 'create'),
(514, 15, 'unit', 283, '2021-04-09 06:30:30', 'create'),
(515, 15, 'unit', 284, '2021-04-09 06:31:12', 'create'),
(516, 15, 'unit', 285, '2021-04-09 06:32:08', 'create'),
(517, 14, 'video', 77, '2021-04-09 06:33:37', 'create'),
(518, 15, 'unit', 286, '2021-04-09 06:33:41', 'create'),
(519, 15, 'unit', 287, '2021-04-09 06:34:27', 'create'),
(520, 15, 'unit', 288, '2021-04-09 06:34:56', 'create'),
(521, 15, 'unit', 289, '2021-04-09 06:35:32', 'create'),
(522, 14, 'video', 78, '2021-04-09 06:35:38', 'create'),
(523, 14, 'video', 79, '2021-04-09 06:36:41', 'create'),
(524, 15, 'unit', 290, '2021-04-09 06:37:11', 'create'),
(525, 14, 'video', 80, '2021-04-09 06:37:55', 'create'),
(526, 15, 'unit', 291, '2021-04-09 06:38:33', 'create'),
(527, 15, 'unit', 292, '2021-04-09 06:39:14', 'create'),
(528, 15, 'unit', 293, '2021-04-09 06:40:12', 'create'),
(529, 14, 'video', 81, '2021-04-09 06:40:13', 'create'),
(530, 15, 'unit', 294, '2021-04-09 06:40:52', 'create'),
(531, 15, 'unit', 295, '2021-04-09 06:41:52', 'create'),
(532, 14, 'video', 82, '2021-04-09 06:42:12', 'create'),
(533, 15, 'unit', 296, '2021-04-09 06:42:34', 'create'),
(534, 15, 'unit', 297, '2021-04-09 06:43:11', 'create'),
(535, 14, 'video', 83, '2021-04-09 06:43:45', 'create'),
(536, 15, 'unit', 298, '2021-04-09 06:44:24', 'create'),
(537, 14, 'video', 84, '2021-04-09 06:45:13', 'create'),
(538, 15, 'unit', 299, '2021-04-09 06:45:42', 'create'),
(539, 15, 'unit', 300, '2021-04-09 06:46:22', 'create'),
(540, 14, 'video', 85, '2021-04-09 06:46:35', 'create'),
(541, 14, 'video', 86, '2021-04-09 06:47:48', 'create'),
(542, 15, 'unit', 301, '2021-04-09 07:10:25', 'create'),
(543, 15, 'unit', 302, '2021-04-09 07:12:55', 'create'),
(544, 15, 'unit', 303, '2021-04-09 07:14:21', 'create'),
(545, 15, 'unit', 304, '2021-04-09 07:15:05', 'create'),
(546, 15, 'unit', 305, '2021-04-09 07:15:47', 'create'),
(547, 15, 'unit', 306, '2021-04-09 07:16:18', 'create'),
(548, 15, 'unit', 307, '2021-04-09 07:18:30', 'create'),
(549, 15, 'unit', 308, '2021-04-09 07:18:51', 'create'),
(550, 15, 'unit', 309, '2021-04-09 07:21:28', 'create'),
(551, 15, 'unit', 310, '2021-04-09 07:22:14', 'create'),
(552, 15, 'unit', 311, '2021-04-09 07:22:56', 'create'),
(553, 15, 'unit', 312, '2021-04-09 07:23:33', 'create'),
(554, 15, 'unit', 313, '2021-04-09 07:24:03', 'create'),
(555, 15, 'unit', 314, '2021-04-09 07:25:47', 'create'),
(556, 15, 'unit', 315, '2021-04-09 07:26:29', 'create'),
(557, 15, 'unit', 316, '2021-04-09 07:27:10', 'create'),
(558, 15, 'unit', 317, '2021-04-09 07:27:35', 'create'),
(559, 15, 'unit', 318, '2021-04-09 10:22:18', 'create'),
(560, 15, 'unit', 319, '2021-04-09 10:23:18', 'create'),
(561, 15, 'unit', 320, '2021-04-09 10:24:24', 'create'),
(562, 15, 'unit', 321, '2021-04-09 10:25:18', 'create'),
(563, 15, 'unit', 322, '2021-04-09 10:26:31', 'create'),
(564, 15, 'unit', 323, '2021-04-09 10:27:19', 'create'),
(565, 15, 'unit', 324, '2021-04-09 10:28:58', 'create'),
(566, 15, 'unit', 325, '2021-04-09 10:30:54', 'create'),
(567, 15, 'unit', 326, '2021-04-09 10:32:59', 'create'),
(568, 15, 'unit', 327, '2021-04-09 10:33:58', 'create'),
(569, 15, 'unit', 328, '2021-04-09 10:35:31', 'create'),
(570, 15, 'unit', 329, '2021-04-09 10:36:33', 'create'),
(571, 15, 'unit', 330, '2021-04-09 10:38:02', 'create'),
(572, 15, 'unit', 331, '2021-04-09 10:38:54', 'create'),
(573, 15, 'unit', 332, '2021-04-09 10:40:59', 'create'),
(574, 15, 'unit', 333, '2021-04-09 10:42:30', 'create'),
(575, 15, 'unit', 334, '2021-04-09 10:43:58', 'create'),
(576, 15, 'unit', 335, '2021-04-09 10:44:36', 'create'),
(577, 15, 'unit', 336, '2021-04-09 10:45:45', 'create'),
(578, 15, 'unit', 337, '2021-04-09 10:46:23', 'create'),
(579, 15, 'unit', 338, '2021-04-09 10:47:42', 'create'),
(580, 15, 'unit', 339, '2021-04-09 10:48:32', 'create'),
(581, 15, 'unit', 340, '2021-04-09 10:49:49', 'create'),
(582, 15, 'unit', 341, '2021-04-09 10:51:41', 'create'),
(583, 15, 'unit', 342, '2021-04-09 10:52:35', 'create'),
(584, 15, 'unit', 343, '2021-04-09 10:53:20', 'create'),
(585, 15, 'unit', 344, '2021-04-09 10:54:33', 'create'),
(586, 15, 'unit', 345, '2021-04-09 10:55:10', 'create'),
(587, 15, 'unit', 346, '2021-04-09 10:56:00', 'create'),
(588, 15, 'unit', 347, '2021-04-09 10:56:57', 'create'),
(589, 15, 'unit', 348, '2021-04-09 10:57:41', 'create'),
(590, 15, 'unit', 349, '2021-04-09 10:58:28', 'create'),
(591, 15, 'unit', 350, '2021-04-09 10:59:03', 'create'),
(592, 15, 'unit', 351, '2021-04-09 11:00:11', 'create'),
(593, 15, 'unit', 352, '2021-04-09 11:00:51', 'create'),
(594, 15, 'unit', 353, '2021-04-09 11:02:01', 'create'),
(595, 15, 'unit', 354, '2021-04-09 11:02:47', 'create'),
(596, 15, 'unit', 355, '2021-04-09 11:04:24', 'create'),
(597, 15, 'unit', 356, '2021-04-09 11:05:17', 'create'),
(598, 15, 'unit', 357, '2021-04-09 11:06:13', 'create'),
(599, 15, 'unit', 358, '2021-04-09 11:08:01', 'create'),
(600, 15, 'unit', 359, '2021-04-09 11:09:02', 'create'),
(601, 15, 'unit', 360, '2021-04-09 11:10:11', 'create'),
(602, 15, 'unit', 361, '2021-04-09 11:16:51', 'create'),
(603, 15, 'unit', 362, '2021-04-09 11:17:36', 'create'),
(604, 15, 'unit', 363, '2021-04-09 11:18:42', 'create'),
(605, 15, 'unit', 364, '2021-04-09 11:19:42', 'create'),
(606, 15, 'unit', 365, '2021-04-09 11:20:20', 'create'),
(607, 15, 'unit', 366, '2021-04-09 11:21:29', 'create'),
(608, 15, 'unit', 367, '2021-04-09 11:22:11', 'create'),
(609, 15, 'unit', 368, '2021-04-09 11:22:55', 'create'),
(610, 15, 'unit', 369, '2021-04-09 11:23:35', 'create'),
(611, 15, 'unit', 370, '2021-04-09 11:24:17', 'create'),
(612, 15, 'unit', 371, '2021-04-09 11:25:08', 'create'),
(613, 15, 'unit', 372, '2021-04-09 11:26:12', 'create'),
(614, 15, 'unit', 373, '2021-04-09 13:01:19', 'create'),
(615, 15, 'unit', 374, '2021-04-09 13:01:57', 'create'),
(616, 15, 'unit', 375, '2021-04-09 13:03:42', 'create'),
(617, 15, 'unit', 376, '2021-04-09 13:05:02', 'create'),
(618, 15, 'unit', 377, '2021-04-09 13:06:29', 'create'),
(619, 15, 'unit', 378, '2021-04-09 13:07:14', 'create'),
(620, 15, 'unit', 379, '2021-04-09 13:07:57', 'create'),
(621, 15, 'unit', 380, '2021-04-09 13:09:05', 'create'),
(622, 15, 'unit', 381, '2021-04-09 13:09:35', 'create'),
(623, 15, 'unit', 382, '2021-04-09 13:10:08', 'create'),
(624, 15, 'unit', 383, '2021-04-09 13:11:26', 'create'),
(625, 15, 'unit', 384, '2021-04-09 13:11:56', 'create'),
(626, 15, 'unit', 385, '2021-04-09 13:13:23', 'create'),
(627, 15, 'unit', 386, '2021-04-09 13:14:31', 'create'),
(628, 15, 'unit', 387, '2021-04-09 13:15:44', 'create'),
(629, 15, 'unit', 388, '2021-04-09 13:16:44', 'create'),
(630, 15, 'unit', 389, '2021-04-09 13:17:39', 'create'),
(631, 15, 'unit', 390, '2021-04-09 13:18:09', 'create'),
(632, 15, 'unit', 391, '2021-04-09 13:19:04', 'create'),
(633, 15, 'unit', 392, '2021-04-09 13:20:04', 'create'),
(634, 15, 'unit', 393, '2021-04-09 13:21:07', 'create'),
(635, 15, 'unit', 394, '2021-04-09 13:22:27', 'create'),
(636, 15, 'unit', 395, '2021-04-09 13:23:02', 'create'),
(637, 15, 'unit', 396, '2021-04-09 13:23:37', 'create'),
(638, 15, 'unit', 397, '2021-04-09 13:24:34', 'create'),
(639, 15, 'unit', 398, '2021-04-09 14:15:41', 'create'),
(640, 15, 'unit', 399, '2021-04-09 14:16:41', 'create'),
(641, 15, 'unit', 400, '2021-04-09 14:17:24', 'create'),
(642, 15, 'unit', 401, '2021-04-09 14:17:56', 'create'),
(643, 15, 'unit', 402, '2021-04-09 14:18:19', 'create'),
(644, 15, 'unit', 403, '2021-04-09 14:20:20', 'create'),
(645, 15, 'unit', 404, '2021-04-09 14:21:22', 'create'),
(646, 15, 'unit', 405, '2021-04-09 14:22:25', 'create'),
(647, 15, 'unit', 406, '2021-04-09 14:25:14', 'create'),
(648, 15, 'unit', 407, '2021-04-09 14:26:17', 'create'),
(649, 15, 'unit', 408, '2021-04-09 14:26:48', 'create'),
(650, 15, 'unit', 409, '2021-04-09 14:27:16', 'create'),
(651, 15, 'unit', 410, '2021-04-09 14:28:06', 'create'),
(652, 15, 'unit', 411, '2021-04-09 14:28:51', 'create'),
(653, 15, 'unit', 412, '2021-04-09 14:29:31', 'create'),
(654, 15, 'unit', 413, '2021-04-09 14:30:23', 'create'),
(655, 15, 'unit', 414, '2021-04-09 14:31:53', 'create'),
(656, 15, 'unit', 415, '2021-04-09 14:55:38', 'create'),
(657, 15, 'unit', 416, '2021-04-09 14:56:54', 'create'),
(658, 15, 'unit', 417, '2021-04-09 14:57:37', 'create'),
(659, 15, 'unit', 418, '2021-04-09 14:58:46', 'create'),
(660, 15, 'unit', 419, '2021-04-09 14:59:23', 'create'),
(661, 15, 'unit', 420, '2021-04-09 15:00:10', 'create'),
(662, 15, 'unit', 421, '2021-04-09 15:01:48', 'create'),
(663, 15, 'unit', 422, '2021-04-09 15:02:53', 'create'),
(664, 15, 'unit', 423, '2021-04-09 15:03:56', 'create'),
(665, 15, 'unit', 424, '2021-04-09 15:04:46', 'create'),
(666, 15, 'unit', 425, '2021-04-09 15:05:45', 'create'),
(667, 15, 'unit', 426, '2021-04-09 15:06:34', 'create'),
(668, 15, 'unit', 427, '2021-04-09 15:08:29', 'create'),
(669, 15, 'unit', 428, '2021-04-09 15:10:30', 'create'),
(670, 15, 'unit', 429, '2021-04-09 15:11:40', 'create'),
(671, 15, 'unit', 430, '2021-04-09 15:13:31', 'create'),
(672, 15, 'unit', 431, '2021-04-09 15:14:55', 'create'),
(673, 15, 'unit', 432, '2021-04-09 15:16:44', 'create'),
(674, 15, 'unit', 433, '2021-04-09 15:17:58', 'create'),
(675, 15, 'unit', 434, '2021-04-09 15:21:19', 'create'),
(676, 15, 'unit', 435, '2021-04-09 15:22:19', 'create'),
(677, 15, 'unit', 436, '2021-04-09 15:24:01', 'create'),
(678, 15, 'unit', 437, '2021-04-09 15:24:50', 'create'),
(679, 15, 'unit', 438, '2021-04-09 15:26:54', 'create'),
(680, 15, 'unit', 439, '2021-04-09 15:28:07', 'create'),
(681, 15, 'unit', 440, '2021-04-09 15:29:02', 'create'),
(682, 15, 'unit', 441, '2021-04-09 15:29:48', 'create'),
(683, 15, 'unit', 442, '2021-04-09 15:30:41', 'create'),
(684, 15, 'unit', 443, '2021-04-09 15:31:37', 'create'),
(685, 15, 'unit', 444, '2021-04-09 15:32:31', 'create'),
(686, 15, 'unit', 445, '2021-04-09 15:33:28', 'create'),
(687, 15, 'unit', 446, '2021-04-09 15:34:10', 'create'),
(688, 15, 'unit', 447, '2021-04-09 15:35:37', 'create'),
(689, 15, 'unit', 448, '2021-04-09 15:38:18', 'create'),
(690, 15, 'unit', 449, '2021-04-09 15:40:57', 'create'),
(691, 15, 'unit', 450, '2021-04-09 15:42:04', 'create'),
(692, 15, 'unit', 451, '2021-04-09 15:43:18', 'create'),
(693, 15, 'unit', 452, '2021-04-09 15:44:28', 'create'),
(694, 15, 'unit', 453, '2021-04-09 15:45:58', 'create'),
(695, 15, 'unit', 454, '2021-04-09 15:47:03', 'create'),
(696, 15, 'unit', 455, '2021-04-09 15:48:04', 'create'),
(697, 15, 'unit', 456, '2021-04-09 15:48:44', 'create'),
(698, 15, 'unit', 457, '2021-04-09 15:50:22', 'create'),
(699, 15, 'unit', 458, '2021-04-09 16:04:30', 'create'),
(700, 15, 'unit', 459, '2021-04-09 16:05:54', 'create'),
(701, 15, 'unit', 460, '2021-04-09 16:07:42', 'create'),
(702, 15, 'unit', 461, '2021-04-09 16:09:46', 'create'),
(703, 15, 'unit', 462, '2021-04-09 16:10:49', 'create'),
(704, 15, 'unit', 463, '2021-04-09 16:12:24', 'create'),
(705, 15, 'unit', 464, '2021-04-09 16:13:48', 'create'),
(706, 15, 'unit', 465, '2021-04-09 16:21:43', 'create'),
(707, 15, 'unit', 466, '2021-04-09 16:24:26', 'create'),
(708, 15, 'unit', 467, '2021-04-09 16:25:23', 'create'),
(709, 15, 'unit', 468, '2021-04-09 16:26:49', 'create'),
(710, 15, 'unit', 469, '2021-04-09 16:29:12', 'create'),
(711, 15, 'unit', 470, '2021-04-09 16:31:43', 'create'),
(712, 15, 'unit', 471, '2021-04-09 16:32:59', 'create'),
(713, 15, 'unit', 472, '2021-04-09 16:33:52', 'create'),
(714, 15, 'unit', 473, '2021-04-09 16:35:29', 'create'),
(715, 15, 'unit', 474, '2021-04-09 16:37:19', 'create'),
(716, 15, 'unit', 475, '2021-04-09 16:39:09', 'create'),
(717, 15, 'unit', 476, '2021-04-09 16:40:54', 'create'),
(718, 15, 'unit', 477, '2021-04-09 16:42:52', 'create'),
(719, 15, 'unit', 478, '2021-04-09 16:43:34', 'create'),
(720, 17, 'book', 23, '2021-04-10 02:33:39', 'create'),
(721, 17, 'book', 24, '2021-04-10 02:34:31', 'create'),
(722, 17, 'book', 25, '2021-04-10 02:35:15', 'create'),
(723, 17, 'book', 26, '2021-04-10 02:39:58', 'create'),
(724, 17, 'book', 27, '2021-04-10 02:42:48', 'create'),
(725, 17, 'book', 28, '2021-04-10 02:45:49', 'create'),
(726, 17, 'book', 29, '2021-04-10 02:54:26', 'create'),
(727, 17, 'book', 30, '2021-04-10 02:57:58', 'create'),
(728, 17, 'book', 31, '2021-04-10 03:02:41', 'create'),
(729, 17, 'book', 32, '2021-04-10 03:04:42', 'create'),
(730, 17, 'book', 33, '2021-04-10 03:10:36', 'create'),
(731, 17, 'book', 34, '2021-04-10 03:13:30', 'create'),
(732, 17, 'book', 35, '2021-04-10 03:13:30', 'create'),
(733, 17, 'book', 36, '2021-04-10 03:21:31', 'create'),
(734, 17, 'book', 37, '2021-04-10 03:24:52', 'create'),
(735, 17, 'book', 38, '2021-04-10 03:29:26', 'create'),
(736, 17, 'book', 39, '2021-04-10 03:32:37', 'create'),
(737, 15, 'unit', 479, '2021-04-10 03:38:15', 'create'),
(738, 17, 'book', 40, '2021-04-10 03:39:11', 'create'),
(739, 15, 'unit', 480, '2021-04-10 03:39:32', 'create'),
(740, 15, 'unit', 481, '2021-04-10 03:40:19', 'create'),
(741, 15, 'unit', 482, '2021-04-10 03:41:19', 'create'),
(742, 17, 'book', 41, '2021-04-10 03:41:43', 'create'),
(743, 15, 'unit', 483, '2021-04-10 03:42:00', 'create'),
(744, 15, 'unit', 484, '2021-04-10 03:43:16', 'create'),
(745, 15, 'unit', 485, '2021-04-10 03:44:53', 'create'),
(746, 15, 'unit', 486, '2021-04-10 03:46:11', 'create'),
(747, 15, 'unit', 487, '2021-04-10 03:48:01', 'create'),
(748, 17, 'book', 42, '2021-04-10 03:48:09', 'create'),
(749, 15, 'unit', 488, '2021-04-10 03:48:35', 'create'),
(750, 15, 'unit', 489, '2021-04-10 03:49:25', 'create'),
(751, 15, 'unit', 490, '2021-04-10 03:50:06', 'create'),
(752, 15, 'unit', 491, '2021-04-10 03:51:39', 'create'),
(753, 17, 'book', 43, '2021-04-10 03:51:41', 'create'),
(754, 15, 'unit', 492, '2021-04-10 03:52:34', 'create'),
(755, 15, 'unit', 493, '2021-04-10 03:53:19', 'create'),
(756, 15, 'unit', 494, '2021-04-10 03:54:00', 'create'),
(757, 15, 'unit', 495, '2021-04-10 03:54:47', 'create'),
(758, 15, 'unit', 496, '2021-04-10 03:55:26', 'create'),
(759, 15, 'unit', 497, '2021-04-10 03:56:27', 'create'),
(760, 15, 'unit', 498, '2021-04-10 03:57:57', 'create'),
(761, 15, 'unit', 499, '2021-04-10 03:59:10', 'create'),
(762, 17, 'book', 44, '2021-04-10 04:00:02', 'create'),
(763, 15, 'unit', 500, '2021-04-10 04:00:26', 'create'),
(764, 17, 'book', 45, '2021-04-10 04:01:34', 'create'),
(765, 15, 'unit', 501, '2021-04-10 04:01:45', 'create'),
(766, 15, 'unit', 502, '2021-04-10 04:02:50', 'create'),
(767, 17, 'book', 46, '2021-04-10 04:03:18', 'create'),
(768, 15, 'unit', 503, '2021-04-10 04:03:56', 'create'),
(769, 15, 'unit', 504, '2021-04-10 04:05:34', 'create'),
(770, 15, 'unit', 505, '2021-04-10 04:06:51', 'create'),
(771, 15, 'unit', 506, '2021-04-10 04:07:25', 'create'),
(772, 15, 'unit', 507, '2021-04-10 04:10:46', 'create'),
(773, 15, 'unit', 508, '2021-04-10 04:11:43', 'create'),
(774, 15, 'unit', 509, '2021-04-10 04:12:17', 'create'),
(775, 15, 'unit', 510, '2021-04-10 04:13:27', 'create'),
(776, 15, 'unit', 511, '2021-04-10 04:14:12', 'create'),
(777, 15, 'unit', 512, '2021-04-10 04:14:44', 'create'),
(778, 15, 'unit', 513, '2021-04-10 04:15:23', 'create'),
(779, 15, 'unit', 514, '2021-04-10 04:16:15', 'create'),
(780, 15, 'unit', 515, '2021-04-10 04:16:51', 'create'),
(781, 15, 'unit', 516, '2021-04-10 04:17:36', 'create'),
(782, 15, 'unit', 517, '2021-04-10 04:18:14', 'create'),
(783, 15, 'unit', 518, '2021-04-10 04:19:33', 'create'),
(784, 15, 'unit', 519, '2021-04-10 04:21:48', 'create'),
(785, 15, 'unit', 520, '2021-04-10 04:22:19', 'create'),
(786, 15, 'unit', 521, '2021-04-10 04:23:10', 'create'),
(787, 15, 'unit', 522, '2021-04-10 04:24:54', 'create'),
(788, 15, 'unit', 523, '2021-04-10 04:26:19', 'create'),
(789, 15, 'unit', 524, '2021-04-10 04:27:22', 'create'),
(790, 15, 'unit', 525, '2021-04-10 04:28:07', 'create'),
(791, 15, 'unit', 526, '2021-04-10 04:28:47', 'create'),
(792, 15, 'unit', 527, '2021-04-10 04:29:45', 'create'),
(793, 15, 'unit', 528, '2021-04-10 04:30:43', 'create'),
(794, 15, 'unit', 529, '2021-04-10 04:31:54', 'create'),
(795, 15, 'unit', 530, '2021-04-10 04:32:46', 'create'),
(796, 15, 'unit', 531, '2021-04-10 04:33:23', 'create'),
(797, 15, 'unit', 532, '2021-04-10 04:34:42', 'create'),
(798, 15, 'unit', 533, '2021-04-10 04:35:36', 'create'),
(799, 15, 'unit', 534, '2021-04-10 04:38:02', 'create'),
(800, 15, 'unit', 535, '2021-04-10 04:38:49', 'create'),
(801, 15, 'unit', 536, '2021-04-10 04:40:05', 'create'),
(802, 15, 'unit', 537, '2021-04-10 04:47:08', 'create'),
(803, 15, 'unit', 538, '2021-04-10 04:48:13', 'create'),
(804, 15, 'unit', 539, '2021-04-10 04:48:57', 'create'),
(805, 15, 'unit', 540, '2021-04-10 04:49:39', 'create'),
(806, 15, 'unit', 541, '2021-04-10 04:50:39', 'create'),
(807, 17, 'book', 47, '2021-04-10 04:52:12', 'create'),
(808, 15, 'unit', 542, '2021-04-10 04:52:19', 'create'),
(809, 15, 'unit', 543, '2021-04-10 04:53:25', 'create'),
(810, 15, 'unit', 544, '2021-04-10 04:54:24', 'create'),
(811, 15, 'unit', 545, '2021-04-10 04:56:35', 'create'),
(812, 15, 'unit', 546, '2021-04-10 04:57:15', 'create'),
(813, 17, 'book', 48, '2021-04-10 04:57:34', 'create'),
(814, 15, 'unit', 547, '2021-04-10 04:59:43', 'create'),
(815, 15, 'unit', 548, '2021-04-10 05:00:48', 'create'),
(816, 15, 'unit', 549, '2021-04-10 05:01:42', 'create'),
(817, 15, 'unit', 550, '2021-04-10 05:02:23', 'create'),
(818, 15, 'unit', 551, '2021-04-10 05:03:16', 'create'),
(819, 15, 'unit', 552, '2021-04-10 05:03:57', 'create'),
(820, 15, 'unit', 553, '2021-04-10 05:05:06', 'create'),
(821, 15, 'unit', 554, '2021-04-10 05:05:50', 'create'),
(822, 15, 'unit', 555, '2021-04-10 05:06:32', 'create'),
(823, 15, 'unit', 556, '2021-04-10 05:07:22', 'create'),
(824, 15, 'unit', 557, '2021-04-10 05:08:06', 'create'),
(825, 15, 'unit', 558, '2021-04-10 05:08:52', 'create'),
(826, 15, 'unit', 559, '2021-04-10 05:09:27', 'create'),
(827, 17, 'book', 49, '2021-04-10 05:11:59', 'create'),
(828, 15, 'unit', 560, '2021-04-10 05:12:51', 'create'),
(829, 15, 'unit', 561, '2021-04-10 05:13:53', 'create'),
(830, 15, 'unit', 562, '2021-04-10 05:14:42', 'create'),
(831, 17, 'book', 50, '2021-04-10 05:15:34', 'create'),
(832, 15, 'unit', 563, '2021-04-10 05:15:55', 'create'),
(833, 15, 'unit', 564, '2021-04-10 05:16:51', 'create'),
(834, 15, 'unit', 565, '2021-04-10 05:17:26', 'create'),
(835, 15, 'unit', 566, '2021-04-10 05:19:16', 'create'),
(836, 15, 'unit', 567, '2021-04-10 05:20:25', 'create'),
(837, 15, 'unit', 568, '2021-04-10 05:21:46', 'create'),
(838, 17, 'book', 51, '2021-04-10 05:22:19', 'create'),
(839, 15, 'unit', 569, '2021-04-10 05:23:33', 'create'),
(840, 17, 'book', 52, '2021-04-10 05:24:33', 'create'),
(841, 15, 'unit', 570, '2021-04-10 05:24:46', 'create'),
(842, 15, 'unit', 571, '2021-04-10 05:25:41', 'create'),
(843, 15, 'unit', 572, '2021-04-10 05:26:32', 'create'),
(844, 15, 'unit', 573, '2021-04-10 05:27:13', 'create'),
(845, 15, 'unit', 574, '2021-04-10 05:29:34', 'create'),
(846, 15, 'unit', 575, '2021-04-10 05:30:49', 'create'),
(847, 15, 'unit', 576, '2021-04-10 05:31:36', 'create'),
(848, 15, 'unit', 577, '2021-04-10 05:32:34', 'create'),
(849, 15, 'unit', 578, '2021-04-10 05:33:00', 'create'),
(850, 15, 'unit', 579, '2021-04-10 05:37:25', 'create'),
(851, 15, 'unit', 580, '2021-04-10 05:38:42', 'create'),
(852, 15, 'unit', 581, '2021-04-10 05:39:40', 'create'),
(853, 15, 'unit', 582, '2021-04-10 05:40:59', 'create'),
(854, 15, 'unit', 583, '2021-04-10 05:41:46', 'create'),
(855, 15, 'unit', 584, '2021-04-10 05:42:43', 'create'),
(856, 15, 'unit', 585, '2021-04-10 05:44:12', 'create'),
(857, 15, 'unit', 586, '2021-04-10 05:54:56', 'create'),
(858, 15, 'unit', 587, '2021-04-10 05:55:44', 'create'),
(859, 15, 'unit', 588, '2021-04-10 05:57:03', 'create'),
(860, 15, 'unit', 589, '2021-04-10 05:58:04', 'create'),
(861, 15, 'unit', 590, '2021-04-10 05:58:55', 'create'),
(862, 15, 'unit', 591, '2021-04-10 06:00:02', 'create'),
(863, 15, 'unit', 592, '2021-04-10 06:01:34', 'create'),
(864, 15, 'unit', 593, '2021-04-10 06:02:29', 'create'),
(865, 15, 'unit', 594, '2021-04-10 06:03:12', 'create'),
(866, 15, 'unit', 595, '2021-04-10 06:04:07', 'create'),
(867, 15, 'unit', 596, '2021-04-10 06:04:57', 'create'),
(868, 15, 'unit', 597, '2021-04-10 06:07:26', 'create'),
(869, 15, 'unit', 598, '2021-04-10 06:08:40', 'create'),
(870, 15, 'unit', 599, '2021-04-10 06:09:29', 'create'),
(871, 15, 'unit', 600, '2021-04-10 06:10:07', 'create'),
(872, 15, 'unit', 601, '2021-04-10 06:11:54', 'create'),
(873, 15, 'unit', 602, '2021-04-10 06:12:54', 'create'),
(874, 15, 'unit', 603, '2021-04-10 06:13:47', 'create'),
(875, 15, 'unit', 604, '2021-04-10 06:14:37', 'create'),
(876, 15, 'unit', 605, '2021-04-10 06:15:18', 'create'),
(877, 15, 'unit', 606, '2021-04-10 06:16:04', 'create'),
(878, 15, 'unit', 607, '2021-04-10 06:16:55', 'create'),
(879, 15, 'unit', 608, '2021-04-10 06:17:36', 'create'),
(880, 15, 'unit', 609, '2021-04-10 06:18:08', 'create'),
(881, 15, 'unit', 610, '2021-04-10 06:19:37', 'create'),
(882, 17, 'book', 53, '2021-04-10 06:20:08', 'create'),
(883, 15, 'unit', 611, '2021-04-10 06:20:17', 'create'),
(884, 15, 'unit', 612, '2021-04-10 06:21:01', 'create'),
(885, 15, 'unit', 613, '2021-04-10 06:22:11', 'create'),
(886, 15, 'unit', 614, '2021-04-10 06:23:41', 'create'),
(887, 15, 'unit', 615, '2021-04-10 06:24:40', 'create'),
(888, 15, 'unit', 616, '2021-04-10 06:25:37', 'create'),
(889, 15, 'unit', 617, '2021-04-10 06:26:38', 'create'),
(890, 17, 'book', 54, '2021-04-10 06:26:57', 'create'),
(891, 15, 'unit', 618, '2021-04-10 06:27:12', 'create'),
(892, 15, 'unit', 619, '2021-04-10 06:27:47', 'create'),
(893, 17, 'book', 55, '2021-04-10 06:28:27', 'create'),
(894, 14, 'video', 87, '2021-04-10 06:29:02', 'create'),
(895, 15, 'unit', 620, '2021-04-10 06:29:45', 'create'),
(896, 14, 'video', 88, '2021-04-10 06:30:39', 'create'),
(897, 15, 'unit', 621, '2021-04-10 06:31:02', 'create'),
(898, 14, 'video', 89, '2021-04-10 06:31:50', 'create'),
(899, 15, 'unit', 622, '2021-04-10 06:32:30', 'create'),
(900, 15, 'unit', 623, '2021-04-10 06:33:25', 'create'),
(901, 14, 'video', 90, '2021-04-10 06:33:40', 'create'),
(902, 15, 'unit', 624, '2021-04-10 06:34:31', 'create'),
(903, 14, 'video', 91, '2021-04-10 06:34:34', 'create'),
(904, 17, 'book', 56, '2021-04-10 06:35:24', 'create'),
(905, 15, 'unit', 625, '2021-04-10 06:35:38', 'create'),
(906, 15, 'unit', 626, '2021-04-10 06:37:26', 'create'),
(907, 14, 'video', 92, '2021-04-10 06:38:00', 'create'),
(908, 15, 'unit', 627, '2021-04-10 06:38:31', 'create'),
(909, 14, 'video', 93, '2021-04-10 06:38:45', 'create'),
(910, 15, 'unit', 628, '2021-04-10 06:39:07', 'create');
INSERT INTO `user_data_logs` (`id`, `user_id`, `type`, `type_id`, `upload_time`, `operation`) VALUES
(911, 14, 'video', 94, '2021-04-10 06:39:54', 'create'),
(912, 15, 'unit', 629, '2021-04-10 06:39:57', 'create'),
(913, 15, 'unit', 630, '2021-04-10 06:41:11', 'create'),
(914, 15, 'unit', 631, '2021-04-10 06:42:15', 'create'),
(915, 14, 'video', 95, '2021-04-10 06:42:27', 'create'),
(916, 15, 'unit', 632, '2021-04-10 06:43:32', 'create'),
(917, 14, 'video', 96, '2021-04-10 06:43:57', 'create'),
(918, 15, 'unit', 633, '2021-04-10 06:44:27', 'create'),
(919, 14, 'video', 97, '2021-04-10 06:44:38', 'create'),
(920, 15, 'unit', 634, '2021-04-10 06:45:25', 'create'),
(921, 15, 'unit', 635, '2021-04-10 06:46:08', 'create'),
(922, 14, 'video', 98, '2021-04-10 06:46:16', 'create'),
(923, 15, 'unit', 636, '2021-04-10 06:47:00', 'create'),
(924, 14, 'video', 99, '2021-04-10 06:47:11', 'create'),
(925, 14, 'video', 100, '2021-04-10 06:48:08', 'create'),
(926, 15, 'unit', 637, '2021-04-10 06:48:09', 'create'),
(927, 15, 'unit', 638, '2021-04-10 06:48:54', 'create'),
(928, 15, 'unit', 639, '2021-04-10 06:49:33', 'create'),
(929, 14, 'video', 101, '2021-04-10 06:50:04', 'create'),
(930, 14, 'video', 102, '2021-04-10 06:50:44', 'create'),
(931, 15, 'unit', 640, '2021-04-10 06:52:47', 'create'),
(932, 14, 'video', 103, '2021-04-10 06:54:53', 'create'),
(933, 14, 'video', 104, '2021-04-10 06:56:32', 'create'),
(934, 14, 'video', 105, '2021-04-10 06:58:14', 'create'),
(935, 14, 'video', 106, '2021-04-10 06:59:42', 'create'),
(936, 14, 'video', 107, '2021-04-10 07:06:51', 'create'),
(937, 15, 'unit', 641, '2021-04-10 07:09:09', 'create'),
(938, 15, 'unit', 642, '2021-04-10 07:10:12', 'create'),
(939, 15, 'unit', 643, '2021-04-10 07:10:58', 'create'),
(940, 15, 'unit', 644, '2021-04-10 07:12:16', 'create'),
(941, 15, 'unit', 645, '2021-04-10 07:13:43', 'create'),
(942, 14, 'video', 108, '2021-04-10 07:14:30', 'create'),
(943, 15, 'unit', 646, '2021-04-10 07:15:00', 'create'),
(944, 14, 'video', 109, '2021-04-10 07:15:54', 'create'),
(945, 14, 'video', 110, '2021-04-10 07:16:49', 'create'),
(946, 14, 'video', 111, '2021-04-10 07:18:16', 'create'),
(947, 14, 'video', 112, '2021-04-10 07:19:04', 'create'),
(948, 15, 'unit', 647, '2021-04-10 07:30:59', 'create'),
(949, 15, 'unit', 648, '2021-04-10 07:31:57', 'create'),
(950, 15, 'unit', 649, '2021-04-10 07:32:49', 'create'),
(951, 15, 'unit', 650, '2021-04-10 07:34:06', 'create'),
(952, 15, 'unit', 651, '2021-04-10 07:35:52', 'create'),
(953, 15, 'unit', 652, '2021-04-10 07:37:39', 'create'),
(954, 15, 'unit', 653, '2021-04-10 07:41:18', 'create'),
(955, 15, 'unit', 654, '2021-04-10 07:42:34', 'create'),
(956, 15, 'unit', 655, '2021-04-10 07:44:00', 'create'),
(957, 15, 'unit', 656, '2021-04-10 07:45:26', 'create'),
(958, 15, 'unit', 657, '2021-04-10 07:46:40', 'create'),
(959, 15, 'unit', 658, '2021-04-10 07:47:40', 'create'),
(960, 15, 'unit', 659, '2021-04-10 07:48:52', 'create'),
(961, 15, 'unit', 660, '2021-04-10 07:49:42', 'create'),
(962, 15, 'unit', 661, '2021-04-10 07:50:43', 'create'),
(963, 15, 'unit', 662, '2021-04-10 09:41:47', 'create'),
(964, 15, 'unit', 663, '2021-04-10 09:42:42', 'create'),
(965, 15, 'unit', 664, '2021-04-10 09:43:15', 'create'),
(966, 15, 'unit', 665, '2021-04-10 09:44:16', 'create'),
(967, 15, 'unit', 666, '2021-04-10 09:45:11', 'create'),
(968, 15, 'unit', 667, '2021-04-10 09:46:21', 'create'),
(969, 15, 'unit', 668, '2021-04-10 09:47:05', 'create'),
(970, 15, 'unit', 669, '2021-04-10 09:48:06', 'create'),
(971, 15, 'unit', 670, '2021-04-10 09:48:39', 'create'),
(972, 15, 'unit', 671, '2021-04-10 09:49:21', 'create'),
(973, 15, 'unit', 672, '2021-04-10 09:49:57', 'create'),
(974, 15, 'unit', 673, '2021-04-10 09:51:59', 'create'),
(975, 15, 'unit', 674, '2021-04-10 09:52:52', 'create'),
(976, 15, 'unit', 675, '2021-04-10 09:53:50', 'create'),
(977, 15, 'unit', 676, '2021-04-10 09:54:40', 'create'),
(978, 15, 'unit', 677, '2021-04-10 09:55:31', 'create'),
(979, 15, 'unit', 678, '2021-04-10 09:56:24', 'create'),
(980, 15, 'unit', 679, '2021-04-10 09:57:58', 'create'),
(981, 15, 'unit', 680, '2021-04-10 09:59:03', 'create'),
(982, 15, 'unit', 681, '2021-04-10 09:59:56', 'create'),
(983, 15, 'unit', 682, '2021-04-10 10:00:39', 'create'),
(984, 15, 'unit', 683, '2021-04-10 10:04:42', 'create'),
(985, 15, 'unit', 684, '2021-04-10 10:06:00', 'create'),
(986, 15, 'unit', 685, '2021-04-10 10:06:55', 'create'),
(987, 15, 'unit', 686, '2021-04-10 10:07:51', 'create'),
(988, 15, 'unit', 687, '2021-04-10 10:09:09', 'create'),
(989, 15, 'unit', 688, '2021-04-10 10:10:23', 'create'),
(990, 15, 'unit', 689, '2021-04-10 10:29:37', 'create'),
(991, 15, 'unit', 690, '2021-04-10 10:30:33', 'create'),
(992, 15, 'unit', 691, '2021-04-10 10:31:57', 'create'),
(993, 15, 'unit', 692, '2021-04-10 10:33:17', 'create'),
(994, 15, 'unit', 693, '2021-04-10 10:34:25', 'create'),
(995, 15, 'unit', 694, '2021-04-10 10:35:11', 'create'),
(996, 15, 'unit', 695, '2021-04-10 10:36:17', 'create'),
(997, 15, 'unit', 696, '2021-04-10 10:37:43', 'create'),
(998, 15, 'unit', 697, '2021-04-10 10:37:47', 'create'),
(999, 15, 'unit', 698, '2021-04-10 11:07:26', 'create'),
(1000, 15, 'unit', 699, '2021-04-10 11:08:08', 'create'),
(1001, 15, 'unit', 700, '2021-04-10 11:10:38', 'create'),
(1002, 15, 'unit', 701, '2021-04-10 11:11:30', 'create'),
(1003, 15, 'unit', 702, '2021-04-10 11:13:10', 'create'),
(1004, 15, 'unit', 703, '2021-04-10 11:14:25', 'create'),
(1005, 15, 'unit', 704, '2021-04-10 11:15:53', 'create'),
(1006, 15, 'unit', 705, '2021-04-10 11:16:47', 'create'),
(1007, 15, 'unit', 706, '2021-04-10 11:17:48', 'create'),
(1008, 15, 'unit', 707, '2021-04-10 11:18:31', 'create'),
(1009, 15, 'unit', 708, '2021-04-10 11:37:17', 'create'),
(1010, 15, 'unit', 709, '2021-04-10 11:38:16', 'create'),
(1011, 15, 'unit', 710, '2021-04-10 11:39:05', 'create'),
(1012, 15, 'unit', 711, '2021-04-10 11:39:55', 'create'),
(1013, 15, 'unit', 712, '2021-04-10 11:40:37', 'create'),
(1014, 15, 'unit', 713, '2021-04-10 11:41:15', 'create'),
(1015, 15, 'unit', 714, '2021-04-10 11:42:42', 'create'),
(1016, 15, 'unit', 715, '2021-04-10 11:43:50', 'create'),
(1017, 15, 'unit', 716, '2021-04-10 11:44:42', 'create'),
(1018, 15, 'unit', 717, '2021-04-10 11:45:45', 'create'),
(1019, 15, 'unit', 718, '2021-04-10 11:46:44', 'create'),
(1020, 15, 'unit', 719, '2021-04-10 11:47:33', 'create'),
(1021, 15, 'unit', 720, '2021-04-10 11:48:20', 'create'),
(1022, 15, 'unit', 721, '2021-04-10 11:49:06', 'create'),
(1023, 15, 'unit', 722, '2021-04-10 11:49:49', 'create'),
(1024, 15, 'unit', 723, '2021-04-10 11:50:25', 'create'),
(1025, 15, 'unit', 724, '2021-04-10 11:51:26', 'create'),
(1026, 15, 'unit', 725, '2021-04-10 11:52:04', 'create'),
(1027, 15, 'unit', 726, '2021-04-10 11:53:36', 'create'),
(1028, 15, 'unit', 727, '2021-04-10 12:10:50', 'create'),
(1029, 15, 'unit', 728, '2021-04-10 12:12:07', 'create'),
(1030, 15, 'unit', 729, '2021-04-10 12:13:09', 'create'),
(1031, 15, 'unit', 730, '2021-04-10 12:13:50', 'create'),
(1032, 15, 'unit', 731, '2021-04-10 12:14:39', 'create'),
(1033, 15, 'unit', 732, '2021-04-10 12:15:52', 'create'),
(1034, 15, 'unit', 733, '2021-04-10 12:16:47', 'create'),
(1035, 15, 'unit', 734, '2021-04-10 12:17:34', 'create'),
(1036, 15, 'unit', 735, '2021-04-10 12:18:34', 'create'),
(1037, 15, 'unit', 736, '2021-04-10 12:19:15', 'create'),
(1038, 15, 'unit', 737, '2021-04-10 12:20:49', 'create'),
(1039, 15, 'unit', 738, '2021-04-10 12:21:40', 'create'),
(1040, 15, 'unit', 739, '2021-04-10 12:23:36', 'create'),
(1041, 15, 'unit', 740, '2021-04-10 12:24:33', 'create'),
(1042, 15, 'unit', 741, '2021-04-10 12:25:03', 'create'),
(1043, 15, 'unit', 742, '2021-04-10 12:25:47', 'create'),
(1044, 15, 'unit', 743, '2021-04-10 12:26:48', 'create'),
(1045, 15, 'unit', 744, '2021-04-10 12:27:35', 'create'),
(1046, 15, 'unit', 745, '2021-04-10 12:28:17', 'create'),
(1047, 15, 'unit', 746, '2021-04-10 12:29:14', 'create'),
(1048, 15, 'unit', 747, '2021-04-10 12:30:24', 'create'),
(1049, 15, 'unit', 748, '2021-04-10 12:31:17', 'create'),
(1050, 15, 'unit', 749, '2021-04-10 12:32:27', 'create'),
(1051, 15, 'unit', 750, '2021-04-11 00:11:06', 'create'),
(1052, 15, 'unit', 751, '2021-04-11 00:12:17', 'create'),
(1053, 15, 'unit', 752, '2021-04-11 00:17:13', 'create'),
(1054, 15, 'unit', 753, '2021-04-11 00:19:32', 'create'),
(1055, 15, 'unit', 754, '2021-04-11 00:23:05', 'create'),
(1056, 15, 'unit', 755, '2021-04-11 00:25:11', 'create'),
(1057, 15, 'unit', 756, '2021-04-11 00:26:19', 'create'),
(1058, 15, 'unit', 757, '2021-04-11 00:26:55', 'create'),
(1059, 15, 'unit', 758, '2021-04-11 00:27:35', 'create'),
(1060, 15, 'unit', 759, '2021-04-11 05:19:58', 'create'),
(1061, 15, 'unit', 760, '2021-04-11 05:24:49', 'create'),
(1062, 15, 'unit', 761, '2021-04-11 05:25:41', 'create'),
(1063, 15, 'unit', 762, '2021-04-11 05:26:28', 'create'),
(1064, 15, 'unit', 763, '2021-04-11 05:28:04', 'create'),
(1065, 15, 'unit', 764, '2021-04-11 05:29:39', 'create'),
(1066, 15, 'unit', 765, '2021-04-11 05:30:18', 'create'),
(1067, 15, 'unit', 766, '2021-04-11 05:30:41', 'create'),
(1068, 15, 'unit', 767, '2021-04-11 05:32:00', 'create'),
(1069, 15, 'unit', 768, '2021-04-11 05:32:28', 'create'),
(1070, 15, 'unit', 769, '2021-04-11 05:33:44', 'create'),
(1071, 15, 'unit', 770, '2021-04-11 05:34:43', 'create'),
(1072, 15, 'unit', 771, '2021-04-11 05:35:55', 'create'),
(1073, 15, 'unit', 772, '2021-04-11 05:37:39', 'create'),
(1074, 15, 'unit', 773, '2021-04-11 05:38:27', 'create'),
(1075, 15, 'unit', 774, '2021-04-11 05:40:51', 'create'),
(1076, 15, 'unit', 775, '2021-04-11 05:42:56', 'create'),
(1077, 15, 'unit', 776, '2021-04-11 05:44:12', 'create'),
(1078, 15, 'unit', 777, '2021-04-11 05:45:14', 'create'),
(1079, 15, 'unit', 778, '2021-04-11 05:46:16', 'create'),
(1080, 15, 'unit', 779, '2021-04-11 05:47:01', 'create'),
(1081, 15, 'unit', 780, '2021-04-11 05:47:25', 'create'),
(1082, 15, 'unit', 781, '2021-04-11 05:48:36', 'create'),
(1083, 15, 'unit', 782, '2021-04-11 05:49:48', 'create'),
(1084, 15, 'unit', 783, '2021-04-11 05:51:05', 'create'),
(1085, 15, 'unit', 784, '2021-04-11 05:51:53', 'create'),
(1086, 15, 'unit', 785, '2021-04-11 05:52:30', 'create'),
(1087, 15, 'unit', 786, '2021-04-11 05:53:54', 'create'),
(1088, 15, 'unit', 787, '2021-04-11 05:54:25', 'create'),
(1089, 15, 'unit', 788, '2021-04-11 05:55:04', 'create'),
(1090, 15, 'unit', 789, '2021-04-11 05:57:01', 'create'),
(1091, 15, 'unit', 790, '2021-04-11 05:57:24', 'create'),
(1092, 15, 'unit', 791, '2021-04-11 05:57:56', 'create'),
(1093, 15, 'unit', 792, '2021-04-11 05:59:55', 'create'),
(1094, 15, 'unit', 793, '2021-04-11 06:02:07', 'create'),
(1095, 15, 'unit', 794, '2021-04-11 06:03:21', 'create'),
(1096, 15, 'unit', 795, '2021-04-11 06:04:03', 'create'),
(1097, 15, 'unit', 796, '2021-04-11 06:05:42', 'create'),
(1098, 15, 'unit', 797, '2021-04-11 06:06:14', 'create'),
(1099, 15, 'unit', 798, '2021-04-11 06:08:35', 'create'),
(1100, 15, 'unit', 799, '2021-04-11 06:09:16', 'create'),
(1101, 15, 'unit', 800, '2021-04-11 06:09:45', 'create'),
(1102, 15, 'unit', 801, '2021-04-11 06:10:33', 'create'),
(1103, 15, 'unit', 802, '2021-04-11 06:12:43', 'create'),
(1104, 15, 'unit', 803, '2021-04-11 06:13:25', 'create'),
(1105, 15, 'unit', 804, '2021-04-11 06:14:07', 'create'),
(1106, 15, 'unit', 805, '2021-04-11 06:14:35', 'create'),
(1107, 15, 'unit', 806, '2021-04-11 06:15:13', 'create'),
(1108, 15, 'unit', 807, '2021-04-11 06:16:40', 'create'),
(1109, 15, 'unit', 808, '2021-04-11 06:17:26', 'create'),
(1110, 15, 'unit', 809, '2021-04-11 06:17:59', 'create'),
(1111, 15, 'unit', 810, '2021-04-11 06:18:37', 'create'),
(1112, 15, 'unit', 811, '2021-04-11 06:20:17', 'create'),
(1113, 15, 'unit', 812, '2021-04-11 06:20:50', 'create'),
(1114, 15, 'unit', 813, '2021-04-11 06:21:22', 'create'),
(1115, 15, 'unit', 814, '2021-04-11 06:21:46', 'create'),
(1116, 15, 'unit', 815, '2021-04-11 06:22:15', 'create'),
(1117, 15, 'unit', 816, '2021-04-11 06:24:31', 'create'),
(1118, 15, 'unit', 817, '2021-04-11 06:26:14', 'create'),
(1119, 15, 'unit', 818, '2021-04-11 06:26:48', 'create'),
(1120, 15, 'unit', 819, '2021-04-11 06:27:15', 'create'),
(1121, 15, 'unit', 820, '2021-04-11 06:27:41', 'create'),
(1122, 15, 'unit', 821, '2021-04-11 06:29:08', 'create'),
(1123, 15, 'unit', 822, '2021-04-11 06:30:28', 'create'),
(1124, 15, 'unit', 823, '2021-04-11 06:31:42', 'create'),
(1125, 15, 'unit', 824, '2021-04-11 06:32:50', 'create'),
(1126, 15, 'unit', 825, '2021-04-11 06:34:14', 'create'),
(1127, 15, 'unit', 826, '2021-04-11 06:35:42', 'create'),
(1128, 15, 'unit', 827, '2021-04-11 06:36:26', 'create'),
(1129, 15, 'unit', 828, '2021-04-11 06:37:50', 'create'),
(1130, 15, 'unit', 829, '2021-04-11 06:39:26', 'create'),
(1131, 15, 'unit', 830, '2021-04-11 06:40:48', 'create'),
(1132, 15, 'unit', 831, '2021-04-11 06:41:37', 'create'),
(1133, 15, 'unit', 832, '2021-04-11 06:43:02', 'create'),
(1134, 15, 'unit', 833, '2021-04-11 06:44:22', 'create'),
(1135, 15, 'unit', 834, '2021-04-11 06:44:54', 'create'),
(1136, 15, 'unit', 835, '2021-04-11 06:45:38', 'create'),
(1137, 15, 'unit', 836, '2021-04-11 06:47:08', 'create'),
(1138, 15, 'unit', 837, '2021-04-11 06:47:40', 'create'),
(1139, 15, 'unit', 838, '2021-04-11 06:48:22', 'create'),
(1140, 15, 'unit', 839, '2021-04-11 06:49:25', 'create'),
(1141, 15, 'unit', 840, '2021-04-11 06:49:26', 'create'),
(1142, 15, 'unit', 841, '2021-04-11 07:18:27', 'create'),
(1143, 15, 'unit', 842, '2021-04-11 07:19:25', 'create'),
(1144, 15, 'unit', 843, '2021-04-11 07:20:01', 'create'),
(1145, 15, 'unit', 844, '2021-04-11 07:20:44', 'create'),
(1146, 15, 'unit', 845, '2021-04-11 07:21:17', 'create'),
(1147, 15, 'unit', 846, '2021-04-11 07:27:38', 'create'),
(1148, 15, 'unit', 847, '2021-04-11 07:28:09', 'create'),
(1149, 15, 'unit', 848, '2021-04-11 07:28:54', 'create'),
(1150, 15, 'unit', 849, '2021-04-11 07:30:02', 'create'),
(1151, 15, 'unit', 850, '2021-04-11 07:31:46', 'create'),
(1152, 15, 'unit', 851, '2021-04-11 07:32:24', 'create'),
(1153, 15, 'unit', 852, '2021-04-11 07:33:54', 'create'),
(1154, 15, 'unit', 853, '2021-04-11 07:33:54', 'create'),
(1155, 15, 'unit', 854, '2021-04-11 07:34:38', 'create'),
(1156, 15, 'unit', 855, '2021-04-11 07:36:20', 'create'),
(1157, 15, 'unit', 856, '2021-04-11 07:45:23', 'create'),
(1158, 15, 'unit', 857, '2021-04-11 07:46:25', 'create'),
(1159, 15, 'unit', 858, '2021-04-11 07:47:40', 'create'),
(1160, 15, 'unit', 859, '2021-04-11 07:48:31', 'create'),
(1161, 15, 'unit', 860, '2021-04-11 07:53:00', 'create'),
(1162, 15, 'unit', 861, '2021-04-11 07:55:12', 'create'),
(1163, 15, 'unit', 862, '2021-04-11 07:56:08', 'create'),
(1164, 15, 'unit', 863, '2021-04-11 07:56:47', 'create'),
(1165, 15, 'unit', 864, '2021-04-11 07:57:38', 'create'),
(1166, 15, 'unit', 865, '2021-04-11 07:59:11', 'create'),
(1167, 15, 'unit', 866, '2021-04-11 08:00:21', 'create'),
(1168, 15, 'unit', 867, '2021-04-11 08:01:31', 'create'),
(1169, 15, 'unit', 868, '2021-04-11 08:02:12', 'create'),
(1170, 15, 'unit', 869, '2021-04-11 08:04:35', 'create'),
(1171, 15, 'unit', 870, '2021-04-11 08:05:19', 'create'),
(1172, 15, 'unit', 871, '2021-04-11 08:06:26', 'create'),
(1173, 15, 'unit', 872, '2021-04-11 08:07:02', 'create'),
(1174, 15, 'unit', 873, '2021-04-11 08:07:46', 'create'),
(1175, 15, 'unit', 874, '2021-04-11 08:08:11', 'create'),
(1176, 15, 'unit', 875, '2021-04-11 08:08:37', 'create'),
(1177, 15, 'unit', 876, '2021-04-11 08:10:28', 'create'),
(1178, 15, 'unit', 877, '2021-04-11 08:10:57', 'create'),
(1179, 15, 'unit', 878, '2021-04-11 08:14:00', 'create'),
(1180, 15, 'unit', 879, '2021-04-11 08:14:55', 'create'),
(1181, 15, 'unit', 880, '2021-04-11 08:15:51', 'create'),
(1182, 15, 'unit', 881, '2021-04-11 08:16:54', 'create'),
(1183, 15, 'unit', 882, '2021-04-11 08:18:12', 'create'),
(1184, 15, 'unit', 883, '2021-04-11 08:19:03', 'create'),
(1185, 15, 'unit', 884, '2021-04-11 08:19:45', 'create'),
(1186, 15, 'unit', 885, '2021-04-11 08:20:15', 'create'),
(1187, 15, 'unit', 886, '2021-04-11 08:21:30', 'create'),
(1188, 15, 'unit', 887, '2021-04-11 08:23:15', 'create'),
(1189, 15, 'unit', 888, '2021-04-11 08:23:58', 'create'),
(1190, 15, 'unit', 889, '2021-04-11 08:24:51', 'create'),
(1191, 15, 'unit', 890, '2021-04-11 08:25:43', 'create'),
(1192, 15, 'unit', 891, '2021-04-11 08:26:30', 'create'),
(1193, 15, 'unit', 892, '2021-04-11 08:27:27', 'create'),
(1194, 15, 'unit', 893, '2021-04-11 08:28:13', 'create'),
(1195, 15, 'unit', 894, '2021-04-11 08:29:04', 'create'),
(1196, 15, 'unit', 895, '2021-04-11 08:29:27', 'create'),
(1197, 15, 'unit', 896, '2021-04-11 08:30:33', 'create'),
(1198, 15, 'unit', 897, '2021-04-11 08:31:39', 'create'),
(1199, 15, 'unit', 898, '2021-04-11 08:32:23', 'create'),
(1200, 15, 'unit', 899, '2021-04-11 08:33:43', 'create'),
(1201, 15, 'unit', 900, '2021-04-11 08:35:03', 'create'),
(1202, 15, 'unit', 901, '2021-04-11 08:35:23', 'create'),
(1203, 15, 'unit', 902, '2021-04-11 10:23:07', 'create'),
(1204, 15, 'unit', 903, '2021-04-11 10:23:42', 'create'),
(1205, 15, 'unit', 904, '2021-04-11 10:24:11', 'create'),
(1206, 15, 'unit', 905, '2021-04-11 10:24:52', 'create'),
(1207, 15, 'unit', 906, '2021-04-11 10:25:21', 'create'),
(1208, 15, 'unit', 907, '2021-04-11 10:27:34', 'create'),
(1209, 15, 'unit', 908, '2021-04-11 10:28:14', 'create'),
(1210, 15, 'unit', 909, '2021-04-11 10:28:44', 'create'),
(1211, 15, 'unit', 910, '2021-04-11 10:29:10', 'create'),
(1212, 15, 'unit', 911, '2021-04-11 10:30:25', 'create'),
(1213, 15, 'unit', 912, '2021-04-11 10:31:08', 'create'),
(1214, 15, 'unit', 913, '2021-04-11 10:31:48', 'create'),
(1215, 15, 'unit', 914, '2021-04-11 10:32:33', 'create'),
(1216, 15, 'unit', 915, '2021-04-11 10:34:27', 'create'),
(1217, 15, 'unit', 916, '2021-04-11 10:35:08', 'create'),
(1218, 15, 'unit', 917, '2021-04-11 10:35:43', 'create'),
(1219, 15, 'unit', 918, '2021-04-11 10:36:28', 'create'),
(1220, 15, 'unit', 919, '2021-04-11 10:36:52', 'create'),
(1221, 15, 'unit', 920, '2021-04-11 10:37:19', 'create'),
(1222, 15, 'unit', 921, '2021-04-11 10:38:46', 'create'),
(1223, 15, 'unit', 922, '2021-04-11 10:40:55', 'create'),
(1224, 15, 'unit', 923, '2021-04-11 10:41:49', 'create'),
(1225, 15, 'unit', 924, '2021-04-11 10:43:15', 'create'),
(1226, 15, 'unit', 925, '2021-04-11 10:44:50', 'create'),
(1227, 15, 'unit', 926, '2021-04-11 10:45:49', 'create'),
(1228, 15, 'unit', 927, '2021-04-11 10:46:32', 'create'),
(1229, 15, 'unit', 928, '2021-04-11 10:48:10', 'create'),
(1230, 15, 'unit', 929, '2021-04-11 10:49:34', 'create'),
(1231, 15, 'unit', 930, '2021-04-11 10:50:09', 'create'),
(1232, 15, 'unit', 931, '2021-04-11 10:50:48', 'create'),
(1233, 15, 'unit', 932, '2021-04-11 10:51:32', 'create'),
(1234, 15, 'unit', 933, '2021-04-11 10:55:26', 'create'),
(1235, 15, 'unit', 934, '2021-04-11 10:57:43', 'create'),
(1236, 15, 'unit', 935, '2021-04-11 10:59:20', 'create'),
(1237, 15, 'unit', 936, '2021-04-11 11:00:24', 'create'),
(1238, 15, 'unit', 937, '2021-04-11 11:01:34', 'create'),
(1239, 15, 'unit', 938, '2021-04-11 11:02:04', 'create'),
(1240, 15, 'unit', 939, '2021-04-11 11:02:32', 'create'),
(1241, 15, 'unit', 940, '2021-04-11 11:03:49', 'create'),
(1242, 15, 'unit', 941, '2021-04-11 11:04:45', 'create'),
(1243, 15, 'unit', 942, '2021-04-11 11:05:14', 'create'),
(1244, 15, 'unit', 943, '2021-04-11 11:05:54', 'create'),
(1245, 15, 'unit', 944, '2021-04-11 11:06:42', 'create'),
(1246, 15, 'unit', 945, '2021-04-11 11:07:27', 'create'),
(1247, 15, 'unit', 946, '2021-04-11 11:07:58', 'create'),
(1248, 15, 'unit', 947, '2021-04-11 11:09:45', 'create'),
(1249, 15, 'unit', 948, '2021-04-11 11:10:09', 'create'),
(1250, 15, 'unit', 949, '2021-04-11 11:10:49', 'create'),
(1251, 15, 'unit', 950, '2021-04-11 11:11:33', 'create'),
(1252, 15, 'unit', 951, '2021-04-11 11:12:24', 'create'),
(1253, 15, 'unit', 952, '2021-04-11 11:13:39', 'create'),
(1254, 15, 'unit', 953, '2021-04-11 11:19:13', 'create'),
(1255, 15, 'unit', 954, '2021-04-11 11:19:57', 'create'),
(1256, 15, 'unit', 955, '2021-04-11 11:20:47', 'create'),
(1257, 15, 'unit', 956, '2021-04-11 11:22:37', 'create'),
(1258, 15, 'unit', 957, '2021-04-11 11:23:51', 'create'),
(1259, 15, 'unit', 958, '2021-04-11 11:24:20', 'create'),
(1260, 15, 'unit', 959, '2021-04-11 11:25:23', 'create'),
(1261, 15, 'unit', 960, '2021-04-11 11:25:50', 'create'),
(1262, 15, 'unit', 961, '2021-04-11 11:26:18', 'create'),
(1263, 15, 'unit', 962, '2021-04-11 11:26:44', 'create'),
(1264, 15, 'unit', 963, '2021-04-11 11:27:11', 'create'),
(1265, 15, 'unit', 964, '2021-04-11 11:27:47', 'create'),
(1266, 15, 'unit', 965, '2021-04-11 11:28:17', 'create'),
(1267, 15, 'unit', 966, '2021-04-11 11:28:58', 'create'),
(1268, 15, 'unit', 967, '2021-04-11 11:37:03', 'create'),
(1269, 15, 'unit', 968, '2021-04-11 11:37:35', 'create'),
(1270, 15, 'unit', 969, '2021-04-11 11:38:09', 'create'),
(1271, 15, 'unit', 970, '2021-04-11 11:38:48', 'create'),
(1272, 15, 'unit', 971, '2021-04-11 11:39:23', 'create'),
(1273, 15, 'unit', 972, '2021-04-11 11:42:22', 'create'),
(1274, 15, 'unit', 973, '2021-04-11 11:44:00', 'create'),
(1275, 15, 'unit', 974, '2021-04-11 11:45:47', 'create'),
(1276, 15, 'unit', 975, '2021-04-11 11:46:26', 'create'),
(1277, 15, 'unit', 976, '2021-04-11 11:47:20', 'create'),
(1278, 15, 'unit', 977, '2021-04-11 11:48:10', 'create'),
(1279, 15, 'unit', 978, '2021-04-11 11:48:33', 'create'),
(1280, 15, 'unit', 979, '2021-04-11 11:49:16', 'create'),
(1281, 15, 'unit', 980, '2021-04-11 11:49:41', 'create'),
(1282, 15, 'unit', 981, '2021-04-11 11:50:04', 'create'),
(1283, 15, 'unit', 982, '2021-04-11 11:51:50', 'create'),
(1284, 15, 'unit', 983, '2021-04-11 11:52:39', 'create'),
(1285, 15, 'unit', 984, '2021-04-11 11:53:12', 'create'),
(1286, 15, 'unit', 985, '2021-04-11 11:53:47', 'create'),
(1287, 15, 'unit', 986, '2021-04-11 11:56:08', 'create'),
(1288, 15, 'unit', 987, '2021-04-11 11:56:41', 'create'),
(1289, 15, 'unit', 988, '2021-04-11 11:57:36', 'create'),
(1290, 15, 'unit', 989, '2021-04-11 11:57:54', 'create'),
(1291, 15, 'unit', 990, '2021-04-11 11:58:10', 'create'),
(1292, 15, 'unit', 991, '2021-04-11 11:58:33', 'create'),
(1293, 1, 'permission', 86, '2021-04-11 16:57:17', 'create'),
(1294, 1, 'permission', 91, '2021-04-11 17:00:21', 'create'),
(1295, 1, 'permission', 96, '2021-04-11 17:00:32', 'create'),
(1296, 1, 'permission', 101, '2021-04-11 17:00:35', 'create'),
(1297, 1, 'permission', 106, '2021-04-11 17:00:44', 'create'),
(1298, 1, 'permission', 111, '2021-04-11 17:00:49', 'create'),
(1299, 1, 'permission', 116, '2021-04-11 17:00:56', 'create'),
(1300, 1, 'permission', 121, '2021-04-11 17:08:06', 'create'),
(1301, 14, 'video', 113, '2021-04-12 03:23:27', 'create'),
(1302, 14, 'video', 114, '2021-04-12 03:24:37', 'create'),
(1303, 14, 'video', 115, '2021-04-12 03:26:37', 'create'),
(1304, 14, 'video', 116, '2021-04-12 03:27:18', 'create'),
(1305, 14, 'video', 117, '2021-04-12 03:29:19', 'create'),
(1306, 14, 'video', 118, '2021-04-12 03:30:17', 'create'),
(1307, 14, 'video', 119, '2021-04-12 03:31:08', 'create'),
(1308, 14, 'video', 120, '2021-04-12 03:33:39', 'create'),
(1309, 14, 'video', 121, '2021-04-12 03:34:49', 'create'),
(1310, 14, 'video', 122, '2021-04-12 03:36:16', 'create'),
(1311, 14, 'video', 123, '2021-04-12 03:37:28', 'create'),
(1312, 14, 'video', 124, '2021-04-12 03:38:08', 'create'),
(1313, 14, 'video', 125, '2021-04-12 03:39:08', 'create'),
(1314, 14, 'video', 126, '2021-04-12 03:40:46', 'create'),
(1315, 14, 'video', 127, '2021-04-12 03:41:55', 'create'),
(1316, 14, 'video', 128, '2021-04-12 03:42:34', 'create'),
(1317, 14, 'video', 129, '2021-04-12 03:44:17', 'create'),
(1318, 14, 'video', 130, '2021-04-12 03:45:24', 'create'),
(1319, 14, 'video', 131, '2021-04-12 03:47:03', 'create'),
(1320, 14, 'video', 132, '2021-04-12 03:47:48', 'create'),
(1321, 14, 'video', 133, '2021-04-12 03:48:33', 'create'),
(1322, 14, 'video', 134, '2021-04-12 03:49:39', 'create'),
(1323, 14, 'video', 135, '2021-04-12 03:50:20', 'create'),
(1324, 14, 'video', 136, '2021-04-12 03:50:57', 'create'),
(1325, 14, 'video', 137, '2021-04-12 03:51:57', 'create'),
(1326, 14, 'video', 138, '2021-04-12 03:53:08', 'create'),
(1327, 14, 'video', 139, '2021-04-12 03:59:20', 'create'),
(1328, 14, 'video', 140, '2021-04-12 04:00:14', 'create'),
(1329, 14, 'video', 141, '2021-04-12 04:01:13', 'create'),
(1330, 14, 'video', 142, '2021-04-12 04:02:11', 'create'),
(1331, 14, 'video', 143, '2021-04-12 04:03:01', 'create'),
(1332, 15, 'unit', 992, '2021-04-12 04:03:53', 'create'),
(1333, 15, 'unit', 993, '2021-04-12 04:05:06', 'create'),
(1334, 14, 'video', 144, '2021-04-12 04:05:52', 'create'),
(1335, 15, 'unit', 994, '2021-04-12 04:06:52', 'create'),
(1336, 14, 'video', 145, '2021-04-12 04:07:14', 'create'),
(1337, 14, 'video', 146, '2021-04-12 04:09:56', 'create'),
(1338, 15, 'unit', 995, '2021-04-12 04:10:17', 'create'),
(1339, 14, 'video', 147, '2021-04-12 04:11:00', 'create'),
(1340, 15, 'unit', 996, '2021-04-12 04:11:38', 'create'),
(1341, 14, 'video', 148, '2021-04-12 04:13:10', 'create'),
(1342, 15, 'unit', 997, '2021-04-12 04:13:58', 'create'),
(1343, 14, 'video', 149, '2021-04-12 04:14:27', 'create'),
(1344, 14, 'video', 150, '2021-04-12 04:15:21', 'create'),
(1345, 15, 'unit', 998, '2021-04-12 04:15:23', 'create'),
(1346, 15, 'unit', 999, '2021-04-12 04:16:29', 'create'),
(1347, 14, 'video', 151, '2021-04-12 04:16:52', 'create'),
(1348, 15, 'unit', 1000, '2021-04-12 04:17:50', 'create'),
(1349, 1, 'semester', 63, '2021-04-12 04:17:59', 'create'),
(1350, 14, 'video', 152, '2021-04-12 04:18:26', 'create'),
(1351, 15, 'unit', 1001, '2021-04-12 04:19:02', 'create'),
(1352, 14, 'video', 153, '2021-04-12 04:19:25', 'create'),
(1353, 1, 'semester', 64, '2021-04-12 04:19:26', 'create'),
(1354, 14, 'video', 154, '2021-04-12 04:20:18', 'create'),
(1355, 15, 'unit', 1002, '2021-04-12 04:20:40', 'create'),
(1356, 15, 'unit', 1003, '2021-04-12 04:21:39', 'create'),
(1357, 15, 'unit', 1004, '2021-04-12 04:22:43', 'create'),
(1358, 1, 'subject', 125, '2021-04-12 04:23:07', 'create'),
(1359, 15, 'unit', 1005, '2021-04-12 04:24:08', 'create'),
(1360, 1, 'subject', 126, '2021-04-12 04:24:47', 'create'),
(1361, 15, 'unit', 1006, '2021-04-12 04:25:06', 'create'),
(1362, 1, 'subject', 127, '2021-04-12 04:25:24', 'create'),
(1363, 15, 'unit', 1007, '2021-04-12 04:25:57', 'create'),
(1364, 15, 'unit', 1008, '2021-04-12 04:26:52', 'create'),
(1365, 15, 'unit', 1009, '2021-04-12 04:29:50', 'create'),
(1366, 15, 'unit', 1010, '2021-04-12 04:31:22', 'create'),
(1367, 15, 'unit', 1011, '2021-04-12 04:32:14', 'create'),
(1368, 14, 'video', 155, '2021-04-12 04:44:09', 'create'),
(1369, 14, 'video', 156, '2021-04-12 04:45:30', 'create'),
(1370, 14, 'video', 157, '2021-04-12 04:46:27', 'create'),
(1371, 14, 'video', 158, '2021-04-12 04:48:05', 'create'),
(1372, 14, 'video', 159, '2021-04-12 04:48:46', 'create'),
(1373, 15, 'unit', 1012, '2021-04-12 04:49:58', 'create'),
(1374, 14, 'video', 160, '2021-04-12 04:50:35', 'create'),
(1375, 15, 'unit', 1013, '2021-04-12 04:50:50', 'create'),
(1376, 14, 'video', 161, '2021-04-12 04:51:25', 'create'),
(1377, 15, 'unit', 1014, '2021-04-12 04:51:39', 'create'),
(1378, 14, 'video', 162, '2021-04-12 04:52:15', 'create'),
(1379, 14, 'video', 163, '2021-04-12 04:53:04', 'create'),
(1380, 20, 'book', 57, '2021-04-12 05:02:16', 'create'),
(1381, 20, 'book', 58, '2021-04-12 05:02:33', 'create'),
(1382, 20, 'book', 59, '2021-04-12 05:02:36', 'create'),
(1383, 15, 'unit', 1015, '2021-04-12 05:12:24', 'create'),
(1384, 15, 'unit', 1016, '2021-04-12 05:14:54', 'create'),
(1385, 15, 'unit', 1017, '2021-04-12 05:15:43', 'create'),
(1386, 15, 'unit', 1018, '2021-04-12 05:16:31', 'create'),
(1387, 15, 'unit', 1019, '2021-04-12 05:17:24', 'create'),
(1388, 15, 'unit', 1020, '2021-04-12 05:18:26', 'create'),
(1389, 15, 'unit', 1021, '2021-04-12 05:19:23', 'create'),
(1390, 15, 'unit', 1022, '2021-04-12 05:20:53', 'create'),
(1391, 15, 'unit', 1023, '2021-04-12 05:21:55', 'create'),
(1392, 17, 'book', 60, '2021-04-12 05:22:58', 'create'),
(1393, 15, 'unit', 1024, '2021-04-12 05:23:08', 'create'),
(1394, 15, 'unit', 1025, '2021-04-12 05:24:11', 'create'),
(1395, 15, 'unit', 1026, '2021-04-12 05:25:19', 'create'),
(1396, 17, 'book', 61, '2021-04-12 05:25:23', 'create'),
(1397, 15, 'unit', 1027, '2021-04-12 05:26:17', 'create'),
(1398, 15, 'unit', 1028, '2021-04-12 05:28:23', 'create'),
(1399, 15, 'unit', 1029, '2021-04-12 05:30:25', 'create'),
(1400, 17, 'book', 62, '2021-04-12 05:30:50', 'create'),
(1401, 15, 'unit', 1030, '2021-04-12 05:31:07', 'create'),
(1402, 15, 'unit', 1031, '2021-04-12 05:31:56', 'create'),
(1403, 14, 'video', 164, '2021-04-12 05:33:28', 'create'),
(1404, 15, 'unit', 1032, '2021-04-12 05:33:46', 'create'),
(1405, 17, 'book', 63, '2021-04-12 05:34:14', 'create'),
(1406, 14, 'video', 165, '2021-04-12 05:34:25', 'create'),
(1407, 15, 'unit', 1033, '2021-04-12 05:34:37', 'create'),
(1408, 15, 'unit', 1034, '2021-04-12 05:35:29', 'create'),
(1409, 17, 'book', 64, '2021-04-12 05:35:37', 'create'),
(1410, 14, 'video', 166, '2021-04-12 05:36:09', 'create'),
(1411, 15, 'unit', 1035, '2021-04-12 05:36:20', 'create'),
(1412, 15, 'unit', 1036, '2021-04-12 05:37:05', 'create'),
(1413, 15, 'unit', 1037, '2021-04-12 05:37:50', 'create'),
(1414, 15, 'unit', 1038, '2021-04-12 05:38:35', 'create'),
(1415, 15, 'unit', 1039, '2021-04-12 05:39:21', 'create'),
(1416, 17, 'book', 65, '2021-04-12 05:40:04', 'create'),
(1417, 15, 'unit', 1040, '2021-04-12 05:40:08', 'create'),
(1418, 15, 'unit', 1041, '2021-04-12 05:41:49', 'create'),
(1419, 14, 'video', 167, '2021-04-12 05:42:02', 'create'),
(1420, 15, 'unit', 1042, '2021-04-12 05:42:46', 'create'),
(1421, 14, 'video', 168, '2021-04-12 05:43:21', 'create'),
(1422, 17, 'book', 66, '2021-04-12 05:43:24', 'create'),
(1423, 15, 'unit', 1043, '2021-04-12 05:43:40', 'create'),
(1424, 15, 'unit', 1044, '2021-04-12 05:44:18', 'create'),
(1425, 15, 'unit', 1045, '2021-04-12 05:45:12', 'create'),
(1426, 14, 'video', 169, '2021-04-12 05:46:02', 'create'),
(1427, 15, 'unit', 1046, '2021-04-12 05:46:36', 'create'),
(1428, 14, 'video', 170, '2021-04-12 05:47:15', 'create'),
(1429, 15, 'unit', 1047, '2021-04-12 05:47:37', 'create'),
(1430, 15, 'unit', 1048, '2021-04-12 05:48:21', 'create'),
(1431, 15, 'unit', 1049, '2021-04-12 05:49:08', 'create'),
(1432, 17, 'book', 67, '2021-04-12 05:49:47', 'create'),
(1433, 15, 'unit', 1050, '2021-04-12 05:50:00', 'create'),
(1434, 14, 'video', 171, '2021-04-12 05:50:28', 'create'),
(1435, 15, 'unit', 1051, '2021-04-12 05:50:55', 'create'),
(1436, 15, 'unit', 1052, '2021-04-12 05:51:38', 'create'),
(1437, 14, 'video', 172, '2021-04-12 05:51:57', 'create'),
(1438, 15, 'unit', 1053, '2021-04-12 05:52:36', 'create'),
(1439, 14, 'video', 173, '2021-04-12 05:52:38', 'create'),
(1440, 17, 'book', 68, '2021-04-12 05:52:43', 'create'),
(1441, 17, 'book', 69, '2021-04-12 05:54:16', 'create'),
(1442, 15, 'unit', 1054, '2021-04-12 05:55:08', 'create'),
(1443, 17, 'book', 70, '2021-04-12 05:55:37', 'create'),
(1444, 15, 'unit', 1055, '2021-04-12 05:56:00', 'create'),
(1445, 14, 'video', 174, '2021-04-12 05:56:53', 'create'),
(1446, 15, 'unit', 1056, '2021-04-12 05:57:08', 'create'),
(1447, 14, 'video', 175, '2021-04-12 05:57:31', 'create'),
(1448, 15, 'unit', 1057, '2021-04-12 05:58:06', 'create'),
(1449, 14, 'video', 176, '2021-04-12 05:58:45', 'create'),
(1450, 15, 'unit', 1058, '2021-04-12 05:59:11', 'create'),
(1451, 14, 'video', 177, '2021-04-12 06:00:16', 'create'),
(1452, 15, 'unit', 1059, '2021-04-12 06:00:42', 'create'),
(1453, 15, 'unit', 1060, '2021-04-12 06:01:27', 'create'),
(1454, 14, 'video', 178, '2021-04-12 06:02:17', 'create'),
(1455, 15, 'unit', 1061, '2021-04-12 06:02:25', 'create'),
(1456, 14, 'video', 179, '2021-04-12 06:02:48', 'create'),
(1457, 17, 'book', 71, '2021-04-12 06:02:56', 'create'),
(1458, 14, 'video', 180, '2021-04-12 06:03:34', 'create'),
(1459, 15, 'unit', 1062, '2021-04-12 06:03:35', 'create'),
(1460, 15, 'unit', 1063, '2021-04-12 06:04:41', 'create'),
(1461, 15, 'unit', 1064, '2021-04-12 06:06:44', 'create'),
(1462, 15, 'unit', 1065, '2021-04-12 06:08:03', 'create'),
(1463, 15, 'unit', 1066, '2021-04-12 06:09:02', 'create'),
(1464, 17, 'book', 72, '2021-04-12 06:10:21', 'create'),
(1465, 15, 'unit', 1067, '2021-04-12 06:10:52', 'create'),
(1466, 15, 'unit', 1068, '2021-04-12 06:11:47', 'create'),
(1467, 17, 'book', 73, '2021-04-12 06:11:56', 'create'),
(1468, 15, 'unit', 1069, '2021-04-12 06:12:41', 'create'),
(1469, 15, 'unit', 1070, '2021-04-12 06:13:37', 'create'),
(1470, 17, 'book', 74, '2021-04-12 06:13:50', 'create'),
(1471, 15, 'unit', 1071, '2021-04-12 06:15:31', 'create'),
(1472, 15, 'unit', 1072, '2021-04-12 06:16:22', 'create'),
(1473, 15, 'unit', 1073, '2021-04-12 06:17:26', 'create'),
(1474, 15, 'unit', 1074, '2021-04-12 06:27:36', 'create'),
(1475, 15, 'unit', 1075, '2021-04-12 06:44:01', 'create'),
(1476, 15, 'unit', 1076, '2021-04-12 06:44:50', 'create'),
(1477, 15, 'unit', 1077, '2021-04-12 06:45:45', 'create'),
(1478, 15, 'unit', 1078, '2021-04-12 06:46:51', 'create'),
(1479, 15, 'unit', 1079, '2021-04-12 06:48:30', 'create'),
(1480, 15, 'unit', 1080, '2021-04-12 06:49:19', 'create'),
(1481, 15, 'unit', 1081, '2021-04-12 06:50:14', 'create'),
(1482, 15, 'unit', 1082, '2021-04-12 06:51:06', 'create'),
(1483, 15, 'unit', 1083, '2021-04-12 06:52:59', 'create'),
(1484, 15, 'unit', 1084, '2021-04-12 06:54:18', 'create'),
(1485, 15, 'unit', 1085, '2021-04-12 06:55:24', 'create'),
(1486, 15, 'unit', 1086, '2021-04-12 06:56:34', 'create'),
(1487, 15, 'unit', 1087, '2021-04-12 07:00:01', 'create'),
(1488, 15, 'unit', 1088, '2021-04-12 07:01:13', 'create'),
(1489, 15, 'unit', 1089, '2021-04-12 07:02:11', 'create'),
(1490, 15, 'unit', 1090, '2021-04-12 07:06:55', 'create'),
(1491, 15, 'unit', 1091, '2021-04-12 07:08:44', 'create'),
(1492, 15, 'unit', 1092, '2021-04-12 07:13:14', 'create'),
(1493, 15, 'unit', 1093, '2021-04-12 07:15:35', 'create'),
(1494, 15, 'unit', 1094, '2021-04-12 07:17:10', 'create'),
(1495, 15, 'unit', 1095, '2021-04-12 07:18:20', 'create'),
(1496, 15, 'unit', 1096, '2021-04-12 07:19:37', 'create'),
(1497, 15, 'unit', 1097, '2021-04-12 07:24:08', 'create'),
(1498, 15, 'unit', 1098, '2021-04-12 07:25:18', 'create'),
(1499, 15, 'unit', 1099, '2021-04-12 07:26:20', 'create'),
(1500, 15, 'unit', 1100, '2021-04-12 07:28:21', 'create'),
(1501, 15, 'unit', 1101, '2021-04-12 07:29:08', 'create'),
(1502, 15, 'unit', 1102, '2021-04-12 07:30:07', 'create'),
(1503, 15, 'unit', 1103, '2021-04-12 07:32:37', 'create'),
(1504, 15, 'unit', 1104, '2021-04-12 07:33:31', 'create'),
(1505, 15, 'unit', 1105, '2021-04-12 07:34:14', 'create'),
(1506, 15, 'unit', 1106, '2021-04-12 07:34:57', 'create'),
(1507, 15, 'unit', 1107, '2021-04-12 07:35:51', 'create'),
(1508, 15, 'unit', 1108, '2021-04-12 07:36:29', 'create'),
(1509, 15, 'unit', 1109, '2021-04-12 07:37:04', 'create'),
(1510, 15, 'unit', 1110, '2021-04-12 07:37:40', 'create'),
(1511, 15, 'unit', 1111, '2021-04-12 07:38:58', 'create'),
(1512, 15, 'unit', 1112, '2021-04-12 07:40:42', 'create'),
(1513, 15, 'unit', 1113, '2021-04-12 07:41:34', 'create'),
(1514, 15, 'unit', 1114, '2021-04-12 07:42:40', 'create'),
(1515, 15, 'unit', 1115, '2021-04-12 07:43:27', 'create'),
(1516, 15, 'unit', 1116, '2021-04-12 07:44:12', 'create'),
(1517, 15, 'unit', 1117, '2021-04-12 07:44:56', 'create'),
(1518, 15, 'unit', 1118, '2021-04-12 07:45:41', 'create'),
(1519, 15, 'unit', 1119, '2021-04-12 07:46:35', 'create'),
(1520, 15, 'subject', 128, '2021-04-12 08:56:54', 'create'),
(1521, 15, 'subject', 129, '2021-04-12 08:59:04', 'create'),
(1522, 15, 'subject', 130, '2021-04-12 09:00:02', 'create'),
(1523, 15, 'subject', 131, '2021-04-12 09:00:23', 'create'),
(1524, 15, 'subject', 132, '2021-04-12 09:00:55', 'create'),
(1525, 15, 'subject', 133, '2021-04-12 09:01:36', 'create'),
(1526, 15, 'subject', 134, '2021-04-12 09:01:51', 'create'),
(1527, 17, 'book', 75, '2021-04-12 10:29:48', 'create'),
(1528, 17, 'book', 76, '2021-04-12 10:32:24', 'create'),
(1529, 17, 'book', 77, '2021-04-12 10:34:19', 'create'),
(1530, 17, 'book', 78, '2021-04-12 10:35:40', 'create'),
(1531, 17, 'book', 79, '2021-04-12 10:37:17', 'create'),
(1532, 17, 'book', 80, '2021-04-12 10:39:26', 'create'),
(1533, 14, 'video', 181, '2021-04-12 10:39:35', 'create'),
(1534, 14, 'video', 182, '2021-04-12 10:40:37', 'create'),
(1535, 17, 'book', 81, '2021-04-12 10:40:53', 'create'),
(1536, 14, 'video', 183, '2021-04-12 10:41:41', 'create'),
(1537, 14, 'video', 184, '2021-04-12 10:42:26', 'create'),
(1538, 17, 'book', 82, '2021-04-12 10:42:53', 'create'),
(1539, 17, 'book', 83, '2021-04-12 10:44:10', 'create'),
(1540, 14, 'video', 185, '2021-04-12 10:44:16', 'create'),
(1541, 14, 'video', 186, '2021-04-12 10:45:22', 'create'),
(1542, 1, 'subject', 135, '2021-04-12 10:45:59', 'create'),
(1543, 15, 'unit', 1120, '2021-04-12 10:46:00', 'create'),
(1544, 14, 'video', 187, '2021-04-12 10:46:45', 'create'),
(1545, 1, 'subject', 136, '2021-04-12 10:46:46', 'create'),
(1546, 15, 'unit', 1121, '2021-04-12 10:46:56', 'create'),
(1547, 1, 'subject', 137, '2021-04-12 10:47:08', 'create'),
(1548, 1, 'subject', 138, '2021-04-12 10:48:05', 'create'),
(1549, 15, 'unit', 1122, '2021-04-12 10:48:07', 'create'),
(1550, 14, 'video', 188, '2021-04-12 10:48:23', 'create'),
(1551, 1, 'subject', 139, '2021-04-12 10:48:43', 'create'),
(1552, 1, 'subject', 140, '2021-04-12 10:48:56', 'create'),
(1553, 15, 'unit', 1123, '2021-04-12 10:49:30', 'create'),
(1554, 14, 'video', 189, '2021-04-12 10:49:31', 'create'),
(1555, 1, 'subject', 141, '2021-04-12 10:49:37', 'create'),
(1556, 1, 'subject', 142, '2021-04-12 10:49:52', 'create'),
(1557, 15, 'unit', 1124, '2021-04-12 10:50:12', 'create'),
(1558, 1, 'subject', 143, '2021-04-12 10:50:14', 'create'),
(1559, 14, 'video', 190, '2021-04-12 10:50:26', 'create'),
(1560, 14, 'video', 191, '2021-04-12 10:51:14', 'create'),
(1561, 1, 'subject', 144, '2021-04-12 10:51:51', 'create'),
(1562, 14, 'video', 192, '2021-04-12 10:52:25', 'create'),
(1563, 14, 'video', 193, '2021-04-12 10:56:12', 'create'),
(1564, 14, 'video', 194, '2021-04-12 10:56:55', 'create'),
(1565, 14, 'video', 195, '2021-04-12 10:58:07', 'create'),
(1566, 14, 'video', 196, '2021-04-12 10:58:55', 'create'),
(1567, 15, 'unit', 1125, '2021-04-12 10:59:29', 'create'),
(1568, 14, 'video', 197, '2021-04-12 11:00:12', 'create'),
(1569, 15, 'unit', 1126, '2021-04-12 11:01:09', 'create'),
(1570, 14, 'video', 198, '2021-04-12 11:03:18', 'create'),
(1571, 15, 'unit', 1127, '2021-04-12 11:03:30', 'create'),
(1572, 14, 'video', 199, '2021-04-12 11:04:58', 'create'),
(1573, 15, 'unit', 1128, '2021-04-12 11:06:33', 'create'),
(1574, 15, 'unit', 1129, '2021-04-12 11:10:07', 'create'),
(1575, 15, 'unit', 1130, '2021-04-12 11:12:11', 'create'),
(1576, 15, 'unit', 1131, '2021-04-12 11:16:06', 'create'),
(1577, 14, 'video', 200, '2021-04-12 11:16:16', 'create'),
(1578, 14, 'video', 201, '2021-04-12 11:16:56', 'create'),
(1579, 14, 'video', 202, '2021-04-12 11:18:03', 'create'),
(1580, 14, 'video', 203, '2021-04-12 11:18:57', 'create'),
(1581, 14, 'video', 204, '2021-04-12 11:19:35', 'create'),
(1582, 14, 'video', 205, '2021-04-12 11:20:27', 'create'),
(1583, 20, 'book', 84, '2021-04-12 11:20:48', 'create'),
(1584, 14, 'video', 206, '2021-04-12 11:21:18', 'create'),
(1585, 15, 'unit', 1132, '2021-04-12 11:22:05', 'create'),
(1586, 14, 'video', 207, '2021-04-12 11:22:24', 'create'),
(1587, 15, 'unit', 1133, '2021-04-12 11:22:53', 'create'),
(1588, 14, 'video', 208, '2021-04-12 11:23:24', 'create'),
(1589, 15, 'unit', 1134, '2021-04-12 11:23:39', 'create'),
(1590, 14, 'video', 209, '2021-04-12 11:24:08', 'create'),
(1591, 15, 'unit', 1135, '2021-04-12 11:24:44', 'create'),
(1592, 15, 'unit', 1136, '2021-04-12 11:25:25', 'create'),
(1593, 1, 'semester', 65, '2021-04-12 11:26:10', 'create'),
(1594, 14, 'video', 210, '2021-04-12 11:28:36', 'create'),
(1595, 15, 'unit', 1137, '2021-04-12 11:28:58', 'create'),
(1596, 14, 'video', 211, '2021-04-12 11:29:20', 'create'),
(1597, 15, 'unit', 1138, '2021-04-12 11:30:32', 'create'),
(1598, 14, 'video', 212, '2021-04-12 11:30:37', 'create'),
(1599, 14, 'video', 213, '2021-04-12 11:32:03', 'create'),
(1600, 14, 'video', 214, '2021-04-12 11:34:04', 'create'),
(1601, 14, 'video', 215, '2021-04-12 11:34:50', 'create'),
(1602, 15, 'unit', 1139, '2021-04-12 11:36:26', 'create'),
(1603, 14, 'video', 216, '2021-04-12 11:36:33', 'create'),
(1604, 15, 'unit', 1140, '2021-04-12 11:37:30', 'create'),
(1605, 14, 'video', 217, '2021-04-12 11:37:51', 'create'),
(1606, 15, 'unit', 1141, '2021-04-12 11:38:35', 'create'),
(1607, 14, 'video', 218, '2021-04-12 11:38:50', 'create'),
(1608, 14, 'video', 219, '2021-04-12 11:40:28', 'create'),
(1609, 14, 'video', 220, '2021-04-12 11:41:53', 'create'),
(1610, 14, 'video', 221, '2021-04-12 11:43:25', 'create'),
(1611, 14, 'video', 222, '2021-04-12 11:44:24', 'create'),
(1612, 14, 'video', 223, '2021-04-12 11:44:58', 'create'),
(1613, 14, 'video', 224, '2021-04-12 11:45:37', 'create'),
(1614, 15, 'unit', 1142, '2021-04-12 11:54:29', 'create'),
(1615, 17, 'book', 85, '2021-04-12 11:55:40', 'create'),
(1616, 15, 'unit', 1143, '2021-04-12 11:55:45', 'create'),
(1617, 15, 'unit', 1144, '2021-04-12 11:56:37', 'create'),
(1618, 15, 'unit', 1145, '2021-04-12 11:57:28', 'create'),
(1619, 15, 'unit', 1146, '2021-04-12 11:58:16', 'create'),
(1620, 15, 'unit', 1147, '2021-04-12 11:59:02', 'create'),
(1621, 15, 'unit', 1148, '2021-04-12 12:00:00', 'create'),
(1622, 17, 'book', 86, '2021-04-12 12:00:24', 'create'),
(1623, 15, 'unit', 1149, '2021-04-12 12:00:45', 'create'),
(1624, 15, 'unit', 1150, '2021-04-12 12:02:50', 'create'),
(1625, 17, 'book', 87, '2021-04-12 12:03:04', 'create'),
(1626, 15, 'unit', 1151, '2021-04-12 12:03:44', 'create'),
(1627, 15, 'unit', 1152, '2021-04-12 12:05:40', 'create'),
(1628, 17, 'book', 88, '2021-04-12 12:05:52', 'create'),
(1629, 15, 'unit', 1153, '2021-04-12 12:06:23', 'create'),
(1630, 15, 'unit', 1154, '2021-04-12 12:07:23', 'create'),
(1631, 15, 'unit', 1155, '2021-04-12 12:07:53', 'create'),
(1632, 15, 'unit', 1156, '2021-04-12 12:08:48', 'create'),
(1633, 15, 'unit', 1157, '2021-04-12 12:10:59', 'create'),
(1634, 15, 'unit', 1158, '2021-04-12 12:11:49', 'create'),
(1635, 15, 'unit', 1159, '2021-04-12 12:12:18', 'create'),
(1636, 15, 'unit', 1160, '2021-04-12 12:13:00', 'create'),
(1637, 15, 'unit', 1161, '2021-04-12 12:13:46', 'create'),
(1638, 15, 'unit', 1162, '2021-04-12 12:14:34', 'create'),
(1639, 15, 'unit', 1163, '2021-04-12 12:15:36', 'create'),
(1640, 15, 'unit', 1164, '2021-04-12 12:16:48', 'create'),
(1641, 15, 'unit', 1165, '2021-04-12 12:18:03', 'create'),
(1642, 15, 'unit', 1166, '2021-04-12 12:18:53', 'create'),
(1643, 15, 'unit', 1167, '2021-04-12 12:19:25', 'create'),
(1644, 15, 'unit', 1168, '2021-04-12 12:20:19', 'create'),
(1645, 15, 'unit', 1169, '2021-04-12 12:20:43', 'create'),
(1646, 15, 'unit', 1170, '2021-04-12 12:21:22', 'create'),
(1647, 15, 'unit', 1171, '2021-04-12 12:24:31', 'create'),
(1648, 20, 'book', 89, '2021-04-12 13:26:31', 'create'),
(1649, 20, 'book', 90, '2021-04-12 13:28:40', 'create'),
(1650, 20, 'book', 91, '2021-04-12 13:30:22', 'create'),
(1651, 20, 'book', 92, '2021-04-12 13:32:25', 'create'),
(1652, 20, 'book', 93, '2021-04-12 14:01:33', 'create'),
(1653, 20, 'book', 94, '2021-04-12 14:03:10', 'create'),
(1654, 20, 'book', 95, '2021-04-12 14:05:44', 'create'),
(1655, 20, 'book', 96, '2021-04-12 14:07:35', 'create'),
(1656, 20, 'book', 97, '2021-04-12 14:11:16', 'create'),
(1657, 20, 'book', 98, '2021-04-12 14:13:07', 'create'),
(1658, 20, 'book', 99, '2021-04-12 14:14:38', 'create'),
(1659, 20, 'book', 100, '2021-04-12 14:15:58', 'create'),
(1660, 20, 'book', 101, '2021-04-12 14:17:32', 'create'),
(1661, 20, 'book', 102, '2021-04-12 14:18:44', 'create'),
(1662, 20, 'book', 103, '2021-04-12 14:19:53', 'create'),
(1663, 20, 'book', 104, '2021-04-12 14:25:22', 'create'),
(1664, 20, 'book', 105, '2021-04-12 14:47:34', 'create'),
(1665, 20, 'book', 106, '2021-04-12 14:48:50', 'create'),
(1666, 20, 'book', 107, '2021-04-12 14:49:57', 'create'),
(1667, 20, 'book', 108, '2021-04-12 14:51:08', 'create'),
(1668, 20, 'book', 109, '2021-04-12 14:52:28', 'create'),
(1669, 20, 'book', 110, '2021-04-12 14:53:56', 'create'),
(1670, 20, 'book', 111, '2021-04-12 15:08:37', 'create'),
(1671, 17, 'book', 112, '2021-04-13 02:31:44', 'create'),
(1672, 17, 'book', 113, '2021-04-13 02:33:46', 'create'),
(1673, 17, 'book', 114, '2021-04-13 02:36:44', 'create'),
(1674, 17, 'book', 115, '2021-04-13 02:41:56', 'create'),
(1675, 17, 'book', 116, '2021-04-13 02:44:39', 'create'),
(1676, 17, 'book', 117, '2021-04-13 02:47:17', 'create'),
(1677, 17, 'book', 118, '2021-04-13 02:50:16', 'create'),
(1678, 17, 'book', 119, '2021-04-13 02:56:31', 'create'),
(1679, 17, 'book', 120, '2021-04-13 02:58:35', 'create'),
(1680, 17, 'book', 121, '2021-04-13 03:01:28', 'create'),
(1681, 17, 'book', 122, '2021-04-13 03:03:16', 'create'),
(1682, 17, 'book', 123, '2021-04-13 03:07:07', 'create'),
(1683, 17, 'book', 124, '2021-04-13 03:09:39', 'create'),
(1684, 17, 'book', 125, '2021-04-13 03:12:21', 'create'),
(1685, 17, 'book', 126, '2021-04-13 03:15:02', 'create'),
(1686, 17, 'book', 127, '2021-04-13 03:17:12', 'create'),
(1687, 17, 'book', 128, '2021-04-13 03:25:53', 'create'),
(1688, 20, 'book', 129, '2021-04-13 03:28:23', 'create'),
(1689, 20, 'book', 130, '2021-04-13 03:29:26', 'create'),
(1690, 20, 'book', 131, '2021-04-13 03:31:13', 'create'),
(1691, 15, 'unit', 1172, '2021-04-13 03:31:25', 'create'),
(1692, 20, 'book', 132, '2021-04-13 03:32:31', 'create'),
(1693, 20, 'book', 133, '2021-04-13 03:34:04', 'create'),
(1694, 15, 'unit', 1173, '2021-04-13 03:34:38', 'create'),
(1695, 15, 'unit', 1174, '2021-04-13 03:34:39', 'create'),
(1696, 20, 'book', 134, '2021-04-13 03:35:12', 'create'),
(1697, 15, 'unit', 1175, '2021-04-13 03:36:03', 'create'),
(1698, 15, 'unit', 1176, '2021-04-13 03:37:13', 'create'),
(1699, 15, 'unit', 1177, '2021-04-13 03:38:03', 'create'),
(1700, 15, 'unit', 1178, '2021-04-13 03:39:31', 'create'),
(1701, 15, 'unit', 1179, '2021-04-13 03:40:29', 'create'),
(1702, 15, 'unit', 1180, '2021-04-13 03:41:16', 'create'),
(1703, 15, 'unit', 1181, '2021-04-13 03:42:09', 'create'),
(1704, 15, 'unit', 1182, '2021-04-13 03:43:14', 'create'),
(1705, 15, 'unit', 1183, '2021-04-13 03:43:52', 'create'),
(1706, 15, 'unit', 1184, '2021-04-13 03:44:55', 'create'),
(1707, 17, 'book', 135, '2021-04-13 03:46:52', 'create'),
(1708, 15, 'unit', 1185, '2021-04-13 03:46:56', 'create'),
(1709, 17, 'book', 136, '2021-04-13 03:47:09', 'create'),
(1710, 20, 'book', 137, '2021-04-13 03:48:13', 'create'),
(1711, 17, 'book', 138, '2021-04-13 03:49:02', 'create'),
(1712, 20, 'book', 139, '2021-04-13 03:49:08', 'create'),
(1713, 15, 'unit', 1186, '2021-04-13 03:49:09', 'create'),
(1714, 20, 'book', 140, '2021-04-13 03:50:18', 'create'),
(1715, 15, 'unit', 1187, '2021-04-13 03:50:50', 'create'),
(1716, 20, 'book', 141, '2021-04-13 03:51:17', 'create'),
(1717, 20, 'book', 142, '2021-04-13 03:52:14', 'create'),
(1718, 15, 'unit', 1188, '2021-04-13 03:53:00', 'create'),
(1719, 17, 'book', 143, '2021-04-13 03:53:29', 'create'),
(1720, 15, 'unit', 1189, '2021-04-13 03:53:36', 'create'),
(1721, 15, 'unit', 1190, '2021-04-13 03:54:36', 'create'),
(1722, 15, 'unit', 1191, '2021-04-13 03:55:17', 'create'),
(1723, 15, 'unit', 1192, '2021-04-13 03:55:56', 'create'),
(1724, 17, 'book', 144, '2021-04-13 03:56:11', 'create'),
(1725, 17, 'book', 145, '2021-04-13 03:58:16', 'create'),
(1726, 15, 'unit', 1193, '2021-04-13 04:03:12', 'create'),
(1727, 15, 'unit', 1194, '2021-04-13 04:03:42', 'create'),
(1728, 17, 'book', 146, '2021-04-13 04:03:50', 'create'),
(1729, 15, 'unit', 1195, '2021-04-13 04:05:52', 'create'),
(1730, 15, 'unit', 1196, '2021-04-13 04:06:36', 'create'),
(1731, 15, 'unit', 1197, '2021-04-13 04:07:38', 'create'),
(1732, 15, 'unit', 1198, '2021-04-13 04:08:24', 'create'),
(1733, 17, 'book', 147, '2021-04-13 04:08:40', 'create'),
(1734, 15, 'unit', 1199, '2021-04-13 04:09:21', 'create'),
(1735, 15, 'unit', 1200, '2021-04-13 04:10:14', 'create'),
(1736, 15, 'unit', 1201, '2021-04-13 04:12:07', 'create'),
(1737, 17, 'book', 148, '2021-04-13 04:12:33', 'create'),
(1738, 15, 'unit', 1202, '2021-04-13 04:14:24', 'create'),
(1739, 15, 'unit', 1203, '2021-04-13 04:15:53', 'create'),
(1740, 15, 'unit', 1204, '2021-04-13 04:17:04', 'create'),
(1741, 17, 'book', 149, '2021-04-13 04:17:53', 'create'),
(1742, 15, 'unit', 1205, '2021-04-13 04:17:59', 'create'),
(1743, 15, 'unit', 1206, '2021-04-13 04:19:22', 'create'),
(1744, 15, 'unit', 1207, '2021-04-13 04:20:15', 'create'),
(1745, 15, 'unit', 1208, '2021-04-13 04:21:24', 'create'),
(1746, 20, 'book', 150, '2021-04-13 04:21:51', 'create'),
(1747, 15, 'unit', 1209, '2021-04-13 04:22:08', 'create'),
(1748, 20, 'book', 151, '2021-04-13 04:22:50', 'create'),
(1749, 15, 'unit', 1210, '2021-04-13 04:23:24', 'create'),
(1750, 20, 'book', 152, '2021-04-13 04:23:59', 'create'),
(1751, 15, 'unit', 1211, '2021-04-13 04:24:35', 'create'),
(1752, 17, 'book', 153, '2021-04-13 04:24:56', 'create'),
(1753, 20, 'book', 154, '2021-04-13 04:25:15', 'create'),
(1754, 15, 'unit', 1212, '2021-04-13 04:26:54', 'create'),
(1755, 20, 'book', 155, '2021-04-13 04:27:04', 'create'),
(1756, 15, 'unit', 1213, '2021-04-13 04:27:20', 'create'),
(1757, 20, 'book', 156, '2021-04-13 04:28:27', 'create'),
(1758, 15, 'unit', 1214, '2021-04-13 04:28:44', 'create'),
(1759, 20, 'book', 157, '2021-04-13 04:29:22', 'create'),
(1760, 20, 'book', 158, '2021-04-13 04:35:49', 'create'),
(1761, 20, 'book', 159, '2021-04-13 04:36:58', 'create'),
(1762, 20, 'book', 160, '2021-04-13 04:42:54', 'create'),
(1763, 20, 'book', 161, '2021-04-13 04:43:46', 'create'),
(1764, 20, 'book', 162, '2021-04-13 04:44:42', 'create'),
(1765, 20, 'book', 163, '2021-04-13 04:46:29', 'create'),
(1766, 1, 'semester', 66, '2021-04-13 04:53:48', 'create'),
(1767, 20, 'book', 164, '2021-04-13 04:54:06', 'create'),
(1768, 1, 'semester', 67, '2021-04-13 04:54:06', 'create'),
(1769, 1, 'semester', 68, '2021-04-13 04:54:27', 'create'),
(1770, 20, 'book', 165, '2021-04-13 04:55:20', 'create'),
(1771, 20, 'book', 166, '2021-04-13 04:56:14', 'create'),
(1772, 20, 'book', 167, '2021-04-13 04:57:06', 'create'),
(1773, 20, 'book', 168, '2021-04-13 05:18:38', 'create'),
(1774, 20, 'book', 169, '2021-04-13 05:20:06', 'create'),
(1775, 20, 'book', 170, '2021-04-13 05:21:25', 'create'),
(1776, 20, 'book', 171, '2021-04-13 05:23:49', 'create'),
(1777, 20, 'book', 172, '2021-04-13 05:25:18', 'create'),
(1778, 15, 'subject', 145, '2021-04-13 05:26:52', 'create'),
(1779, 20, 'book', 173, '2021-04-13 05:27:43', 'create'),
(1780, 20, 'book', 174, '2021-04-13 05:29:08', 'create'),
(1781, 15, 'subject', 146, '2021-04-13 05:29:59', 'create'),
(1782, 15, 'subject', 147, '2021-04-13 05:30:25', 'create'),
(1783, 15, 'subject', 148, '2021-04-13 05:31:02', 'create'),
(1784, 20, 'book', 175, '2021-04-13 05:31:08', 'create'),
(1785, 15, 'subject', 149, '2021-04-13 05:34:03', 'create'),
(1786, 20, 'book', 176, '2021-04-13 05:34:30', 'create'),
(1787, 15, 'subject', 150, '2021-04-13 05:34:31', 'create'),
(1788, 15, 'subject', 151, '2021-04-13 05:35:01', 'create'),
(1789, 20, 'book', 177, '2021-04-13 05:36:12', 'create'),
(1790, 15, 'unit', 1215, '2021-04-13 05:36:59', 'create'),
(1791, 15, 'unit', 1216, '2021-04-13 05:37:32', 'create'),
(1792, 15, 'unit', 1217, '2021-04-13 05:38:13', 'create'),
(1793, 15, 'unit', 1218, '2021-04-13 05:39:20', 'create'),
(1794, 15, 'unit', 1219, '2021-04-13 05:40:31', 'create'),
(1795, 15, 'unit', 1220, '2021-04-13 05:41:55', 'create');
INSERT INTO `user_data_logs` (`id`, `user_id`, `type`, `type_id`, `upload_time`, `operation`) VALUES
(1796, 15, 'unit', 1221, '2021-04-13 05:42:41', 'create'),
(1797, 15, 'unit', 1222, '2021-04-13 05:43:41', 'create'),
(1798, 15, 'unit', 1223, '2021-04-13 05:44:26', 'create'),
(1799, 15, 'unit', 1224, '2021-04-13 05:45:23', 'create'),
(1800, 15, 'unit', 1225, '2021-04-13 05:45:48', 'create'),
(1801, 15, 'unit', 1226, '2021-04-13 05:49:42', 'create'),
(1802, 15, 'unit', 1227, '2021-04-13 05:53:46', 'create'),
(1803, 17, 'book', 178, '2021-04-13 05:56:23', 'create'),
(1804, 15, 'unit', 1228, '2021-04-13 05:56:24', 'create'),
(1805, 15, 'unit', 1229, '2021-04-13 05:57:45', 'create'),
(1806, 17, 'book', 179, '2021-04-13 05:59:05', 'create'),
(1807, 15, 'unit', 1230, '2021-04-13 06:00:59', 'create'),
(1808, 17, 'book', 180, '2021-04-13 06:01:22', 'create'),
(1809, 15, 'unit', 1231, '2021-04-13 06:02:21', 'create'),
(1810, 15, 'unit', 1232, '2021-04-13 06:03:28', 'create'),
(1811, 17, 'book', 181, '2021-04-13 06:03:52', 'create'),
(1812, 17, 'book', 182, '2021-04-13 06:06:08', 'create'),
(1813, 15, 'unit', 1233, '2021-04-13 06:06:11', 'create'),
(1814, 15, 'unit', 1234, '2021-04-13 06:08:00', 'create'),
(1815, 15, 'unit', 1235, '2021-04-13 06:09:07', 'create'),
(1816, 17, 'book', 183, '2021-04-13 06:09:20', 'create'),
(1817, 17, 'book', 184, '2021-04-13 06:12:57', 'create'),
(1818, 15, 'unit', 1236, '2021-04-13 06:13:23', 'create'),
(1819, 15, 'unit', 1237, '2021-04-13 06:15:26', 'create'),
(1820, 15, 'unit', 1238, '2021-04-13 06:16:26', 'create'),
(1821, 17, 'book', 185, '2021-04-13 06:16:47', 'create'),
(1822, 15, 'unit', 1239, '2021-04-13 06:17:42', 'create'),
(1823, 17, 'book', 186, '2021-04-13 06:19:10', 'create'),
(1824, 15, 'unit', 1240, '2021-04-13 06:20:52', 'create'),
(1825, 15, 'unit', 1241, '2021-04-13 06:21:44', 'create'),
(1826, 17, 'book', 187, '2021-04-13 06:21:48', 'create'),
(1827, 15, 'unit', 1242, '2021-04-13 06:22:55', 'create'),
(1828, 15, 'unit', 1243, '2021-04-13 06:24:06', 'create'),
(1829, 17, 'book', 188, '2021-04-13 06:24:11', 'create'),
(1830, 15, 'unit', 1244, '2021-04-13 06:24:44', 'create'),
(1831, 15, 'unit', 1245, '2021-04-13 06:25:22', 'create'),
(1832, 15, 'unit', 1246, '2021-04-13 06:26:15', 'create'),
(1833, 15, 'unit', 1247, '2021-04-13 06:27:30', 'create'),
(1834, 15, 'unit', 1248, '2021-04-13 06:28:31', 'create'),
(1835, 15, 'unit', 1249, '2021-04-13 06:30:10', 'create'),
(1836, 15, 'unit', 1250, '2021-04-13 06:31:12', 'create'),
(1837, 15, 'unit', 1251, '2021-04-13 06:31:12', 'create'),
(1838, 15, 'unit', 1252, '2021-04-13 06:34:48', 'create'),
(1839, 15, 'unit', 1253, '2021-04-13 06:35:31', 'create'),
(1840, 17, 'book', 189, '2021-04-13 06:35:55', 'create'),
(1841, 15, 'unit', 1254, '2021-04-13 06:36:42', 'create'),
(1842, 15, 'unit', 1255, '2021-04-13 06:40:09', 'create'),
(1843, 15, 'unit', 1256, '2021-04-13 06:40:52', 'create'),
(1844, 15, 'unit', 1257, '2021-04-13 06:41:35', 'create'),
(1845, 15, 'unit', 1258, '2021-04-13 06:42:09', 'create'),
(1846, 15, 'unit', 1259, '2021-04-13 06:42:58', 'create'),
(1847, 15, 'unit', 1260, '2021-04-13 06:43:27', 'create'),
(1848, 15, 'unit', 1261, '2021-04-13 06:44:14', 'create'),
(1849, 15, 'unit', 1262, '2021-04-13 06:46:03', 'create'),
(1850, 15, 'unit', 1263, '2021-04-13 06:46:52', 'create'),
(1851, 15, 'unit', 1264, '2021-04-13 06:48:12', 'create'),
(1852, 15, 'unit', 1265, '2021-04-13 06:49:21', 'create'),
(1853, 15, 'unit', 1266, '2021-04-13 06:49:53', 'create'),
(1854, 15, 'unit', 1267, '2021-04-13 06:51:24', 'create'),
(1855, 15, 'unit', 1268, '2021-04-13 06:52:57', 'create'),
(1856, 15, 'unit', 1269, '2021-04-13 06:53:51', 'create'),
(1857, 15, 'unit', 1270, '2021-04-13 06:54:20', 'create'),
(1858, 15, 'unit', 1271, '2021-04-13 06:56:17', 'create'),
(1859, 15, 'unit', 1272, '2021-04-13 06:57:04', 'create'),
(1860, 15, 'unit', 1273, '2021-04-13 06:57:38', 'create'),
(1861, 15, 'unit', 1274, '2021-04-13 06:58:16', 'create'),
(1862, 15, 'unit', 1275, '2021-04-13 06:58:55', 'create'),
(1863, 15, 'unit', 1276, '2021-04-13 07:01:48', 'create'),
(1864, 15, 'unit', 1277, '2021-04-13 07:02:39', 'create'),
(1865, 15, 'unit', 1278, '2021-04-13 07:03:19', 'create'),
(1866, 15, 'unit', 1279, '2021-04-13 07:04:04', 'create'),
(1867, 15, 'unit', 1280, '2021-04-13 07:04:32', 'create'),
(1868, 15, 'unit', 1281, '2021-04-13 07:05:11', 'create'),
(1869, 15, 'unit', 1282, '2021-04-13 07:05:38', 'create'),
(1870, 15, 'unit', 1283, '2021-04-13 07:06:16', 'create'),
(1871, 15, 'unit', 1284, '2021-04-13 07:07:20', 'create'),
(1872, 15, 'unit', 1285, '2021-04-13 07:07:47', 'create'),
(1873, 15, 'unit', 1286, '2021-04-13 07:08:37', 'create'),
(1874, 15, 'unit', 1287, '2021-04-13 07:09:35', 'create'),
(1875, 15, 'unit', 1288, '2021-04-13 07:10:01', 'create'),
(1876, 15, 'unit', 1289, '2021-04-13 07:10:46', 'create'),
(1877, 15, 'unit', 1290, '2021-04-13 07:13:25', 'create'),
(1878, 15, 'unit', 1291, '2021-04-13 07:15:33', 'create'),
(1879, 15, 'unit', 1292, '2021-04-13 07:16:29', 'create'),
(1880, 15, 'unit', 1293, '2021-04-13 07:19:39', 'create'),
(1881, 15, 'unit', 1294, '2021-04-13 07:20:15', 'create'),
(1882, 15, 'unit', 1295, '2021-04-13 07:21:10', 'create'),
(1883, 15, 'unit', 1296, '2021-04-13 07:22:22', 'create'),
(1884, 15, 'unit', 1297, '2021-04-13 07:22:53', 'create'),
(1885, 15, 'subject', 152, '2021-04-13 07:27:51', 'create'),
(1886, 15, 'unit', 1298, '2021-04-13 08:30:47', 'create'),
(1887, 15, 'unit', 1299, '2021-04-13 08:31:17', 'create'),
(1888, 15, 'unit', 1300, '2021-04-13 08:31:44', 'create'),
(1889, 15, 'unit', 1301, '2021-04-13 08:32:31', 'create'),
(1890, 15, 'unit', 1302, '2021-04-13 08:33:10', 'create'),
(1891, 15, 'unit', 1303, '2021-04-13 08:34:30', 'create'),
(1892, 15, 'unit', 1304, '2021-04-13 08:34:55', 'create'),
(1893, 15, 'unit', 1305, '2021-04-13 08:37:59', 'create'),
(1894, 15, 'unit', 1306, '2021-04-13 08:38:57', 'create'),
(1895, 15, 'unit', 1307, '2021-04-13 08:39:21', 'create'),
(1896, 15, 'unit', 1308, '2021-04-13 08:40:04', 'create'),
(1897, 15, 'unit', 1309, '2021-04-13 08:40:54', 'create'),
(1898, 15, 'unit', 1310, '2021-04-13 08:41:46', 'create'),
(1899, 15, 'unit', 1311, '2021-04-13 08:42:31', 'create'),
(1900, 15, 'unit', 1312, '2021-04-13 08:43:02', 'create'),
(1901, 15, 'unit', 1313, '2021-04-13 08:43:47', 'create'),
(1902, 15, 'unit', 1314, '2021-04-13 08:44:19', 'create'),
(1903, 15, 'unit', 1315, '2021-04-13 08:44:50', 'create'),
(1904, 15, 'subject', 153, '2021-04-13 08:47:16', 'create'),
(1905, 15, 'subject', 154, '2021-04-13 08:48:34', 'create'),
(1906, 15, 'subject', 155, '2021-04-13 08:49:01', 'create'),
(1907, 15, 'subject', 156, '2021-04-13 08:49:38', 'create'),
(1908, 15, 'subject', 157, '2021-04-13 08:50:11', 'create'),
(1909, 15, 'subject', 158, '2021-04-13 08:51:08', 'create'),
(1910, 15, 'unit', 1316, '2021-04-13 08:56:47', 'create'),
(1911, 15, 'unit', 1317, '2021-04-13 08:57:27', 'create'),
(1912, 15, 'unit', 1318, '2021-04-13 08:58:32', 'create'),
(1913, 15, 'unit', 1319, '2021-04-13 08:59:40', 'create'),
(1914, 15, 'unit', 1320, '2021-04-13 09:00:21', 'create'),
(1915, 15, 'unit', 1321, '2021-04-13 09:00:54', 'create'),
(1916, 15, 'unit', 1322, '2021-04-13 09:02:13', 'create'),
(1917, 15, 'unit', 1323, '2021-04-13 09:03:23', 'create'),
(1918, 15, 'unit', 1324, '2021-04-13 09:04:15', 'create'),
(1919, 15, 'unit', 1325, '2021-04-13 09:05:33', 'create'),
(1920, 15, 'unit', 1326, '2021-04-13 09:11:34', 'create'),
(1921, 15, 'unit', 1327, '2021-04-13 09:12:59', 'create'),
(1922, 15, 'unit', 1328, '2021-04-13 09:15:15', 'create'),
(1923, 15, 'unit', 1329, '2021-04-13 09:15:15', 'create'),
(1924, 15, 'unit', 1330, '2021-04-13 09:19:44', 'create'),
(1925, 15, 'unit', 1331, '2021-04-13 09:21:10', 'create'),
(1926, 15, 'unit', 1332, '2021-04-13 09:23:22', 'create'),
(1927, 15, 'unit', 1333, '2021-04-13 09:27:05', 'create'),
(1928, 15, 'unit', 1334, '2021-04-13 09:28:33', 'create'),
(1929, 15, 'unit', 1335, '2021-04-13 09:30:08', 'create'),
(1930, 15, 'unit', 1336, '2021-04-13 09:31:21', 'create'),
(1931, 15, 'unit', 1337, '2021-04-13 09:32:05', 'create'),
(1932, 15, 'unit', 1338, '2021-04-13 09:34:36', 'create'),
(1933, 15, 'unit', 1339, '2021-04-13 09:35:49', 'create'),
(1934, 15, 'unit', 1340, '2021-04-13 09:36:54', 'create'),
(1935, 15, 'unit', 1341, '2021-04-13 09:38:56', 'create'),
(1936, 15, 'unit', 1342, '2021-04-13 09:40:10', 'create'),
(1937, 15, 'unit', 1343, '2021-04-13 09:41:28', 'create'),
(1938, 15, 'unit', 1344, '2021-04-13 09:41:28', 'create'),
(1939, 15, 'unit', 1345, '2021-04-13 09:43:41', 'create'),
(1940, 15, 'unit', 1346, '2021-04-13 09:44:34', 'create'),
(1941, 15, 'unit', 1347, '2021-04-13 09:45:12', 'create'),
(1942, 15, 'unit', 1348, '2021-04-13 09:46:15', 'create'),
(1943, 15, 'unit', 1349, '2021-04-13 09:49:12', 'create'),
(1944, 15, 'unit', 1350, '2021-04-13 09:51:30', 'create'),
(1945, 15, 'unit', 1351, '2021-04-13 09:52:32', 'create'),
(1946, 15, 'unit', 1352, '2021-04-13 09:53:29', 'create'),
(1947, 15, 'unit', 1353, '2021-04-13 09:55:09', 'create'),
(1948, 15, 'unit', 1354, '2021-04-13 09:55:44', 'create'),
(1949, 15, 'unit', 1355, '2021-04-13 09:57:08', 'create'),
(1950, 15, 'unit', 1356, '2021-04-13 09:58:04', 'create'),
(1951, 15, 'unit', 1357, '2021-04-13 09:59:18', 'create'),
(1952, 15, 'unit', 1358, '2021-04-13 09:59:52', 'create'),
(1953, 15, 'unit', 1359, '2021-04-13 10:00:31', 'create'),
(1954, 15, 'unit', 1360, '2021-04-13 10:01:06', 'create'),
(1955, 15, 'unit', 1361, '2021-04-13 10:04:54', 'create'),
(1956, 15, 'unit', 1362, '2021-04-13 10:06:19', 'create'),
(1957, 15, 'unit', 1363, '2021-04-13 10:07:44', 'create'),
(1958, 15, 'unit', 1364, '2021-04-13 10:08:20', 'create'),
(1959, 15, 'unit', 1365, '2021-04-13 10:09:02', 'create'),
(1960, 1, 'semester', 69, '2021-04-13 10:09:18', 'create'),
(1961, 1, 'semester', 70, '2021-04-13 10:09:29', 'create'),
(1962, 1, 'semester', 71, '2021-04-13 10:09:43', 'create'),
(1963, 15, 'unit', 1366, '2021-04-13 10:09:43', 'create'),
(1964, 1, 'semester', 72, '2021-04-13 10:09:57', 'create'),
(1965, 1, 'semester', 73, '2021-04-13 10:10:08', 'create'),
(1966, 1, 'semester', 74, '2021-04-13 10:10:21', 'create'),
(1967, 15, 'unit', 1367, '2021-04-13 10:10:34', 'create'),
(1968, 15, 'unit', 1368, '2021-04-13 10:11:06', 'create'),
(1969, 15, 'unit', 1369, '2021-04-13 10:12:14', 'create'),
(1970, 15, 'unit', 1370, '2021-04-13 10:13:50', 'create'),
(1971, 15, 'unit', 1371, '2021-04-13 10:14:14', 'create'),
(1972, 15, 'unit', 1372, '2021-04-13 10:14:53', 'create'),
(1973, 15, 'unit', 1373, '2021-04-13 10:15:48', 'create'),
(1974, 15, 'unit', 1374, '2021-04-13 10:16:18', 'create'),
(1975, 15, 'unit', 1375, '2021-04-13 10:17:47', 'create'),
(1976, 15, 'unit', 1376, '2021-04-13 10:19:37', 'create'),
(1977, 15, 'unit', 1377, '2021-04-13 10:20:03', 'create'),
(1978, 15, 'unit', 1378, '2021-04-13 10:22:08', 'create'),
(1979, 15, 'unit', 1379, '2021-04-13 10:22:59', 'create'),
(1980, 15, 'unit', 1380, '2021-04-13 10:23:40', 'create'),
(1981, 15, 'unit', 1381, '2021-04-13 10:26:07', 'create'),
(1982, 15, 'unit', 1382, '2021-04-13 10:26:48', 'create'),
(1983, 15, 'unit', 1383, '2021-04-13 10:28:17', 'create'),
(1984, 15, 'unit', 1384, '2021-04-13 10:29:02', 'create'),
(1985, 15, 'unit', 1385, '2021-04-13 10:29:41', 'create'),
(1986, 15, 'unit', 1386, '2021-04-13 10:30:19', 'create'),
(1987, 15, 'unit', 1387, '2021-04-13 10:31:00', 'create'),
(1988, 15, 'unit', 1388, '2021-04-13 10:31:32', 'create'),
(1989, 15, 'unit', 1389, '2021-04-13 10:31:52', 'create'),
(1990, 15, 'unit', 1390, '2021-04-13 10:34:11', 'create'),
(1991, 15, 'unit', 1391, '2021-04-13 10:35:04', 'create'),
(1992, 15, 'unit', 1392, '2021-04-13 10:35:41', 'create'),
(1993, 15, 'unit', 1393, '2021-04-13 10:36:04', 'create'),
(1994, 15, 'unit', 1394, '2021-04-13 10:36:50', 'create'),
(1995, 15, 'unit', 1395, '2021-04-13 10:37:32', 'create'),
(1996, 15, 'unit', 1396, '2021-04-13 10:37:55', 'create'),
(1997, 15, 'unit', 1397, '2021-04-13 10:40:03', 'create'),
(1998, 15, 'unit', 1398, '2021-04-13 10:42:54', 'create'),
(1999, 15, 'unit', 1399, '2021-04-13 10:44:30', 'create'),
(2000, 15, 'unit', 1400, '2021-04-13 10:44:52', 'create'),
(2001, 15, 'unit', 1401, '2021-04-13 10:45:18', 'create'),
(2002, 15, 'unit', 1402, '2021-04-13 10:45:44', 'create'),
(2003, 15, 'subject', 159, '2021-04-13 10:48:17', 'create'),
(2004, 15, 'subject', 160, '2021-04-13 10:48:31', 'create'),
(2005, 15, 'subject', 161, '2021-04-13 10:48:46', 'create'),
(2006, 15, 'subject', 162, '2021-04-13 10:49:07', 'create'),
(2007, 15, 'subject', 163, '2021-04-13 10:49:26', 'create'),
(2008, 15, 'subject', 164, '2021-04-13 10:50:07', 'create'),
(2009, 15, 'unit', 1403, '2021-04-13 10:59:11', 'create'),
(2010, 15, 'unit', 1404, '2021-04-13 11:00:14', 'create'),
(2011, 15, 'unit', 1405, '2021-04-13 11:01:01', 'create'),
(2012, 15, 'unit', 1406, '2021-04-13 11:02:42', 'create'),
(2013, 15, 'unit', 1407, '2021-04-13 11:03:15', 'create'),
(2014, 15, 'unit', 1408, '2021-04-13 11:04:20', 'create'),
(2015, 15, 'unit', 1409, '2021-04-13 11:05:22', 'create'),
(2016, 15, 'unit', 1410, '2021-04-13 11:06:07', 'create'),
(2017, 15, 'unit', 1411, '2021-04-13 11:06:37', 'create'),
(2018, 15, 'unit', 1412, '2021-04-13 11:09:43', 'create'),
(2019, 15, 'unit', 1413, '2021-04-13 11:10:06', 'create'),
(2020, 15, 'unit', 1414, '2021-04-13 11:11:32', 'create'),
(2021, 15, 'unit', 1415, '2021-04-13 11:12:08', 'create'),
(2022, 15, 'unit', 1416, '2021-04-13 11:12:46', 'create'),
(2023, 15, 'unit', 1417, '2021-04-13 11:14:22', 'create'),
(2024, 15, 'unit', 1418, '2021-04-13 11:14:58', 'create'),
(2025, 15, 'unit', 1419, '2021-04-13 11:15:29', 'create'),
(2026, 15, 'unit', 1420, '2021-04-13 11:16:05', 'create'),
(2027, 15, 'unit', 1421, '2021-04-13 11:16:51', 'create'),
(2028, 15, 'unit', 1422, '2021-04-13 11:17:21', 'create'),
(2029, 15, 'unit', 1423, '2021-04-13 11:17:49', 'create'),
(2030, 15, 'unit', 1424, '2021-04-13 11:18:18', 'create'),
(2031, 15, 'unit', 1425, '2021-04-13 11:19:02', 'create'),
(2032, 15, 'unit', 1426, '2021-04-13 11:19:45', 'create'),
(2033, 15, 'unit', 1427, '2021-04-13 11:20:19', 'create'),
(2034, 15, 'unit', 1428, '2021-04-13 11:21:05', 'create'),
(2035, 15, 'unit', 1429, '2021-04-13 11:22:08', 'create'),
(2036, 15, 'unit', 1430, '2021-04-13 11:22:48', 'create'),
(2037, 15, 'unit', 1431, '2021-04-13 11:23:24', 'create'),
(2038, 15, 'unit', 1432, '2021-04-13 11:25:05', 'create'),
(2039, 15, 'unit', 1433, '2021-04-13 11:25:53', 'create'),
(2040, 15, 'unit', 1434, '2021-04-13 11:26:46', 'create'),
(2041, 15, 'unit', 1435, '2021-04-13 11:27:58', 'create'),
(2042, 15, 'unit', 1436, '2021-04-13 11:29:27', 'create'),
(2043, 15, 'unit', 1437, '2021-04-13 11:30:04', 'create'),
(2044, 15, 'unit', 1438, '2021-04-13 11:32:01', 'create'),
(2045, 15, 'unit', 1439, '2021-04-13 11:44:22', 'create'),
(2046, 15, 'unit', 1440, '2021-04-13 11:45:31', 'create'),
(2047, 15, 'unit', 1441, '2021-04-13 11:46:21', 'create'),
(2048, 15, 'unit', 1442, '2021-04-13 11:47:25', 'create'),
(2049, 15, 'unit', 1443, '2021-04-13 11:48:32', 'create'),
(2050, 15, 'unit', 1444, '2021-04-13 11:49:12', 'create'),
(2051, 15, 'unit', 1445, '2021-04-13 11:50:52', 'create'),
(2052, 15, 'unit', 1446, '2021-04-13 11:51:39', 'create'),
(2053, 15, 'unit', 1447, '2021-04-13 11:52:10', 'create'),
(2054, 15, 'unit', 1448, '2021-04-13 11:57:35', 'create'),
(2055, 15, 'unit', 1449, '2021-04-13 11:58:07', 'create'),
(2056, 15, 'unit', 1450, '2021-04-13 11:58:32', 'create'),
(2057, 15, 'unit', 1451, '2021-04-13 11:58:59', 'create'),
(2058, 15, 'unit', 1452, '2021-04-13 11:59:52', 'create'),
(2059, 15, 'unit', 1453, '2021-04-13 12:00:28', 'create'),
(2060, 15, 'unit', 1454, '2021-04-13 12:00:57', 'create'),
(2061, 15, 'unit', 1455, '2021-04-13 12:01:23', 'create'),
(2062, 15, 'unit', 1456, '2021-04-13 12:01:50', 'create'),
(2063, 15, 'unit', 1457, '2021-04-13 12:02:21', 'create'),
(2064, 15, 'unit', 1458, '2021-04-13 12:02:52', 'create'),
(2065, 15, 'unit', 1459, '2021-04-13 12:03:24', 'create'),
(2066, 15, 'unit', 1460, '2021-04-13 12:03:59', 'create'),
(2067, 15, 'unit', 1461, '2021-04-13 12:04:23', 'create'),
(2068, 15, 'unit', 1462, '2021-04-13 12:04:59', 'create'),
(2069, 15, 'unit', 1463, '2021-04-13 12:05:19', 'create'),
(2070, 15, 'unit', 1464, '2021-04-13 12:06:49', 'create'),
(2071, 15, 'unit', 1465, '2021-04-13 12:07:18', 'create'),
(2072, 15, 'unit', 1466, '2021-04-13 12:07:44', 'create'),
(2073, 15, 'unit', 1467, '2021-04-13 12:08:02', 'create'),
(2074, 15, 'unit', 1468, '2021-04-13 12:08:37', 'create'),
(2075, 15, 'unit', 1469, '2021-04-13 12:09:17', 'create'),
(2076, 15, 'unit', 1470, '2021-04-13 12:10:18', 'create'),
(2077, 15, 'unit', 1471, '2021-04-13 12:10:52', 'create'),
(2078, 15, 'unit', 1472, '2021-04-13 12:11:08', 'create'),
(2079, 15, 'unit', 1473, '2021-04-13 12:11:47', 'create'),
(2080, 15, 'unit', 1474, '2021-04-13 12:12:39', 'create'),
(2081, 15, 'unit', 1475, '2021-04-13 12:13:07', 'create'),
(2082, 15, 'unit', 1476, '2021-04-13 12:14:40', 'create'),
(2083, 15, 'unit', 1477, '2021-04-13 12:15:23', 'create'),
(2084, 15, 'unit', 1478, '2021-04-13 12:15:40', 'create'),
(2085, 15, 'unit', 1479, '2021-04-13 12:16:25', 'create'),
(2086, 15, 'unit', 1480, '2021-04-13 12:16:58', 'create'),
(2087, 15, 'unit', 1481, '2021-04-13 12:17:30', 'create'),
(2088, 15, 'unit', 1482, '2021-04-13 12:17:57', 'create'),
(2089, 15, 'unit', 1483, '2021-04-13 12:19:30', 'create'),
(2090, 15, 'unit', 1484, '2021-04-13 12:20:02', 'create'),
(2091, 15, 'unit', 1485, '2021-04-13 12:20:42', 'create'),
(2092, 15, 'unit', 1486, '2021-04-13 12:21:19', 'create'),
(2093, 15, 'unit', 1487, '2021-04-13 12:21:50', 'create'),
(2094, 15, 'unit', 1488, '2021-04-13 12:22:21', 'create'),
(2095, 15, 'unit', 1489, '2021-04-13 12:23:00', 'create'),
(2096, 15, 'unit', 1490, '2021-04-13 12:23:29', 'create'),
(2097, 15, 'unit', 1491, '2021-04-13 12:24:06', 'create'),
(2098, 20, 'book', 190, '2021-04-13 12:46:38', 'create'),
(2099, 20, 'book', 191, '2021-04-13 12:48:50', 'create'),
(2100, 20, 'book', 192, '2021-04-13 12:50:34', 'create'),
(2101, 20, 'book', 193, '2021-04-13 12:52:03', 'create'),
(2102, 20, 'book', 194, '2021-04-13 12:53:58', 'create'),
(2103, 20, 'book', 195, '2021-04-13 12:57:57', 'create');

-- --------------------------------------------------------

--
-- Table structure for table `user_data_reviews`
--

CREATE TABLE `user_data_reviews` (
  `id` int NOT NULL,
  `user_id` int NOT NULL,
  `type` varchar(200) NOT NULL,
  `type_id` int NOT NULL,
  `review_time` datetime NOT NULL,
  `status` enum('Accept','Reject','Remark','Pending') NOT NULL DEFAULT 'Pending',
  `remarks` text
) ENGINE=InnoDB DEFAULT CHARSET=utf8mb4 COLLATE=utf8mb4_0900_ai_ci;

--
-- Dumping data for table `user_data_reviews`
--

INSERT INTO `user_data_reviews` (`id`, `user_id`, `type`, `type_id`, `review_time`, `status`, `remarks`) VALUES
(1, 1, 'subject', 1, '2021-04-06 17:36:19', 'Pending', NULL),
(2, 1, 'subject', 2, '2021-04-06 18:10:15', 'Pending', NULL),
(3, 1, 'subject', 3, '2021-04-06 18:11:50', 'Pending', NULL),
(4, 1, 'subject', 4, '2021-04-06 18:12:54', 'Pending', NULL),
(5, 1, 'subject', 1, '2021-04-06 18:21:05', 'Pending', NULL),
(6, 1, 'subject', 2, '2021-04-06 18:22:13', 'Pending', NULL),
(7, 1, 'subject', 3, '2021-04-06 18:24:04', 'Pending', NULL),
(8, 1, 'subject', 4, '2021-04-06 18:24:56', 'Pending', NULL),
(9, 1, 'subject', 5, '2021-04-06 18:26:02', 'Pending', NULL),
(10, 1, 'subject', 6, '2021-04-06 18:26:41', 'Pending', NULL),
(11, 1, 'subject', 7, '2021-04-06 18:27:36', 'Pending', NULL),
(12, 1, 'subject', 8, '2021-04-06 18:28:05', 'Pending', NULL),
(13, 1, 'subject', 9, '2021-04-06 18:28:54', 'Pending', NULL),
(14, 1, 'subject', 10, '2021-04-06 18:29:29', 'Pending', NULL),
(15, 1, 'subject', 11, '2021-04-06 18:47:20', 'Pending', NULL),
(16, 1, 'subject', 12, '2021-04-06 18:48:01', 'Pending', NULL),
(17, 1, 'subject', 13, '2021-04-06 18:48:46', 'Pending', NULL),
(18, 1, 'subject', 14, '2021-04-06 18:49:16', 'Pending', NULL),
(19, 1, 'subject', 15, '2021-04-06 18:50:00', 'Pending', NULL),
(20, 1, 'subject', 16, '2021-04-06 18:51:03', 'Pending', NULL),
(21, 1, 'subject', 17, '2021-04-06 18:51:46', 'Pending', NULL),
(22, 1, 'subject', 18, '2021-04-06 18:52:20', 'Pending', NULL),
(23, 1, 'subject', 19, '2021-04-06 18:52:56', 'Pending', NULL),
(24, 1, 'subject', 20, '2021-04-06 18:53:36', 'Pending', NULL),
(25, 1, 'subject', 21, '2021-04-06 19:00:10', 'Pending', NULL),
(26, 1, 'subject', 22, '2021-04-06 19:02:11', 'Pending', NULL),
(27, 1, 'subject', 23, '2021-04-06 19:02:58', 'Pending', NULL),
(28, 1, 'subject', 24, '2021-04-06 19:03:33', 'Pending', NULL),
(29, 1, 'subject', 25, '2021-04-06 19:04:06', 'Pending', NULL),
(30, 1, 'subject', 26, '2021-04-06 19:04:37', 'Pending', NULL),
(31, 1, 'subject', 27, '2021-04-06 19:07:45', 'Pending', NULL),
(32, 1, 'subject', 28, '2021-04-06 19:08:29', 'Pending', NULL),
(33, 1, 'subject', 29, '2021-04-06 19:09:18', 'Pending', NULL),
(34, 1, 'subject', 30, '2021-04-06 19:09:57', 'Pending', NULL),
(35, 1, 'subject', 31, '2021-04-06 19:10:35', 'Pending', NULL),
(36, 1, 'subject', 32, '2021-04-06 19:11:06', 'Pending', NULL),
(37, 1, 'subject', 33, '2021-04-06 19:16:40', 'Pending', NULL),
(38, 1, 'subject', 34, '2021-04-06 19:17:16', 'Pending', NULL),
(39, 1, 'subject', 35, '2021-04-06 19:19:02', 'Pending', NULL),
(40, 1, 'subject', 36, '2021-04-06 19:20:00', 'Pending', NULL),
(41, 1, 'subject', 37, '2021-04-06 19:20:39', 'Pending', NULL),
(42, 1, 'subject', 38, '2021-04-06 19:21:30', 'Pending', NULL),
(43, 1, 'subject', 39, '2021-04-06 19:22:12', 'Pending', NULL),
(44, 1, 'subject', 40, '2021-04-06 19:24:40', 'Pending', NULL),
(45, 1, 'subject', 41, '2021-04-06 19:25:24', 'Pending', NULL),
(46, 1, 'subject', 42, '2021-04-06 19:25:56', 'Pending', NULL),
(47, 1, 'subject', 43, '2021-04-06 19:26:27', 'Pending', NULL),
(48, 1, 'subject', 44, '2021-04-06 19:27:03', 'Pending', NULL),
(49, 1, 'subject', 45, '2021-04-06 19:30:41', 'Pending', NULL),
(50, 1, 'subject', 46, '2021-04-06 19:31:31', 'Pending', NULL),
(51, 1, 'subject', 47, '2021-04-06 19:32:18', 'Pending', NULL),
(52, 1, 'subject', 48, '2021-04-06 19:32:45', 'Pending', NULL),
(53, 1, 'subject', 49, '2021-04-06 19:33:21', 'Pending', NULL),
(54, 1, 'subject', 50, '2021-04-06 19:34:06', 'Pending', NULL),
(55, 1, 'subject', 51, '2021-04-06 19:34:48', 'Pending', NULL),
(56, 1, 'subject', 52, '2021-04-06 19:35:20', 'Pending', NULL),
(57, 1, 'subject', 53, '2021-04-06 19:35:55', 'Pending', NULL),
(58, 1, 'subject', 54, '2021-04-06 19:36:25', 'Pending', NULL),
(59, 1, 'subject', 55, '2021-04-06 19:52:50', 'Pending', NULL),
(60, 1, 'subject', 56, '2021-04-06 19:53:48', 'Pending', NULL),
(61, 1, 'subject', 57, '2021-04-06 19:54:34', 'Pending', NULL),
(62, 1, 'subject', 58, '2021-04-06 19:55:01', 'Pending', NULL),
(63, 1, 'subject', 59, '2021-04-06 19:55:33', 'Pending', NULL),
(64, 1, 'subject', 60, '2021-04-06 19:55:59', 'Pending', NULL),
(65, 1, 'subject', 61, '2021-04-06 19:56:27', 'Pending', NULL),
(66, 1, 'subject', 62, '2021-04-06 19:56:53', 'Pending', NULL),
(67, 1, 'subject', 63, '2021-04-06 19:57:28', 'Pending', NULL),
(68, 1, 'subject', 64, '2021-04-06 19:58:08', 'Pending', NULL),
(69, 1, 'subject', 65, '2021-04-06 20:00:52', 'Pending', NULL),
(70, 1, 'subject', 66, '2021-04-06 20:01:17', 'Pending', NULL),
(71, 1, 'subject', 67, '2021-04-06 20:01:44', 'Pending', NULL),
(72, 1, 'subject', 68, '2021-04-06 20:02:12', 'Pending', NULL),
(73, 1, 'subject', 69, '2021-04-06 20:02:40', 'Pending', NULL),
(74, 1, 'subject', 70, '2021-04-06 20:03:06', 'Pending', NULL),
(75, 1, 'subject', 71, '2021-04-06 20:03:36', 'Pending', NULL),
(76, 1, 'subject', 72, '2021-04-06 20:04:04', 'Pending', NULL),
(77, 1, 'subject', 73, '2021-04-06 20:04:30', 'Pending', NULL),
(78, 1, 'subject', 74, '2021-04-06 20:04:58', 'Pending', NULL),
(79, 1, 'subject', 75, '2021-04-06 20:06:12', 'Pending', NULL),
(80, 1, 'subject', 76, '2021-04-06 20:06:40', 'Pending', NULL),
(81, 1, 'subject', 77, '2021-04-06 20:07:07', 'Pending', NULL),
(82, 1, 'subject', 78, '2021-04-06 20:07:38', 'Pending', NULL),
(83, 1, 'subject', 79, '2021-04-06 20:08:15', 'Pending', NULL),
(84, 1, 'subject', 80, '2021-04-06 20:08:41', 'Pending', NULL),
(85, 1, 'subject', 81, '2021-04-06 20:09:11', 'Pending', NULL),
(86, 1, 'subject', 82, '2021-04-06 20:09:38', 'Pending', NULL),
(87, 1, 'subject', 83, '2021-04-06 20:10:09', 'Pending', NULL),
(88, 1, 'subject', 84, '2021-04-06 20:10:35', 'Pending', NULL),
(89, 1, 'subject', 85, '2021-04-06 20:12:17', 'Pending', NULL),
(90, 1, 'subject', 86, '2021-04-06 20:13:10', 'Pending', NULL),
(91, 1, 'subject', 87, '2021-04-06 20:13:42', 'Pending', NULL),
(92, 1, 'subject', 88, '2021-04-06 20:14:11', 'Pending', NULL),
(93, 1, 'subject', 89, '2021-04-06 20:14:41', 'Pending', NULL),
(94, 1, 'subject', 90, '2021-04-06 20:15:12', 'Pending', NULL),
(95, 1, 'subject', 91, '2021-04-06 20:15:42', 'Pending', NULL),
(96, 1, 'subject', 92, '2021-04-06 20:16:13', 'Pending', NULL),
(97, 1, 'subject', 93, '2021-04-06 20:16:55', 'Pending', NULL),
(98, 1, 'subject', 94, '2021-04-06 20:17:27', 'Pending', NULL),
(99, 1, 'subject', 95, '2021-04-06 20:22:01', 'Pending', NULL),
(100, 1, 'subject', 96, '2021-04-06 20:22:27', 'Pending', NULL),
(101, 1, 'subject', 97, '2021-04-06 20:22:58', 'Pending', NULL),
(102, 1, 'subject', 98, '2021-04-06 20:23:25', 'Pending', NULL),
(103, 1, 'subject', 99, '2021-04-06 20:23:54', 'Pending', NULL),
(104, 1, 'subject', 100, '2021-04-06 20:24:19', 'Pending', NULL),
(105, 1, 'subject', 101, '2021-04-06 20:24:51', 'Pending', NULL),
(106, 1, 'subject', 102, '2021-04-06 20:25:18', 'Pending', NULL),
(107, 1, 'subject', 103, '2021-04-06 20:25:50', 'Pending', NULL),
(108, 1, 'subject', 104, '2021-04-06 20:26:19', 'Pending', NULL),
(109, 1, 'subject', 105, '2021-04-07 02:36:03', 'Pending', NULL),
(110, 1, 'subject', 106, '2021-04-07 02:37:48', 'Pending', NULL),
(111, 1, 'subject', 107, '2021-04-07 02:44:12', 'Pending', NULL),
(112, 1, 'subject', 108, '2021-04-07 02:44:45', 'Pending', NULL),
(113, 1, 'subject', 109, '2021-04-07 02:45:15', 'Pending', NULL),
(114, 1, 'subject', 110, '2021-04-07 02:45:42', 'Pending', NULL),
(115, 1, 'subject', 111, '2021-04-07 02:47:56', 'Pending', NULL),
(116, 1, 'subject', 112, '2021-04-07 02:48:26', 'Pending', NULL),
(117, 1, 'subject', 113, '2021-04-07 02:53:11', 'Pending', NULL),
(118, 1, 'subject', 114, '2021-04-07 02:57:06', 'Pending', NULL),
(119, 1, 'subject', 115, '2021-04-07 03:28:56', 'Pending', NULL),
(120, 1, 'subject', 116, '2021-04-07 03:47:23', 'Pending', NULL),
(121, 1, 'subject', 117, '2021-04-07 03:48:30', 'Pending', NULL),
(122, 1, 'subject', 118, '2021-04-07 03:49:14', 'Pending', NULL),
(123, 1, 'subject', 119, '2021-04-07 03:49:55', 'Pending', NULL),
(124, 1, 'subject', 120, '2021-04-07 03:51:30', 'Pending', NULL),
(125, 1, 'subject', 121, '2021-04-07 03:52:11', 'Pending', NULL),
(126, 1, 'subject', 122, '2021-04-07 03:52:51', 'Pending', NULL),
(127, 1, 'subject', 123, '2021-04-07 03:54:55', 'Pending', NULL),
(128, 1, 'subject', 124, '2021-04-07 03:55:35', 'Pending', NULL),
(129, 1, 'unit', 1, '2021-04-07 06:02:52', 'Pending', NULL),
(130, 1, 'unit', 2, '2021-04-07 07:56:23', 'Pending', NULL),
(131, 1, 'unit', 3, '2021-04-07 07:57:57', 'Pending', NULL),
(132, 1, 'unit', 4, '2021-04-07 07:59:18', 'Pending', NULL),
(133, 1, 'unit', 5, '2021-04-07 08:06:27', 'Pending', NULL),
(134, 1, 'book', 1, '2021-04-07 08:17:46', 'Pending', NULL),
(135, 1, 'book', 2, '2021-04-07 08:29:31', 'Pending', NULL),
(136, 1, 'book', 3, '2021-04-07 08:31:02', 'Pending', NULL),
(137, 1, 'semester', 61, '2021-04-07 10:45:55', 'Pending', NULL),
(138, 1, 'semester', 62, '2021-04-07 10:46:31', 'Pending', NULL),
(139, 15, 'unit', 6, '2021-04-07 11:26:40', 'Pending', NULL),
(140, 15, 'unit', 7, '2021-04-07 11:27:18', 'Pending', NULL),
(141, 15, 'unit', 8, '2021-04-07 11:36:18', 'Pending', NULL),
(142, 15, 'unit', 9, '2021-04-07 11:37:30', 'Pending', NULL),
(143, 15, 'unit', 10, '2021-04-07 11:38:53', 'Pending', NULL),
(144, 15, 'unit', 11, '2021-04-07 11:39:33', 'Pending', NULL),
(145, 15, 'unit', 12, '2021-04-07 11:40:21', 'Pending', NULL),
(146, 15, 'unit', 13, '2021-04-07 11:47:47', 'Pending', NULL),
(147, 15, 'unit', 14, '2021-04-07 11:49:24', 'Pending', NULL),
(148, 15, 'unit', 15, '2021-04-07 11:52:44', 'Pending', NULL),
(149, 15, 'unit', 16, '2021-04-07 12:04:36', 'Pending', NULL),
(150, 15, 'unit', 17, '2021-04-07 12:05:25', 'Pending', NULL),
(151, 15, 'unit', 18, '2021-04-07 12:06:55', 'Pending', NULL),
(152, 15, 'unit', 19, '2021-04-07 12:10:19', 'Pending', NULL),
(153, 15, 'unit', 20, '2021-04-07 12:11:32', 'Pending', NULL),
(154, 15, 'unit', 21, '2021-04-07 12:14:47', 'Pending', NULL),
(155, 15, 'unit', 22, '2021-04-07 12:15:14', 'Pending', NULL),
(156, 15, 'unit', 23, '2021-04-07 12:16:47', 'Pending', NULL),
(157, 15, 'unit', 24, '2021-04-07 12:17:23', 'Pending', NULL),
(158, 15, 'unit', 25, '2021-04-07 12:21:59', 'Pending', NULL),
(159, 15, 'unit', 26, '2021-04-07 12:22:35', 'Pending', NULL),
(160, 15, 'unit', 27, '2021-04-07 12:23:19', 'Pending', NULL),
(161, 15, 'unit', 28, '2021-04-07 12:24:38', 'Pending', NULL),
(162, 15, 'unit', 29, '2021-04-07 12:25:21', 'Pending', NULL),
(163, 15, 'unit', 30, '2021-04-07 12:30:24', 'Pending', NULL),
(164, 15, 'unit', 31, '2021-04-07 12:31:59', 'Pending', NULL),
(165, 15, 'unit', 32, '2021-04-07 12:41:51', 'Pending', NULL),
(166, 15, 'unit', 33, '2021-04-07 12:42:34', 'Pending', NULL),
(167, 15, 'unit', 34, '2021-04-07 12:43:16', 'Pending', NULL),
(168, 15, 'unit', 35, '2021-04-07 12:45:38', 'Pending', NULL),
(169, 15, 'unit', 36, '2021-04-07 12:46:46', 'Pending', NULL),
(170, 1, 'video', 1, '2021-04-07 17:12:25', 'Pending', NULL),
(171, 1, 'board', 7, '2021-04-07 18:01:21', 'Pending', NULL),
(172, 1, 'medium', 15, '2021-04-07 18:03:45', 'Pending', NULL),
(173, 1, 'slider', 3, '2021-04-07 18:10:13', 'Pending', NULL),
(174, 1, 'unit', 37, '2021-04-08 03:37:49', 'Pending', NULL),
(175, 15, 'unit', 38, '2021-04-08 04:19:34', 'Pending', NULL),
(176, 15, 'unit', 39, '2021-04-08 04:20:25', 'Pending', NULL),
(177, 15, 'unit', 40, '2021-04-08 04:21:09', 'Pending', NULL),
(178, 15, 'unit', 41, '2021-04-08 04:22:08', 'Pending', NULL),
(179, 15, 'unit', 42, '2021-04-08 04:23:12', 'Pending', NULL),
(180, 15, 'unit', 43, '2021-04-08 04:24:19', 'Pending', NULL),
(181, 15, 'unit', 44, '2021-04-08 04:25:00', 'Pending', NULL),
(182, 15, 'unit', 45, '2021-04-08 04:25:56', 'Pending', NULL),
(183, 15, 'unit', 46, '2021-04-08 04:26:42', 'Pending', NULL),
(184, 15, 'unit', 47, '2021-04-08 04:27:52', 'Pending', NULL),
(185, 15, 'unit', 48, '2021-04-08 04:30:54', 'Pending', NULL),
(186, 15, 'unit', 49, '2021-04-08 04:32:53', 'Pending', NULL),
(187, 15, 'unit', 50, '2021-04-08 04:33:33', 'Pending', NULL),
(188, 15, 'unit', 51, '2021-04-08 04:34:17', 'Pending', NULL),
(189, 15, 'unit', 52, '2021-04-08 04:35:35', 'Pending', NULL),
(190, 15, 'unit', 53, '2021-04-08 04:36:29', 'Pending', NULL),
(191, 15, 'unit', 54, '2021-04-08 04:37:13', 'Pending', NULL),
(192, 15, 'unit', 55, '2021-04-08 04:37:48', 'Pending', NULL),
(193, 15, 'unit', 56, '2021-04-08 04:38:48', 'Pending', NULL),
(194, 15, 'unit', 57, '2021-04-08 04:39:51', 'Pending', NULL),
(195, 15, 'unit', 58, '2021-04-08 04:41:58', 'Pending', NULL),
(196, 15, 'unit', 59, '2021-04-08 04:42:58', 'Pending', NULL),
(197, 15, 'unit', 60, '2021-04-08 04:43:34', 'Pending', NULL),
(198, 15, 'unit', 61, '2021-04-08 04:46:04', 'Pending', NULL),
(199, 15, 'unit', 62, '2021-04-08 04:46:58', 'Pending', NULL),
(200, 15, 'unit', 63, '2021-04-08 04:48:59', 'Pending', NULL),
(201, 15, 'unit', 64, '2021-04-08 04:51:54', 'Pending', NULL),
(202, 15, 'unit', 65, '2021-04-08 04:53:28', 'Pending', NULL),
(203, 15, 'unit', 66, '2021-04-08 04:54:41', 'Pending', NULL),
(204, 15, 'unit', 67, '2021-04-08 04:55:47', 'Pending', NULL),
(205, 15, 'unit', 68, '2021-04-08 04:57:26', 'Pending', NULL),
(206, 15, 'unit', 69, '2021-04-08 06:23:18', 'Pending', NULL),
(207, 15, 'unit', 70, '2021-04-08 06:23:46', 'Pending', NULL),
(208, 15, 'unit', 71, '2021-04-08 06:24:37', 'Pending', NULL),
(209, 15, 'unit', 72, '2021-04-08 06:26:29', 'Pending', NULL),
(210, 15, 'unit', 73, '2021-04-08 06:27:32', 'Pending', NULL),
(211, 15, 'unit', 74, '2021-04-08 06:29:31', 'Pending', NULL),
(212, 15, 'unit', 75, '2021-04-08 06:30:15', 'Pending', NULL),
(213, 15, 'unit', 76, '2021-04-08 06:31:02', 'Pending', NULL),
(214, 15, 'unit', 77, '2021-04-08 06:31:42', 'Pending', NULL),
(215, 15, 'unit', 78, '2021-04-08 06:32:17', 'Pending', NULL),
(216, 15, 'unit', 79, '2021-04-08 06:32:56', 'Pending', NULL),
(217, 15, 'unit', 80, '2021-04-08 06:33:22', 'Pending', NULL),
(218, 15, 'unit', 81, '2021-04-08 06:33:47', 'Pending', NULL),
(219, 15, 'unit', 82, '2021-04-08 06:34:24', 'Pending', NULL),
(220, 15, 'unit', 83, '2021-04-08 06:39:20', 'Pending', NULL),
(221, 15, 'unit', 84, '2021-04-08 06:40:24', 'Pending', NULL),
(222, 15, 'unit', 85, '2021-04-08 06:41:26', 'Pending', NULL),
(223, 15, 'unit', 86, '2021-04-08 06:43:08', 'Pending', NULL),
(224, 15, 'unit', 87, '2021-04-08 10:46:36', 'Pending', NULL),
(225, 15, 'unit', 88, '2021-04-08 10:47:25', 'Pending', NULL),
(226, 15, 'unit', 89, '2021-04-08 10:48:25', 'Pending', NULL),
(227, 15, 'unit', 90, '2021-04-08 10:49:43', 'Pending', NULL),
(228, 15, 'unit', 91, '2021-04-08 10:51:46', 'Pending', NULL),
(229, 15, 'unit', 92, '2021-04-08 10:52:48', 'Pending', NULL),
(230, 15, 'unit', 93, '2021-04-08 10:56:48', 'Pending', NULL),
(231, 17, 'book', 4, '2021-04-08 11:02:33', 'Pending', NULL),
(232, 15, 'unit', 94, '2021-04-08 11:13:53', 'Pending', NULL),
(233, 15, 'unit', 95, '2021-04-08 11:14:49', 'Pending', NULL),
(234, 17, 'book', 5, '2021-04-08 11:16:20', 'Pending', NULL),
(235, 15, 'unit', 96, '2021-04-08 11:18:29', 'Pending', NULL),
(236, 15, 'unit', 97, '2021-04-08 11:18:32', 'Pending', NULL),
(237, 17, 'book', 6, '2021-04-08 11:19:33', 'Pending', NULL),
(238, 15, 'unit', 98, '2021-04-08 11:19:53', 'Pending', NULL),
(239, 15, 'unit', 99, '2021-04-08 11:20:59', 'Pending', NULL),
(240, 15, 'unit', 100, '2021-04-08 11:22:21', 'Pending', NULL),
(241, 17, 'book', 7, '2021-04-08 11:22:24', 'Pending', NULL),
(242, 15, 'unit', 101, '2021-04-08 11:23:53', 'Pending', NULL),
(243, 15, 'unit', 102, '2021-04-08 11:24:49', 'Pending', NULL),
(244, 15, 'unit', 103, '2021-04-08 11:25:43', 'Pending', NULL),
(245, 15, 'unit', 104, '2021-04-08 11:28:36', 'Pending', NULL),
(246, 15, 'unit', 105, '2021-04-08 11:30:21', 'Pending', NULL),
(247, 17, 'book', 8, '2021-04-08 11:30:49', 'Pending', NULL),
(248, 15, 'unit', 106, '2021-04-08 11:31:50', 'Pending', NULL),
(249, 15, 'unit', 107, '2021-04-08 11:32:53', 'Pending', NULL),
(250, 17, 'book', 9, '2021-04-08 11:33:52', 'Pending', NULL),
(251, 15, 'unit', 108, '2021-04-08 11:34:20', 'Pending', NULL),
(252, 15, 'unit', 109, '2021-04-08 11:35:28', 'Pending', NULL),
(253, 17, 'book', 10, '2021-04-08 11:36:03', 'Pending', NULL),
(254, 15, 'unit', 110, '2021-04-08 11:37:19', 'Pending', NULL),
(255, 17, 'book', 11, '2021-04-08 11:38:00', 'Pending', NULL),
(256, 15, 'unit', 111, '2021-04-08 11:38:03', 'Pending', NULL),
(257, 15, 'unit', 112, '2021-04-08 11:38:56', 'Pending', NULL),
(258, 17, 'book', 12, '2021-04-08 11:39:41', 'Pending', NULL),
(259, 15, 'unit', 113, '2021-04-08 11:39:43', 'Pending', NULL),
(260, 14, 'video', 2, '2021-04-08 11:40:29', 'Pending', NULL),
(261, 15, 'unit', 114, '2021-04-08 11:40:45', 'Pending', NULL),
(262, 17, 'book', 13, '2021-04-08 11:41:23', 'Pending', NULL),
(263, 15, 'unit', 115, '2021-04-08 11:41:25', 'Pending', NULL),
(264, 15, 'unit', 116, '2021-04-08 11:42:05', 'Pending', NULL),
(265, 15, 'unit', 117, '2021-04-08 11:42:49', 'Pending', NULL),
(266, 15, 'unit', 118, '2021-04-08 11:46:54', 'Pending', NULL),
(267, 14, 'video', 3, '2021-04-08 11:47:32', 'Pending', NULL),
(268, 15, 'unit', 119, '2021-04-08 11:48:11', 'Pending', NULL),
(269, 15, 'unit', 120, '2021-04-08 11:49:57', 'Pending', NULL),
(270, 15, 'unit', 121, '2021-04-08 11:50:02', 'Pending', NULL),
(271, 14, 'video', 4, '2021-04-08 11:50:07', 'Pending', NULL),
(272, 14, 'video', 5, '2021-04-08 11:51:22', 'Pending', NULL),
(273, 15, 'unit', 122, '2021-04-08 11:52:22', 'Pending', NULL),
(274, 14, 'video', 6, '2021-04-08 11:54:14', 'Pending', NULL),
(275, 17, 'book', 14, '2021-04-08 11:55:02', 'Pending', NULL),
(276, 15, 'unit', 123, '2021-04-08 11:55:30', 'Pending', NULL),
(277, 14, 'video', 7, '2021-04-08 11:55:55', 'Pending', NULL),
(278, 15, 'unit', 124, '2021-04-08 11:56:58', 'Pending', NULL),
(279, 17, 'book', 15, '2021-04-08 11:57:39', 'Pending', NULL),
(280, 14, 'video', 8, '2021-04-08 11:58:23', 'Pending', NULL),
(281, 15, 'unit', 125, '2021-04-08 11:58:52', 'Pending', NULL),
(282, 17, 'book', 16, '2021-04-08 12:00:05', 'Pending', NULL),
(283, 14, 'video', 9, '2021-04-08 12:00:23', 'Pending', NULL),
(284, 15, 'unit', 126, '2021-04-08 12:01:07', 'Pending', NULL),
(285, 17, 'book', 17, '2021-04-08 12:02:07', 'Pending', NULL),
(286, 15, 'unit', 127, '2021-04-08 12:02:18', 'Pending', NULL),
(287, 14, 'video', 10, '2021-04-08 12:02:24', 'Pending', NULL),
(288, 15, 'unit', 128, '2021-04-08 12:02:53', 'Pending', NULL),
(289, 17, 'book', 18, '2021-04-08 12:04:08', 'Pending', NULL),
(290, 15, 'unit', 129, '2021-04-08 12:05:07', 'Pending', NULL),
(291, 17, 'book', 19, '2021-04-08 12:06:47', 'Pending', NULL),
(292, 17, 'book', 20, '2021-04-08 12:12:25', 'Pending', NULL),
(293, 17, 'book', 21, '2021-04-08 12:15:36', 'Pending', NULL),
(294, 17, 'book', 22, '2021-04-08 12:18:56', 'Pending', NULL),
(295, 15, 'unit', 130, '2021-04-08 13:18:06', 'Pending', NULL),
(296, 15, 'unit', 131, '2021-04-08 13:20:24', 'Pending', NULL),
(297, 15, 'unit', 132, '2021-04-08 13:22:40', 'Pending', NULL),
(298, 15, 'unit', 133, '2021-04-08 13:23:57', 'Pending', NULL),
(299, 15, 'unit', 134, '2021-04-08 13:24:37', 'Pending', NULL),
(300, 15, 'unit', 135, '2021-04-08 13:25:26', 'Pending', NULL),
(301, 15, 'unit', 136, '2021-04-08 13:29:08', 'Pending', NULL),
(302, 15, 'unit', 137, '2021-04-08 13:29:52', 'Pending', NULL),
(303, 15, 'unit', 138, '2021-04-08 13:32:08', 'Pending', NULL),
(304, 15, 'unit', 139, '2021-04-08 13:33:03', 'Pending', NULL),
(305, 15, 'unit', 140, '2021-04-08 13:33:55', 'Pending', NULL),
(306, 15, 'unit', 141, '2021-04-08 13:34:36', 'Pending', NULL),
(307, 15, 'unit', 142, '2021-04-08 13:36:55', 'Pending', NULL),
(308, 15, 'unit', 143, '2021-04-08 13:37:31', 'Pending', NULL),
(309, 15, 'unit', 144, '2021-04-08 13:38:15', 'Pending', NULL),
(310, 15, 'unit', 145, '2021-04-08 13:39:15', 'Pending', NULL),
(311, 15, 'unit', 146, '2021-04-08 13:39:39', 'Pending', NULL),
(312, 15, 'unit', 147, '2021-04-08 14:51:35', 'Pending', NULL),
(313, 15, 'unit', 148, '2021-04-08 14:53:34', 'Pending', NULL),
(314, 15, 'unit', 149, '2021-04-08 14:54:49', 'Pending', NULL),
(315, 15, 'unit', 150, '2021-04-08 14:55:54', 'Pending', NULL),
(316, 15, 'unit', 151, '2021-04-08 14:57:24', 'Pending', NULL),
(317, 15, 'unit', 152, '2021-04-08 14:58:49', 'Pending', NULL),
(318, 15, 'unit', 153, '2021-04-08 14:59:53', 'Pending', NULL),
(319, 15, 'unit', 154, '2021-04-08 15:00:52', 'Pending', NULL),
(320, 15, 'unit', 155, '2021-04-08 15:01:46', 'Pending', NULL),
(321, 15, 'unit', 156, '2021-04-08 15:03:25', 'Pending', NULL),
(322, 15, 'unit', 157, '2021-04-08 15:05:23', 'Pending', NULL),
(323, 15, 'unit', 158, '2021-04-08 15:07:14', 'Pending', NULL),
(324, 15, 'unit', 159, '2021-04-08 15:08:18', 'Pending', NULL),
(325, 15, 'unit', 160, '2021-04-08 15:09:57', 'Pending', NULL),
(326, 15, 'unit', 161, '2021-04-08 15:11:03', 'Pending', NULL),
(327, 15, 'unit', 162, '2021-04-08 15:12:11', 'Pending', NULL),
(328, 15, 'unit', 163, '2021-04-08 15:14:20', 'Pending', NULL),
(329, 15, 'unit', 164, '2021-04-08 15:15:11', 'Pending', NULL),
(330, 15, 'unit', 165, '2021-04-08 15:15:58', 'Pending', NULL),
(331, 15, 'unit', 166, '2021-04-08 15:17:38', 'Pending', NULL),
(332, 15, 'unit', 167, '2021-04-08 15:18:29', 'Pending', NULL),
(333, 15, 'unit', 168, '2021-04-09 04:05:05', 'Pending', NULL),
(334, 15, 'unit', 169, '2021-04-09 04:05:49', 'Pending', NULL),
(335, 15, 'unit', 170, '2021-04-09 04:07:13', 'Pending', NULL),
(336, 15, 'unit', 171, '2021-04-09 04:07:46', 'Pending', NULL),
(337, 15, 'unit', 172, '2021-04-09 04:08:41', 'Pending', NULL),
(338, 15, 'unit', 173, '2021-04-09 04:09:27', 'Pending', NULL),
(339, 15, 'unit', 174, '2021-04-09 04:10:10', 'Pending', NULL),
(340, 15, 'unit', 175, '2021-04-09 04:11:22', 'Pending', NULL),
(341, 15, 'unit', 176, '2021-04-09 04:12:10', 'Pending', NULL),
(342, 15, 'unit', 177, '2021-04-09 04:13:08', 'Pending', NULL),
(343, 15, 'unit', 178, '2021-04-09 04:13:49', 'Pending', NULL),
(344, 15, 'unit', 179, '2021-04-09 04:14:29', 'Pending', NULL),
(345, 15, 'unit', 180, '2021-04-09 04:16:17', 'Pending', NULL),
(346, 15, 'unit', 181, '2021-04-09 04:17:24', 'Pending', NULL),
(347, 15, 'unit', 182, '2021-04-09 04:18:55', 'Pending', NULL),
(348, 14, 'video', 11, '2021-04-09 04:19:21', 'Pending', NULL),
(349, 15, 'unit', 183, '2021-04-09 04:20:33', 'Pending', NULL),
(350, 15, 'unit', 184, '2021-04-09 04:21:30', 'Pending', NULL),
(351, 15, 'unit', 185, '2021-04-09 04:22:10', 'Pending', NULL),
(352, 15, 'unit', 186, '2021-04-09 04:23:30', 'Pending', NULL),
(353, 15, 'unit', 187, '2021-04-09 04:24:07', 'Pending', NULL),
(354, 15, 'unit', 188, '2021-04-09 04:26:01', 'Pending', NULL),
(355, 14, 'video', 12, '2021-04-09 04:26:11', 'Pending', NULL),
(356, 14, 'video', 13, '2021-04-09 04:27:33', 'Pending', NULL),
(357, 15, 'unit', 189, '2021-04-09 04:27:50', 'Pending', NULL),
(358, 15, 'unit', 190, '2021-04-09 04:29:04', 'Pending', NULL),
(359, 15, 'unit', 191, '2021-04-09 04:30:06', 'Pending', NULL),
(360, 14, 'video', 14, '2021-04-09 04:30:11', 'Pending', NULL),
(361, 15, 'unit', 192, '2021-04-09 04:30:42', 'Pending', NULL),
(362, 15, 'unit', 193, '2021-04-09 04:31:21', 'Pending', NULL),
(363, 14, 'video', 15, '2021-04-09 04:31:31', 'Pending', NULL),
(364, 15, 'unit', 194, '2021-04-09 04:33:04', 'Pending', NULL),
(365, 15, 'unit', 195, '2021-04-09 04:34:05', 'Pending', NULL),
(366, 15, 'unit', 196, '2021-04-09 04:34:57', 'Pending', NULL),
(367, 15, 'unit', 197, '2021-04-09 04:35:40', 'Pending', NULL),
(368, 15, 'unit', 198, '2021-04-09 04:36:26', 'Pending', NULL),
(369, 15, 'unit', 199, '2021-04-09 04:37:28', 'Pending', NULL),
(370, 15, 'unit', 200, '2021-04-09 04:38:18', 'Pending', NULL),
(371, 14, 'video', 16, '2021-04-09 04:38:44', 'Pending', NULL),
(372, 15, 'unit', 201, '2021-04-09 04:39:40', 'Pending', NULL),
(373, 14, 'video', 17, '2021-04-09 04:40:26', 'Pending', NULL),
(374, 15, 'unit', 202, '2021-04-09 04:41:05', 'Pending', NULL),
(375, 14, 'video', 18, '2021-04-09 04:42:40', 'Pending', NULL),
(376, 15, 'unit', 203, '2021-04-09 04:44:21', 'Pending', NULL),
(377, 15, 'unit', 204, '2021-04-09 04:45:04', 'Pending', NULL),
(378, 15, 'unit', 205, '2021-04-09 04:45:51', 'Pending', NULL),
(379, 14, 'video', 19, '2021-04-09 04:46:11', 'Pending', NULL),
(380, 15, 'unit', 206, '2021-04-09 04:46:30', 'Pending', NULL),
(381, 14, 'video', 20, '2021-04-09 04:47:11', 'Pending', NULL),
(382, 15, 'unit', 207, '2021-04-09 04:48:07', 'Pending', NULL),
(383, 15, 'unit', 208, '2021-04-09 04:49:16', 'Pending', NULL),
(384, 14, 'video', 21, '2021-04-09 04:49:22', 'Pending', NULL),
(385, 15, 'unit', 209, '2021-04-09 04:50:07', 'Pending', NULL),
(386, 14, 'video', 22, '2021-04-09 04:50:25', 'Pending', NULL),
(387, 15, 'unit', 210, '2021-04-09 04:51:11', 'Pending', NULL),
(388, 14, 'video', 23, '2021-04-09 04:51:57', 'Pending', NULL),
(389, 15, 'unit', 211, '2021-04-09 04:52:04', 'Pending', NULL),
(390, 15, 'unit', 212, '2021-04-09 04:52:51', 'Pending', NULL),
(391, 14, 'video', 24, '2021-04-09 04:53:05', 'Pending', NULL),
(392, 15, 'unit', 213, '2021-04-09 04:53:32', 'Pending', NULL),
(393, 14, 'video', 25, '2021-04-09 04:53:57', 'Pending', NULL),
(394, 15, 'unit', 214, '2021-04-09 04:54:03', 'Pending', NULL),
(395, 14, 'video', 26, '2021-04-09 04:55:00', 'Pending', NULL),
(396, 15, 'unit', 215, '2021-04-09 04:55:02', 'Pending', NULL),
(397, 15, 'unit', 216, '2021-04-09 04:55:59', 'Pending', NULL),
(398, 14, 'video', 27, '2021-04-09 04:56:34', 'Pending', NULL),
(399, 15, 'unit', 217, '2021-04-09 04:56:57', 'Pending', NULL),
(400, 14, 'video', 28, '2021-04-09 04:57:38', 'Pending', NULL),
(401, 15, 'unit', 218, '2021-04-09 04:57:46', 'Pending', NULL),
(402, 14, 'video', 29, '2021-04-09 04:58:50', 'Pending', NULL),
(403, 15, 'unit', 219, '2021-04-09 04:59:14', 'Pending', NULL),
(404, 14, 'video', 30, '2021-04-09 04:59:32', 'Pending', NULL),
(405, 14, 'video', 31, '2021-04-09 04:59:32', 'Pending', NULL),
(406, 15, 'unit', 220, '2021-04-09 04:59:57', 'Pending', NULL),
(407, 14, 'video', 32, '2021-04-09 05:00:27', 'Pending', NULL),
(408, 15, 'unit', 221, '2021-04-09 05:01:15', 'Pending', NULL),
(409, 15, 'unit', 222, '2021-04-09 05:01:45', 'Pending', NULL),
(410, 14, 'video', 33, '2021-04-09 05:02:13', 'Pending', NULL),
(411, 15, 'unit', 223, '2021-04-09 05:02:29', 'Pending', NULL),
(412, 15, 'unit', 224, '2021-04-09 05:03:06', 'Pending', NULL),
(413, 14, 'video', 34, '2021-04-09 05:03:15', 'Pending', NULL),
(414, 15, 'unit', 225, '2021-04-09 05:03:47', 'Pending', NULL),
(415, 14, 'video', 35, '2021-04-09 05:04:02', 'Pending', NULL),
(416, 15, 'unit', 226, '2021-04-09 05:04:40', 'Pending', NULL),
(417, 14, 'video', 36, '2021-04-09 05:04:47', 'Pending', NULL),
(418, 15, 'unit', 227, '2021-04-09 05:05:23', 'Pending', NULL),
(419, 14, 'video', 37, '2021-04-09 05:05:30', 'Pending', NULL),
(420, 14, 'video', 38, '2021-04-09 05:06:17', 'Pending', NULL),
(421, 15, 'unit', 228, '2021-04-09 05:06:53', 'Pending', NULL),
(422, 15, 'unit', 229, '2021-04-09 05:07:28', 'Pending', NULL),
(423, 14, 'video', 39, '2021-04-09 05:08:33', 'Pending', NULL),
(424, 15, 'unit', 230, '2021-04-09 05:09:11', 'Pending', NULL),
(425, 15, 'unit', 231, '2021-04-09 05:10:13', 'Pending', NULL),
(426, 15, 'unit', 232, '2021-04-09 05:10:56', 'Pending', NULL),
(427, 14, 'video', 40, '2021-04-09 05:11:16', 'Pending', NULL),
(428, 14, 'video', 41, '2021-04-09 05:12:13', 'Pending', NULL),
(429, 15, 'unit', 233, '2021-04-09 05:12:13', 'Pending', NULL),
(430, 14, 'video', 42, '2021-04-09 05:13:09', 'Pending', NULL),
(431, 15, 'unit', 234, '2021-04-09 05:13:16', 'Pending', NULL),
(432, 15, 'unit', 235, '2021-04-09 05:14:15', 'Pending', NULL),
(433, 14, 'video', 43, '2021-04-09 05:14:39', 'Pending', NULL),
(434, 15, 'unit', 236, '2021-04-09 05:15:49', 'Pending', NULL),
(435, 14, 'video', 44, '2021-04-09 05:15:59', 'Pending', NULL),
(436, 14, 'video', 45, '2021-04-09 05:16:01', 'Pending', NULL),
(437, 14, 'video', 46, '2021-04-09 05:18:16', 'Pending', NULL),
(438, 14, 'video', 47, '2021-04-09 05:20:19', 'Pending', NULL),
(439, 14, 'video', 48, '2021-04-09 05:21:02', 'Pending', NULL),
(440, 15, 'unit', 237, '2021-04-09 05:22:03', 'Pending', NULL),
(441, 14, 'video', 49, '2021-04-09 05:22:19', 'Pending', NULL),
(442, 14, 'video', 50, '2021-04-09 05:23:05', 'Pending', NULL),
(443, 14, 'video', 51, '2021-04-09 05:28:52', 'Pending', NULL),
(444, 15, 'unit', 238, '2021-04-09 05:30:46', 'Pending', NULL),
(445, 14, 'video', 52, '2021-04-09 05:31:11', 'Pending', NULL),
(446, 15, 'unit', 239, '2021-04-09 05:31:22', 'Pending', NULL),
(447, 15, 'unit', 240, '2021-04-09 05:32:16', 'Pending', NULL),
(448, 15, 'unit', 241, '2021-04-09 05:33:01', 'Pending', NULL),
(449, 14, 'video', 53, '2021-04-09 05:33:12', 'Pending', NULL),
(450, 15, 'unit', 242, '2021-04-09 05:33:49', 'Pending', NULL),
(451, 14, 'video', 54, '2021-04-09 05:34:07', 'Pending', NULL),
(452, 15, 'unit', 243, '2021-04-09 05:35:02', 'Pending', NULL),
(453, 15, 'unit', 244, '2021-04-09 05:36:42', 'Pending', NULL),
(454, 14, 'video', 55, '2021-04-09 05:37:06', 'Pending', NULL),
(455, 14, 'video', 56, '2021-04-09 05:38:37', 'Pending', NULL),
(456, 15, 'unit', 245, '2021-04-09 05:38:46', 'Pending', NULL),
(457, 15, 'unit', 246, '2021-04-09 05:40:17', 'Pending', NULL),
(458, 14, 'video', 57, '2021-04-09 05:40:44', 'Pending', NULL),
(459, 15, 'unit', 247, '2021-04-09 05:41:02', 'Pending', NULL),
(460, 15, 'unit', 248, '2021-04-09 05:41:58', 'Pending', NULL),
(461, 15, 'unit', 249, '2021-04-09 05:42:40', 'Pending', NULL),
(462, 15, 'unit', 250, '2021-04-09 05:43:21', 'Pending', NULL),
(463, 15, 'unit', 251, '2021-04-09 05:44:05', 'Pending', NULL),
(464, 14, 'video', 58, '2021-04-09 05:44:34', 'Pending', NULL),
(465, 15, 'unit', 252, '2021-04-09 05:44:41', 'Pending', NULL),
(466, 15, 'unit', 253, '2021-04-09 05:45:26', 'Pending', NULL),
(467, 15, 'unit', 254, '2021-04-09 05:46:24', 'Pending', NULL),
(468, 14, 'video', 59, '2021-04-09 05:47:50', 'Pending', NULL),
(469, 15, 'unit', 255, '2021-04-09 05:48:50', 'Pending', NULL),
(470, 14, 'video', 60, '2021-04-09 05:49:07', 'Pending', NULL),
(471, 15, 'unit', 256, '2021-04-09 05:49:49', 'Pending', NULL),
(472, 14, 'video', 61, '2021-04-09 05:50:22', 'Pending', NULL),
(473, 15, 'unit', 257, '2021-04-09 05:51:16', 'Pending', NULL),
(474, 15, 'unit', 258, '2021-04-09 05:54:40', 'Pending', NULL),
(475, 14, 'video', 62, '2021-04-09 05:55:25', 'Pending', NULL),
(476, 15, 'unit', 259, '2021-04-09 05:55:25', 'Pending', NULL),
(477, 15, 'unit', 260, '2021-04-09 05:56:37', 'Pending', NULL),
(478, 14, 'video', 63, '2021-04-09 05:57:29', 'Pending', NULL),
(479, 15, 'unit', 261, '2021-04-09 05:57:53', 'Pending', NULL),
(480, 15, 'unit', 262, '2021-04-09 05:59:36', 'Pending', NULL),
(481, 14, 'video', 64, '2021-04-09 05:59:42', 'Pending', NULL),
(482, 14, 'video', 65, '2021-04-09 06:00:44', 'Pending', NULL),
(483, 15, 'unit', 263, '2021-04-09 06:01:06', 'Pending', NULL),
(484, 15, 'unit', 264, '2021-04-09 06:02:14', 'Pending', NULL),
(485, 14, 'video', 66, '2021-04-09 06:02:33', 'Pending', NULL),
(486, 15, 'unit', 265, '2021-04-09 06:04:24', 'Pending', NULL),
(487, 15, 'unit', 266, '2021-04-09 06:05:32', 'Pending', NULL),
(488, 14, 'video', 67, '2021-04-09 06:06:53', 'Pending', NULL),
(489, 14, 'video', 68, '2021-04-09 06:06:54', 'Pending', NULL),
(490, 15, 'unit', 267, '2021-04-09 06:07:18', 'Pending', NULL),
(491, 14, 'video', 69, '2021-04-09 06:07:48', 'Pending', NULL),
(492, 14, 'video', 70, '2021-04-09 06:09:04', 'Pending', NULL),
(493, 15, 'unit', 268, '2021-04-09 06:09:38', 'Pending', NULL),
(494, 14, 'video', 71, '2021-04-09 06:10:05', 'Pending', NULL),
(495, 15, 'unit', 269, '2021-04-09 06:10:47', 'Pending', NULL),
(496, 15, 'unit', 270, '2021-04-09 06:11:48', 'Pending', NULL),
(497, 15, 'unit', 271, '2021-04-09 06:12:59', 'Pending', NULL),
(498, 14, 'video', 72, '2021-04-09 06:13:40', 'Pending', NULL),
(499, 15, 'unit', 272, '2021-04-09 06:14:02', 'Pending', NULL),
(500, 14, 'video', 73, '2021-04-09 06:14:47', 'Pending', NULL),
(501, 15, 'unit', 273, '2021-04-09 06:15:00', 'Pending', NULL),
(502, 14, 'video', 74, '2021-04-09 06:15:58', 'Pending', NULL),
(503, 15, 'unit', 274, '2021-04-09 06:16:22', 'Pending', NULL),
(504, 14, 'video', 75, '2021-04-09 06:17:53', 'Pending', NULL),
(505, 15, 'unit', 275, '2021-04-09 06:18:13', 'Pending', NULL),
(506, 14, 'video', 76, '2021-04-09 06:19:47', 'Pending', NULL),
(507, 15, 'unit', 276, '2021-04-09 06:21:55', 'Pending', NULL),
(508, 15, 'unit', 277, '2021-04-09 06:22:47', 'Pending', NULL),
(509, 15, 'unit', 278, '2021-04-09 06:23:56', 'Pending', NULL),
(510, 15, 'unit', 279, '2021-04-09 06:26:15', 'Pending', NULL),
(511, 15, 'unit', 280, '2021-04-09 06:27:15', 'Pending', NULL),
(512, 15, 'unit', 281, '2021-04-09 06:28:18', 'Pending', NULL),
(513, 15, 'unit', 282, '2021-04-09 06:29:42', 'Pending', NULL),
(514, 15, 'unit', 283, '2021-04-09 06:30:30', 'Pending', NULL),
(515, 15, 'unit', 284, '2021-04-09 06:31:12', 'Pending', NULL),
(516, 15, 'unit', 285, '2021-04-09 06:32:08', 'Pending', NULL),
(517, 14, 'video', 77, '2021-04-09 06:33:37', 'Pending', NULL),
(518, 15, 'unit', 286, '2021-04-09 06:33:41', 'Pending', NULL),
(519, 15, 'unit', 287, '2021-04-09 06:34:27', 'Pending', NULL),
(520, 15, 'unit', 288, '2021-04-09 06:34:56', 'Pending', NULL),
(521, 15, 'unit', 289, '2021-04-09 06:35:32', 'Pending', NULL),
(522, 14, 'video', 78, '2021-04-09 06:35:38', 'Pending', NULL),
(523, 14, 'video', 79, '2021-04-09 06:36:41', 'Pending', NULL),
(524, 15, 'unit', 290, '2021-04-09 06:37:11', 'Pending', NULL),
(525, 14, 'video', 80, '2021-04-09 06:37:55', 'Pending', NULL),
(526, 15, 'unit', 291, '2021-04-09 06:38:33', 'Pending', NULL),
(527, 15, 'unit', 292, '2021-04-09 06:39:14', 'Pending', NULL),
(528, 15, 'unit', 293, '2021-04-09 06:40:12', 'Pending', NULL),
(529, 14, 'video', 81, '2021-04-09 06:40:13', 'Pending', NULL),
(530, 15, 'unit', 294, '2021-04-09 06:40:52', 'Pending', NULL),
(531, 15, 'unit', 295, '2021-04-09 06:41:52', 'Pending', NULL),
(532, 14, 'video', 82, '2021-04-09 06:42:12', 'Pending', NULL),
(533, 15, 'unit', 296, '2021-04-09 06:42:34', 'Pending', NULL),
(534, 15, 'unit', 297, '2021-04-09 06:43:11', 'Pending', NULL),
(535, 14, 'video', 83, '2021-04-09 06:43:45', 'Pending', NULL),
(536, 15, 'unit', 298, '2021-04-09 06:44:24', 'Pending', NULL),
(537, 14, 'video', 84, '2021-04-09 06:45:13', 'Pending', NULL),
(538, 15, 'unit', 299, '2021-04-09 06:45:42', 'Pending', NULL),
(539, 15, 'unit', 300, '2021-04-09 06:46:22', 'Pending', NULL),
(540, 14, 'video', 85, '2021-04-09 06:46:35', 'Pending', NULL),
(541, 14, 'video', 86, '2021-04-09 06:47:48', 'Pending', NULL),
(542, 15, 'unit', 301, '2021-04-09 07:10:25', 'Pending', NULL),
(543, 15, 'unit', 302, '2021-04-09 07:12:55', 'Pending', NULL),
(544, 15, 'unit', 303, '2021-04-09 07:14:21', 'Pending', NULL),
(545, 15, 'unit', 304, '2021-04-09 07:15:05', 'Pending', NULL),
(546, 15, 'unit', 305, '2021-04-09 07:15:47', 'Pending', NULL),
(547, 15, 'unit', 306, '2021-04-09 07:16:18', 'Pending', NULL),
(548, 15, 'unit', 307, '2021-04-09 07:18:30', 'Pending', NULL),
(549, 15, 'unit', 308, '2021-04-09 07:18:51', 'Pending', NULL),
(550, 15, 'unit', 309, '2021-04-09 07:21:28', 'Pending', NULL),
(551, 15, 'unit', 310, '2021-04-09 07:22:14', 'Pending', NULL),
(552, 15, 'unit', 311, '2021-04-09 07:22:56', 'Pending', NULL),
(553, 15, 'unit', 312, '2021-04-09 07:23:33', 'Pending', NULL),
(554, 15, 'unit', 313, '2021-04-09 07:24:03', 'Pending', NULL),
(555, 15, 'unit', 314, '2021-04-09 07:25:47', 'Pending', NULL),
(556, 15, 'unit', 315, '2021-04-09 07:26:29', 'Pending', NULL),
(557, 15, 'unit', 316, '2021-04-09 07:27:10', 'Pending', NULL),
(558, 15, 'unit', 317, '2021-04-09 07:27:35', 'Pending', NULL),
(559, 15, 'unit', 318, '2021-04-09 10:22:18', 'Pending', NULL),
(560, 15, 'unit', 319, '2021-04-09 10:23:18', 'Pending', NULL),
(561, 15, 'unit', 320, '2021-04-09 10:24:24', 'Pending', NULL),
(562, 15, 'unit', 321, '2021-04-09 10:25:18', 'Pending', NULL),
(563, 15, 'unit', 322, '2021-04-09 10:26:31', 'Pending', NULL),
(564, 15, 'unit', 323, '2021-04-09 10:27:19', 'Pending', NULL),
(565, 15, 'unit', 324, '2021-04-09 10:28:58', 'Pending', NULL),
(566, 15, 'unit', 325, '2021-04-09 10:30:54', 'Pending', NULL),
(567, 15, 'unit', 326, '2021-04-09 10:32:59', 'Pending', NULL),
(568, 15, 'unit', 327, '2021-04-09 10:33:58', 'Pending', NULL),
(569, 15, 'unit', 328, '2021-04-09 10:35:31', 'Pending', NULL),
(570, 15, 'unit', 329, '2021-04-09 10:36:33', 'Pending', NULL),
(571, 15, 'unit', 330, '2021-04-09 10:38:02', 'Pending', NULL),
(572, 15, 'unit', 331, '2021-04-09 10:38:54', 'Pending', NULL),
(573, 15, 'unit', 332, '2021-04-09 10:40:59', 'Pending', NULL),
(574, 15, 'unit', 333, '2021-04-09 10:42:30', 'Pending', NULL),
(575, 15, 'unit', 334, '2021-04-09 10:43:58', 'Pending', NULL),
(576, 15, 'unit', 335, '2021-04-09 10:44:36', 'Pending', NULL),
(577, 15, 'unit', 336, '2021-04-09 10:45:45', 'Pending', NULL),
(578, 15, 'unit', 337, '2021-04-09 10:46:23', 'Pending', NULL),
(579, 15, 'unit', 338, '2021-04-09 10:47:42', 'Pending', NULL),
(580, 15, 'unit', 339, '2021-04-09 10:48:32', 'Pending', NULL),
(581, 15, 'unit', 340, '2021-04-09 10:49:49', 'Pending', NULL),
(582, 15, 'unit', 341, '2021-04-09 10:51:41', 'Pending', NULL),
(583, 15, 'unit', 342, '2021-04-09 10:52:35', 'Pending', NULL),
(584, 15, 'unit', 343, '2021-04-09 10:53:20', 'Pending', NULL),
(585, 15, 'unit', 344, '2021-04-09 10:54:33', 'Pending', NULL),
(586, 15, 'unit', 345, '2021-04-09 10:55:10', 'Pending', NULL),
(587, 15, 'unit', 346, '2021-04-09 10:56:00', 'Pending', NULL),
(588, 15, 'unit', 347, '2021-04-09 10:56:57', 'Pending', NULL),
(589, 15, 'unit', 348, '2021-04-09 10:57:41', 'Pending', NULL),
(590, 15, 'unit', 349, '2021-04-09 10:58:28', 'Pending', NULL),
(591, 15, 'unit', 350, '2021-04-09 10:59:03', 'Pending', NULL),
(592, 15, 'unit', 351, '2021-04-09 11:00:11', 'Pending', NULL),
(593, 15, 'unit', 352, '2021-04-09 11:00:51', 'Pending', NULL),
(594, 15, 'unit', 353, '2021-04-09 11:02:01', 'Pending', NULL),
(595, 15, 'unit', 354, '2021-04-09 11:02:47', 'Pending', NULL),
(596, 15, 'unit', 355, '2021-04-09 11:04:24', 'Pending', NULL),
(597, 15, 'unit', 356, '2021-04-09 11:05:17', 'Pending', NULL),
(598, 15, 'unit', 357, '2021-04-09 11:06:13', 'Pending', NULL),
(599, 15, 'unit', 358, '2021-04-09 11:08:01', 'Pending', NULL),
(600, 15, 'unit', 359, '2021-04-09 11:09:02', 'Pending', NULL),
(601, 15, 'unit', 360, '2021-04-09 11:10:11', 'Pending', NULL),
(602, 15, 'unit', 361, '2021-04-09 11:16:51', 'Pending', NULL),
(603, 15, 'unit', 362, '2021-04-09 11:17:36', 'Pending', NULL),
(604, 15, 'unit', 363, '2021-04-09 11:18:42', 'Pending', NULL),
(605, 15, 'unit', 364, '2021-04-09 11:19:42', 'Pending', NULL),
(606, 15, 'unit', 365, '2021-04-09 11:20:20', 'Pending', NULL),
(607, 15, 'unit', 366, '2021-04-09 11:21:29', 'Pending', NULL),
(608, 15, 'unit', 367, '2021-04-09 11:22:11', 'Pending', NULL),
(609, 15, 'unit', 368, '2021-04-09 11:22:55', 'Pending', NULL),
(610, 15, 'unit', 369, '2021-04-09 11:23:35', 'Pending', NULL),
(611, 15, 'unit', 370, '2021-04-09 11:24:17', 'Pending', NULL),
(612, 15, 'unit', 371, '2021-04-09 11:25:08', 'Pending', NULL),
(613, 15, 'unit', 372, '2021-04-09 11:26:12', 'Pending', NULL),
(614, 15, 'unit', 373, '2021-04-09 13:01:19', 'Pending', NULL),
(615, 15, 'unit', 374, '2021-04-09 13:01:57', 'Pending', NULL),
(616, 15, 'unit', 375, '2021-04-09 13:03:42', 'Pending', NULL),
(617, 15, 'unit', 376, '2021-04-09 13:05:02', 'Pending', NULL),
(618, 15, 'unit', 377, '2021-04-09 13:06:29', 'Pending', NULL),
(619, 15, 'unit', 378, '2021-04-09 13:07:14', 'Pending', NULL),
(620, 15, 'unit', 379, '2021-04-09 13:07:57', 'Pending', NULL),
(621, 15, 'unit', 380, '2021-04-09 13:09:05', 'Pending', NULL),
(622, 15, 'unit', 381, '2021-04-09 13:09:35', 'Pending', NULL),
(623, 15, 'unit', 382, '2021-04-09 13:10:08', 'Pending', NULL),
(624, 15, 'unit', 383, '2021-04-09 13:11:26', 'Pending', NULL),
(625, 15, 'unit', 384, '2021-04-09 13:11:56', 'Pending', NULL),
(626, 15, 'unit', 385, '2021-04-09 13:13:23', 'Pending', NULL),
(627, 15, 'unit', 386, '2021-04-09 13:14:31', 'Pending', NULL),
(628, 15, 'unit', 387, '2021-04-09 13:15:44', 'Pending', NULL),
(629, 15, 'unit', 388, '2021-04-09 13:16:44', 'Pending', NULL),
(630, 15, 'unit', 389, '2021-04-09 13:17:39', 'Pending', NULL),
(631, 15, 'unit', 390, '2021-04-09 13:18:09', 'Pending', NULL),
(632, 15, 'unit', 391, '2021-04-09 13:19:04', 'Pending', NULL),
(633, 15, 'unit', 392, '2021-04-09 13:20:04', 'Pending', NULL),
(634, 15, 'unit', 393, '2021-04-09 13:21:07', 'Pending', NULL),
(635, 15, 'unit', 394, '2021-04-09 13:22:27', 'Pending', NULL),
(636, 15, 'unit', 395, '2021-04-09 13:23:02', 'Pending', NULL),
(637, 15, 'unit', 396, '2021-04-09 13:23:37', 'Pending', NULL),
(638, 15, 'unit', 397, '2021-04-09 13:24:34', 'Pending', NULL),
(639, 15, 'unit', 398, '2021-04-09 14:15:41', 'Pending', NULL),
(640, 15, 'unit', 399, '2021-04-09 14:16:41', 'Pending', NULL),
(641, 15, 'unit', 400, '2021-04-09 14:17:24', 'Pending', NULL),
(642, 15, 'unit', 401, '2021-04-09 14:17:56', 'Pending', NULL),
(643, 15, 'unit', 402, '2021-04-09 14:18:19', 'Pending', NULL),
(644, 15, 'unit', 403, '2021-04-09 14:20:20', 'Pending', NULL),
(645, 15, 'unit', 404, '2021-04-09 14:21:22', 'Pending', NULL),
(646, 15, 'unit', 405, '2021-04-09 14:22:25', 'Pending', NULL),
(647, 15, 'unit', 406, '2021-04-09 14:25:14', 'Pending', NULL),
(648, 15, 'unit', 407, '2021-04-09 14:26:17', 'Pending', NULL),
(649, 15, 'unit', 408, '2021-04-09 14:26:48', 'Pending', NULL),
(650, 15, 'unit', 409, '2021-04-09 14:27:16', 'Pending', NULL),
(651, 15, 'unit', 410, '2021-04-09 14:28:06', 'Pending', NULL),
(652, 15, 'unit', 411, '2021-04-09 14:28:51', 'Pending', NULL),
(653, 15, 'unit', 412, '2021-04-09 14:29:31', 'Pending', NULL),
(654, 15, 'unit', 413, '2021-04-09 14:30:23', 'Pending', NULL),
(655, 15, 'unit', 414, '2021-04-09 14:31:53', 'Pending', NULL),
(656, 15, 'unit', 415, '2021-04-09 14:55:38', 'Pending', NULL),
(657, 15, 'unit', 416, '2021-04-09 14:56:54', 'Pending', NULL),
(658, 15, 'unit', 417, '2021-04-09 14:57:37', 'Pending', NULL),
(659, 15, 'unit', 418, '2021-04-09 14:58:46', 'Pending', NULL),
(660, 15, 'unit', 419, '2021-04-09 14:59:23', 'Pending', NULL),
(661, 15, 'unit', 420, '2021-04-09 15:00:10', 'Pending', NULL),
(662, 15, 'unit', 421, '2021-04-09 15:01:48', 'Pending', NULL),
(663, 15, 'unit', 422, '2021-04-09 15:02:53', 'Pending', NULL),
(664, 15, 'unit', 423, '2021-04-09 15:03:56', 'Pending', NULL),
(665, 15, 'unit', 424, '2021-04-09 15:04:46', 'Pending', NULL),
(666, 15, 'unit', 425, '2021-04-09 15:05:46', 'Pending', NULL),
(667, 15, 'unit', 426, '2021-04-09 15:06:34', 'Pending', NULL),
(668, 15, 'unit', 427, '2021-04-09 15:08:29', 'Pending', NULL),
(669, 15, 'unit', 428, '2021-04-09 15:10:30', 'Pending', NULL),
(670, 15, 'unit', 429, '2021-04-09 15:11:40', 'Pending', NULL),
(671, 15, 'unit', 430, '2021-04-09 15:13:31', 'Pending', NULL),
(672, 15, 'unit', 431, '2021-04-09 15:14:55', 'Pending', NULL),
(673, 15, 'unit', 432, '2021-04-09 15:16:44', 'Pending', NULL),
(674, 15, 'unit', 433, '2021-04-09 15:17:58', 'Pending', NULL),
(675, 15, 'unit', 434, '2021-04-09 15:21:19', 'Pending', NULL),
(676, 15, 'unit', 435, '2021-04-09 15:22:19', 'Pending', NULL),
(677, 15, 'unit', 436, '2021-04-09 15:24:01', 'Pending', NULL),
(678, 15, 'unit', 437, '2021-04-09 15:24:50', 'Pending', NULL),
(679, 15, 'unit', 438, '2021-04-09 15:26:54', 'Pending', NULL),
(680, 15, 'unit', 439, '2021-04-09 15:28:07', 'Pending', NULL),
(681, 15, 'unit', 440, '2021-04-09 15:29:02', 'Pending', NULL),
(682, 15, 'unit', 441, '2021-04-09 15:29:48', 'Pending', NULL),
(683, 15, 'unit', 442, '2021-04-09 15:30:41', 'Pending', NULL),
(684, 15, 'unit', 443, '2021-04-09 15:31:37', 'Pending', NULL),
(685, 15, 'unit', 444, '2021-04-09 15:32:31', 'Pending', NULL),
(686, 15, 'unit', 445, '2021-04-09 15:33:28', 'Pending', NULL),
(687, 15, 'unit', 446, '2021-04-09 15:34:10', 'Pending', NULL),
(688, 15, 'unit', 447, '2021-04-09 15:35:37', 'Pending', NULL),
(689, 15, 'unit', 448, '2021-04-09 15:38:18', 'Pending', NULL),
(690, 15, 'unit', 449, '2021-04-09 15:40:57', 'Pending', NULL),
(691, 15, 'unit', 450, '2021-04-09 15:42:04', 'Pending', NULL),
(692, 15, 'unit', 451, '2021-04-09 15:43:18', 'Pending', NULL),
(693, 15, 'unit', 452, '2021-04-09 15:44:28', 'Pending', NULL),
(694, 15, 'unit', 453, '2021-04-09 15:45:58', 'Pending', NULL),
(695, 15, 'unit', 454, '2021-04-09 15:47:03', 'Pending', NULL),
(696, 15, 'unit', 455, '2021-04-09 15:48:04', 'Pending', NULL),
(697, 15, 'unit', 456, '2021-04-09 15:48:44', 'Pending', NULL),
(698, 15, 'unit', 457, '2021-04-09 15:50:22', 'Pending', NULL),
(699, 15, 'unit', 458, '2021-04-09 16:04:30', 'Pending', NULL),
(700, 15, 'unit', 459, '2021-04-09 16:05:54', 'Pending', NULL),
(701, 15, 'unit', 460, '2021-04-09 16:07:42', 'Pending', NULL),
(702, 15, 'unit', 461, '2021-04-09 16:09:46', 'Pending', NULL),
(703, 15, 'unit', 462, '2021-04-09 16:10:49', 'Pending', NULL),
(704, 15, 'unit', 463, '2021-04-09 16:12:24', 'Pending', NULL),
(705, 15, 'unit', 464, '2021-04-09 16:13:48', 'Pending', NULL),
(706, 15, 'unit', 465, '2021-04-09 16:21:43', 'Pending', NULL),
(707, 15, 'unit', 466, '2021-04-09 16:24:26', 'Pending', NULL),
(708, 15, 'unit', 467, '2021-04-09 16:25:23', 'Pending', NULL),
(709, 15, 'unit', 468, '2021-04-09 16:26:49', 'Pending', NULL),
(710, 15, 'unit', 469, '2021-04-09 16:29:12', 'Pending', NULL),
(711, 15, 'unit', 470, '2021-04-09 16:31:43', 'Pending', NULL),
(712, 15, 'unit', 471, '2021-04-09 16:32:59', 'Pending', NULL),
(713, 15, 'unit', 472, '2021-04-09 16:33:52', 'Pending', NULL),
(714, 15, 'unit', 473, '2021-04-09 16:35:29', 'Pending', NULL),
(715, 15, 'unit', 474, '2021-04-09 16:37:19', 'Pending', NULL),
(716, 15, 'unit', 475, '2021-04-09 16:39:09', 'Pending', NULL),
(717, 15, 'unit', 476, '2021-04-09 16:40:54', 'Pending', NULL),
(718, 15, 'unit', 477, '2021-04-09 16:42:52', 'Pending', NULL),
(719, 15, 'unit', 478, '2021-04-09 16:43:34', 'Pending', NULL),
(720, 17, 'book', 23, '2021-04-10 02:33:39', 'Pending', NULL),
(721, 17, 'book', 24, '2021-04-10 02:34:31', 'Pending', NULL),
(722, 17, 'book', 25, '2021-04-10 02:35:15', 'Pending', NULL),
(723, 17, 'book', 26, '2021-04-10 02:39:58', 'Pending', NULL),
(724, 17, 'book', 27, '2021-04-10 02:42:48', 'Pending', NULL),
(725, 17, 'book', 28, '2021-04-10 02:45:49', 'Pending', NULL),
(726, 17, 'book', 29, '2021-04-10 02:54:26', 'Pending', NULL),
(727, 17, 'book', 30, '2021-04-10 02:57:58', 'Pending', NULL),
(728, 17, 'book', 31, '2021-04-10 03:02:41', 'Pending', NULL),
(729, 17, 'book', 32, '2021-04-10 03:04:42', 'Pending', NULL),
(730, 17, 'book', 33, '2021-04-10 03:10:36', 'Pending', NULL),
(731, 17, 'book', 34, '2021-04-10 03:13:30', 'Pending', NULL),
(732, 17, 'book', 35, '2021-04-10 03:13:30', 'Pending', NULL),
(733, 17, 'book', 36, '2021-04-10 03:21:31', 'Pending', NULL),
(734, 17, 'book', 37, '2021-04-10 03:24:52', 'Pending', NULL),
(735, 17, 'book', 38, '2021-04-10 03:29:26', 'Pending', NULL),
(736, 17, 'book', 39, '2021-04-10 03:32:37', 'Pending', NULL),
(737, 15, 'unit', 479, '2021-04-10 03:38:15', 'Pending', NULL),
(738, 17, 'book', 40, '2021-04-10 03:39:11', 'Pending', NULL),
(739, 15, 'unit', 480, '2021-04-10 03:39:32', 'Pending', NULL),
(740, 15, 'unit', 481, '2021-04-10 03:40:19', 'Pending', NULL),
(741, 15, 'unit', 482, '2021-04-10 03:41:19', 'Pending', NULL),
(742, 17, 'book', 41, '2021-04-10 03:41:43', 'Pending', NULL),
(743, 15, 'unit', 483, '2021-04-10 03:42:00', 'Pending', NULL),
(744, 15, 'unit', 484, '2021-04-10 03:43:16', 'Pending', NULL),
(745, 15, 'unit', 485, '2021-04-10 03:44:53', 'Pending', NULL),
(746, 15, 'unit', 486, '2021-04-10 03:46:11', 'Pending', NULL),
(747, 15, 'unit', 487, '2021-04-10 03:48:01', 'Pending', NULL),
(748, 17, 'book', 42, '2021-04-10 03:48:09', 'Pending', NULL),
(749, 15, 'unit', 488, '2021-04-10 03:48:35', 'Pending', NULL),
(750, 15, 'unit', 489, '2021-04-10 03:49:25', 'Pending', NULL),
(751, 15, 'unit', 490, '2021-04-10 03:50:06', 'Pending', NULL),
(752, 15, 'unit', 491, '2021-04-10 03:51:39', 'Pending', NULL),
(753, 17, 'book', 43, '2021-04-10 03:51:41', 'Pending', NULL),
(754, 15, 'unit', 492, '2021-04-10 03:52:34', 'Pending', NULL),
(755, 15, 'unit', 493, '2021-04-10 03:53:19', 'Pending', NULL),
(756, 15, 'unit', 494, '2021-04-10 03:54:00', 'Pending', NULL),
(757, 15, 'unit', 495, '2021-04-10 03:54:47', 'Pending', NULL),
(758, 15, 'unit', 496, '2021-04-10 03:55:26', 'Pending', NULL),
(759, 15, 'unit', 497, '2021-04-10 03:56:27', 'Pending', NULL),
(760, 15, 'unit', 498, '2021-04-10 03:57:57', 'Pending', NULL),
(761, 15, 'unit', 499, '2021-04-10 03:59:10', 'Pending', NULL),
(762, 17, 'book', 44, '2021-04-10 04:00:02', 'Pending', NULL),
(763, 15, 'unit', 500, '2021-04-10 04:00:26', 'Pending', NULL),
(764, 17, 'book', 45, '2021-04-10 04:01:34', 'Pending', NULL),
(765, 15, 'unit', 501, '2021-04-10 04:01:45', 'Pending', NULL),
(766, 15, 'unit', 502, '2021-04-10 04:02:50', 'Pending', NULL),
(767, 17, 'book', 46, '2021-04-10 04:03:18', 'Pending', NULL),
(768, 15, 'unit', 503, '2021-04-10 04:03:56', 'Pending', NULL),
(769, 15, 'unit', 504, '2021-04-10 04:05:34', 'Pending', NULL),
(770, 15, 'unit', 505, '2021-04-10 04:06:51', 'Pending', NULL),
(771, 15, 'unit', 506, '2021-04-10 04:07:25', 'Pending', NULL),
(772, 15, 'unit', 507, '2021-04-10 04:10:46', 'Pending', NULL),
(773, 15, 'unit', 508, '2021-04-10 04:11:43', 'Pending', NULL),
(774, 15, 'unit', 509, '2021-04-10 04:12:17', 'Pending', NULL),
(775, 15, 'unit', 510, '2021-04-10 04:13:27', 'Pending', NULL),
(776, 15, 'unit', 511, '2021-04-10 04:14:12', 'Pending', NULL),
(777, 15, 'unit', 512, '2021-04-10 04:14:44', 'Pending', NULL),
(778, 15, 'unit', 513, '2021-04-10 04:15:23', 'Pending', NULL),
(779, 15, 'unit', 514, '2021-04-10 04:16:15', 'Pending', NULL),
(780, 15, 'unit', 515, '2021-04-10 04:16:51', 'Pending', NULL),
(781, 15, 'unit', 516, '2021-04-10 04:17:36', 'Pending', NULL),
(782, 15, 'unit', 517, '2021-04-10 04:18:14', 'Pending', NULL),
(783, 15, 'unit', 518, '2021-04-10 04:19:33', 'Pending', NULL),
(784, 15, 'unit', 519, '2021-04-10 04:21:48', 'Pending', NULL),
(785, 15, 'unit', 520, '2021-04-10 04:22:19', 'Pending', NULL),
(786, 15, 'unit', 521, '2021-04-10 04:23:10', 'Pending', NULL),
(787, 15, 'unit', 522, '2021-04-10 04:24:54', 'Pending', NULL),
(788, 15, 'unit', 523, '2021-04-10 04:26:19', 'Pending', NULL),
(789, 15, 'unit', 524, '2021-04-10 04:27:22', 'Pending', NULL),
(790, 15, 'unit', 525, '2021-04-10 04:28:07', 'Pending', NULL),
(791, 15, 'unit', 526, '2021-04-10 04:28:47', 'Pending', NULL),
(792, 15, 'unit', 527, '2021-04-10 04:29:45', 'Pending', NULL),
(793, 15, 'unit', 528, '2021-04-10 04:30:43', 'Pending', NULL),
(794, 15, 'unit', 529, '2021-04-10 04:31:54', 'Pending', NULL),
(795, 15, 'unit', 530, '2021-04-10 04:32:46', 'Pending', NULL),
(796, 15, 'unit', 531, '2021-04-10 04:33:23', 'Pending', NULL),
(797, 15, 'unit', 532, '2021-04-10 04:34:42', 'Pending', NULL),
(798, 15, 'unit', 533, '2021-04-10 04:35:36', 'Pending', NULL),
(799, 15, 'unit', 534, '2021-04-10 04:38:02', 'Pending', NULL),
(800, 15, 'unit', 535, '2021-04-10 04:38:49', 'Pending', NULL),
(801, 15, 'unit', 536, '2021-04-10 04:40:05', 'Pending', NULL),
(802, 15, 'unit', 537, '2021-04-10 04:47:08', 'Pending', NULL),
(803, 15, 'unit', 538, '2021-04-10 04:48:13', 'Pending', NULL),
(804, 15, 'unit', 539, '2021-04-10 04:48:57', 'Pending', NULL),
(805, 15, 'unit', 540, '2021-04-10 04:49:39', 'Pending', NULL),
(806, 15, 'unit', 541, '2021-04-10 04:50:39', 'Pending', NULL),
(807, 17, 'book', 47, '2021-04-10 04:52:12', 'Pending', NULL);
INSERT INTO `user_data_reviews` (`id`, `user_id`, `type`, `type_id`, `review_time`, `status`, `remarks`) VALUES
(808, 15, 'unit', 542, '2021-04-10 04:52:19', 'Pending', NULL),
(809, 15, 'unit', 543, '2021-04-10 04:53:25', 'Pending', NULL),
(810, 15, 'unit', 544, '2021-04-10 04:54:24', 'Pending', NULL),
(811, 15, 'unit', 545, '2021-04-10 04:56:35', 'Pending', NULL),
(812, 15, 'unit', 546, '2021-04-10 04:57:16', 'Pending', NULL),
(813, 17, 'book', 48, '2021-04-10 04:57:34', 'Pending', NULL),
(814, 15, 'unit', 547, '2021-04-10 04:59:43', 'Pending', NULL),
(815, 15, 'unit', 548, '2021-04-10 05:00:48', 'Pending', NULL),
(816, 15, 'unit', 549, '2021-04-10 05:01:42', 'Pending', NULL),
(817, 15, 'unit', 550, '2021-04-10 05:02:23', 'Pending', NULL),
(818, 15, 'unit', 551, '2021-04-10 05:03:16', 'Pending', NULL),
(819, 15, 'unit', 552, '2021-04-10 05:03:57', 'Pending', NULL),
(820, 15, 'unit', 553, '2021-04-10 05:05:06', 'Pending', NULL),
(821, 15, 'unit', 554, '2021-04-10 05:05:50', 'Pending', NULL),
(822, 15, 'unit', 555, '2021-04-10 05:06:32', 'Pending', NULL),
(823, 15, 'unit', 556, '2021-04-10 05:07:22', 'Pending', NULL),
(824, 15, 'unit', 557, '2021-04-10 05:08:06', 'Pending', NULL),
(825, 15, 'unit', 558, '2021-04-10 05:08:52', 'Pending', NULL),
(826, 15, 'unit', 559, '2021-04-10 05:09:27', 'Pending', NULL),
(827, 17, 'book', 49, '2021-04-10 05:11:59', 'Pending', NULL),
(828, 15, 'unit', 560, '2021-04-10 05:12:52', 'Pending', NULL),
(829, 15, 'unit', 561, '2021-04-10 05:13:53', 'Pending', NULL),
(830, 15, 'unit', 562, '2021-04-10 05:14:42', 'Pending', NULL),
(831, 17, 'book', 50, '2021-04-10 05:15:34', 'Pending', NULL),
(832, 15, 'unit', 563, '2021-04-10 05:15:55', 'Pending', NULL),
(833, 15, 'unit', 564, '2021-04-10 05:16:51', 'Pending', NULL),
(834, 15, 'unit', 565, '2021-04-10 05:17:26', 'Pending', NULL),
(835, 15, 'unit', 566, '2021-04-10 05:19:16', 'Pending', NULL),
(836, 15, 'unit', 567, '2021-04-10 05:20:25', 'Pending', NULL),
(837, 15, 'unit', 568, '2021-04-10 05:21:46', 'Pending', NULL),
(838, 17, 'book', 51, '2021-04-10 05:22:19', 'Pending', NULL),
(839, 15, 'unit', 569, '2021-04-10 05:23:33', 'Pending', NULL),
(840, 17, 'book', 52, '2021-04-10 05:24:33', 'Pending', NULL),
(841, 15, 'unit', 570, '2021-04-10 05:24:46', 'Pending', NULL),
(842, 15, 'unit', 571, '2021-04-10 05:25:41', 'Pending', NULL),
(843, 15, 'unit', 572, '2021-04-10 05:26:32', 'Pending', NULL),
(844, 15, 'unit', 573, '2021-04-10 05:27:13', 'Pending', NULL),
(845, 15, 'unit', 574, '2021-04-10 05:29:34', 'Pending', NULL),
(846, 15, 'unit', 575, '2021-04-10 05:30:49', 'Pending', NULL),
(847, 15, 'unit', 576, '2021-04-10 05:31:36', 'Pending', NULL),
(848, 15, 'unit', 577, '2021-04-10 05:32:34', 'Pending', NULL),
(849, 15, 'unit', 578, '2021-04-10 05:33:00', 'Pending', NULL),
(850, 15, 'unit', 579, '2021-04-10 05:37:25', 'Pending', NULL),
(851, 15, 'unit', 580, '2021-04-10 05:38:42', 'Pending', NULL),
(852, 15, 'unit', 581, '2021-04-10 05:39:40', 'Pending', NULL),
(853, 15, 'unit', 582, '2021-04-10 05:40:59', 'Pending', NULL),
(854, 15, 'unit', 583, '2021-04-10 05:41:46', 'Pending', NULL),
(855, 15, 'unit', 584, '2021-04-10 05:42:43', 'Pending', NULL),
(856, 15, 'unit', 585, '2021-04-10 05:44:12', 'Pending', NULL),
(857, 15, 'unit', 586, '2021-04-10 05:54:56', 'Pending', NULL),
(858, 15, 'unit', 587, '2021-04-10 05:55:44', 'Pending', NULL),
(859, 15, 'unit', 588, '2021-04-10 05:57:03', 'Pending', NULL),
(860, 15, 'unit', 589, '2021-04-10 05:58:04', 'Pending', NULL),
(861, 15, 'unit', 590, '2021-04-10 05:58:55', 'Pending', NULL),
(862, 15, 'unit', 591, '2021-04-10 06:00:02', 'Pending', NULL),
(863, 15, 'unit', 592, '2021-04-10 06:01:34', 'Pending', NULL),
(864, 15, 'unit', 593, '2021-04-10 06:02:29', 'Pending', NULL),
(865, 15, 'unit', 594, '2021-04-10 06:03:12', 'Pending', NULL),
(866, 15, 'unit', 595, '2021-04-10 06:04:07', 'Pending', NULL),
(867, 15, 'unit', 596, '2021-04-10 06:04:57', 'Pending', NULL),
(868, 15, 'unit', 597, '2021-04-10 06:07:26', 'Pending', NULL),
(869, 15, 'unit', 598, '2021-04-10 06:08:40', 'Pending', NULL),
(870, 15, 'unit', 599, '2021-04-10 06:09:29', 'Pending', NULL),
(871, 15, 'unit', 600, '2021-04-10 06:10:07', 'Pending', NULL),
(872, 15, 'unit', 601, '2021-04-10 06:11:54', 'Pending', NULL),
(873, 15, 'unit', 602, '2021-04-10 06:12:54', 'Pending', NULL),
(874, 15, 'unit', 603, '2021-04-10 06:13:47', 'Pending', NULL),
(875, 15, 'unit', 604, '2021-04-10 06:14:37', 'Pending', NULL),
(876, 15, 'unit', 605, '2021-04-10 06:15:18', 'Pending', NULL),
(877, 15, 'unit', 606, '2021-04-10 06:16:04', 'Pending', NULL),
(878, 15, 'unit', 607, '2021-04-10 06:16:55', 'Pending', NULL),
(879, 15, 'unit', 608, '2021-04-10 06:17:36', 'Pending', NULL),
(880, 15, 'unit', 609, '2021-04-10 06:18:08', 'Pending', NULL),
(881, 15, 'unit', 610, '2021-04-10 06:19:37', 'Pending', NULL),
(882, 17, 'book', 53, '2021-04-10 06:20:08', 'Pending', NULL),
(883, 15, 'unit', 611, '2021-04-10 06:20:17', 'Pending', NULL),
(884, 15, 'unit', 612, '2021-04-10 06:21:01', 'Pending', NULL),
(885, 15, 'unit', 613, '2021-04-10 06:22:11', 'Pending', NULL),
(886, 15, 'unit', 614, '2021-04-10 06:23:41', 'Pending', NULL),
(887, 15, 'unit', 615, '2021-04-10 06:24:40', 'Pending', NULL),
(888, 15, 'unit', 616, '2021-04-10 06:25:37', 'Pending', NULL),
(889, 15, 'unit', 617, '2021-04-10 06:26:39', 'Pending', NULL),
(890, 17, 'book', 54, '2021-04-10 06:26:57', 'Pending', NULL),
(891, 15, 'unit', 618, '2021-04-10 06:27:12', 'Pending', NULL),
(892, 15, 'unit', 619, '2021-04-10 06:27:47', 'Pending', NULL),
(893, 17, 'book', 55, '2021-04-10 06:28:27', 'Pending', NULL),
(894, 14, 'video', 87, '2021-04-10 06:29:02', 'Pending', NULL),
(895, 15, 'unit', 620, '2021-04-10 06:29:45', 'Pending', NULL),
(896, 14, 'video', 88, '2021-04-10 06:30:39', 'Pending', NULL),
(897, 15, 'unit', 621, '2021-04-10 06:31:02', 'Pending', NULL),
(898, 14, 'video', 89, '2021-04-10 06:31:50', 'Pending', NULL),
(899, 15, 'unit', 622, '2021-04-10 06:32:30', 'Pending', NULL),
(900, 15, 'unit', 623, '2021-04-10 06:33:25', 'Pending', NULL),
(901, 14, 'video', 90, '2021-04-10 06:33:40', 'Pending', NULL),
(902, 15, 'unit', 624, '2021-04-10 06:34:31', 'Pending', NULL),
(903, 14, 'video', 91, '2021-04-10 06:34:34', 'Pending', NULL),
(904, 17, 'book', 56, '2021-04-10 06:35:24', 'Pending', NULL),
(905, 15, 'unit', 625, '2021-04-10 06:35:38', 'Pending', NULL),
(906, 15, 'unit', 626, '2021-04-10 06:37:26', 'Pending', NULL),
(907, 14, 'video', 92, '2021-04-10 06:38:00', 'Pending', NULL),
(908, 15, 'unit', 627, '2021-04-10 06:38:31', 'Pending', NULL),
(909, 14, 'video', 93, '2021-04-10 06:38:45', 'Pending', NULL),
(910, 15, 'unit', 628, '2021-04-10 06:39:07', 'Pending', NULL),
(911, 14, 'video', 94, '2021-04-10 06:39:54', 'Pending', NULL),
(912, 15, 'unit', 629, '2021-04-10 06:39:57', 'Pending', NULL),
(913, 15, 'unit', 630, '2021-04-10 06:41:11', 'Pending', NULL),
(914, 15, 'unit', 631, '2021-04-10 06:42:15', 'Pending', NULL),
(915, 14, 'video', 95, '2021-04-10 06:42:27', 'Pending', NULL),
(916, 15, 'unit', 632, '2021-04-10 06:43:32', 'Pending', NULL),
(917, 14, 'video', 96, '2021-04-10 06:43:57', 'Pending', NULL),
(918, 15, 'unit', 633, '2021-04-10 06:44:27', 'Pending', NULL),
(919, 14, 'video', 97, '2021-04-10 06:44:38', 'Pending', NULL),
(920, 15, 'unit', 634, '2021-04-10 06:45:25', 'Pending', NULL),
(921, 15, 'unit', 635, '2021-04-10 06:46:08', 'Pending', NULL),
(922, 14, 'video', 98, '2021-04-10 06:46:16', 'Pending', NULL),
(923, 15, 'unit', 636, '2021-04-10 06:47:00', 'Pending', NULL),
(924, 14, 'video', 99, '2021-04-10 06:47:11', 'Pending', NULL),
(925, 14, 'video', 100, '2021-04-10 06:48:08', 'Pending', NULL),
(926, 15, 'unit', 637, '2021-04-10 06:48:09', 'Pending', NULL),
(927, 15, 'unit', 638, '2021-04-10 06:48:54', 'Pending', NULL),
(928, 15, 'unit', 639, '2021-04-10 06:49:33', 'Pending', NULL),
(929, 14, 'video', 101, '2021-04-10 06:50:04', 'Pending', NULL),
(930, 14, 'video', 102, '2021-04-10 06:50:44', 'Pending', NULL),
(931, 15, 'unit', 640, '2021-04-10 06:52:47', 'Pending', NULL),
(932, 14, 'video', 103, '2021-04-10 06:54:53', 'Pending', NULL),
(933, 14, 'video', 104, '2021-04-10 06:56:32', 'Pending', NULL),
(934, 14, 'video', 105, '2021-04-10 06:58:14', 'Pending', NULL),
(935, 14, 'video', 106, '2021-04-10 06:59:42', 'Pending', NULL),
(936, 14, 'video', 107, '2021-04-10 07:06:51', 'Pending', NULL),
(937, 15, 'unit', 641, '2021-04-10 07:09:09', 'Pending', NULL),
(938, 15, 'unit', 642, '2021-04-10 07:10:12', 'Pending', NULL),
(939, 15, 'unit', 643, '2021-04-10 07:10:58', 'Pending', NULL),
(940, 15, 'unit', 644, '2021-04-10 07:12:16', 'Pending', NULL),
(941, 15, 'unit', 645, '2021-04-10 07:13:43', 'Pending', NULL),
(942, 14, 'video', 108, '2021-04-10 07:14:30', 'Pending', NULL),
(943, 15, 'unit', 646, '2021-04-10 07:15:00', 'Pending', NULL),
(944, 14, 'video', 109, '2021-04-10 07:15:54', 'Pending', NULL),
(945, 14, 'video', 110, '2021-04-10 07:16:49', 'Pending', NULL),
(946, 14, 'video', 111, '2021-04-10 07:18:16', 'Pending', NULL),
(947, 14, 'video', 112, '2021-04-10 07:19:04', 'Pending', NULL),
(948, 15, 'unit', 647, '2021-04-10 07:30:59', 'Pending', NULL),
(949, 15, 'unit', 648, '2021-04-10 07:31:57', 'Pending', NULL),
(950, 15, 'unit', 649, '2021-04-10 07:32:49', 'Pending', NULL),
(951, 15, 'unit', 650, '2021-04-10 07:34:06', 'Pending', NULL),
(952, 15, 'unit', 651, '2021-04-10 07:35:52', 'Pending', NULL),
(953, 15, 'unit', 652, '2021-04-10 07:37:39', 'Pending', NULL),
(954, 15, 'unit', 653, '2021-04-10 07:41:18', 'Pending', NULL),
(955, 15, 'unit', 654, '2021-04-10 07:42:34', 'Pending', NULL),
(956, 15, 'unit', 655, '2021-04-10 07:44:00', 'Pending', NULL),
(957, 15, 'unit', 656, '2021-04-10 07:45:26', 'Pending', NULL),
(958, 15, 'unit', 657, '2021-04-10 07:46:40', 'Pending', NULL),
(959, 15, 'unit', 658, '2021-04-10 07:47:40', 'Pending', NULL),
(960, 15, 'unit', 659, '2021-04-10 07:48:52', 'Pending', NULL),
(961, 15, 'unit', 660, '2021-04-10 07:49:42', 'Pending', NULL),
(962, 15, 'unit', 661, '2021-04-10 07:50:43', 'Pending', NULL),
(963, 15, 'unit', 662, '2021-04-10 09:41:47', 'Pending', NULL),
(964, 15, 'unit', 663, '2021-04-10 09:42:42', 'Pending', NULL),
(965, 15, 'unit', 664, '2021-04-10 09:43:15', 'Pending', NULL),
(966, 15, 'unit', 665, '2021-04-10 09:44:16', 'Pending', NULL),
(967, 15, 'unit', 666, '2021-04-10 09:45:11', 'Pending', NULL),
(968, 15, 'unit', 667, '2021-04-10 09:46:21', 'Pending', NULL),
(969, 15, 'unit', 668, '2021-04-10 09:47:05', 'Pending', NULL),
(970, 15, 'unit', 669, '2021-04-10 09:48:06', 'Pending', NULL),
(971, 15, 'unit', 670, '2021-04-10 09:48:39', 'Pending', NULL),
(972, 15, 'unit', 671, '2021-04-10 09:49:21', 'Pending', NULL),
(973, 15, 'unit', 672, '2021-04-10 09:49:57', 'Pending', NULL),
(974, 15, 'unit', 673, '2021-04-10 09:51:59', 'Pending', NULL),
(975, 15, 'unit', 674, '2021-04-10 09:52:52', 'Pending', NULL),
(976, 15, 'unit', 675, '2021-04-10 09:53:50', 'Pending', NULL),
(977, 15, 'unit', 676, '2021-04-10 09:54:40', 'Pending', NULL),
(978, 15, 'unit', 677, '2021-04-10 09:55:31', 'Pending', NULL),
(979, 15, 'unit', 678, '2021-04-10 09:56:24', 'Pending', NULL),
(980, 15, 'unit', 679, '2021-04-10 09:57:58', 'Pending', NULL),
(981, 15, 'unit', 680, '2021-04-10 09:59:03', 'Pending', NULL),
(982, 15, 'unit', 681, '2021-04-10 09:59:56', 'Pending', NULL),
(983, 15, 'unit', 682, '2021-04-10 10:00:39', 'Pending', NULL),
(984, 15, 'unit', 683, '2021-04-10 10:04:42', 'Pending', NULL),
(985, 15, 'unit', 684, '2021-04-10 10:06:00', 'Pending', NULL),
(986, 15, 'unit', 685, '2021-04-10 10:06:55', 'Pending', NULL),
(987, 15, 'unit', 686, '2021-04-10 10:07:51', 'Pending', NULL),
(988, 15, 'unit', 687, '2021-04-10 10:09:09', 'Pending', NULL),
(989, 15, 'unit', 688, '2021-04-10 10:10:23', 'Pending', NULL),
(990, 15, 'unit', 689, '2021-04-10 10:29:37', 'Pending', NULL),
(991, 15, 'unit', 690, '2021-04-10 10:30:33', 'Pending', NULL),
(992, 15, 'unit', 691, '2021-04-10 10:31:57', 'Pending', NULL),
(993, 15, 'unit', 692, '2021-04-10 10:33:17', 'Pending', NULL),
(994, 15, 'unit', 693, '2021-04-10 10:34:25', 'Pending', NULL),
(995, 15, 'unit', 694, '2021-04-10 10:35:11', 'Pending', NULL),
(996, 15, 'unit', 695, '2021-04-10 10:36:17', 'Pending', NULL),
(997, 15, 'unit', 696, '2021-04-10 10:37:43', 'Pending', NULL),
(998, 15, 'unit', 697, '2021-04-10 10:37:47', 'Pending', NULL),
(999, 15, 'unit', 698, '2021-04-10 11:07:26', 'Pending', NULL),
(1000, 15, 'unit', 699, '2021-04-10 11:08:08', 'Pending', NULL),
(1001, 15, 'unit', 700, '2021-04-10 11:10:38', 'Pending', NULL),
(1002, 15, 'unit', 701, '2021-04-10 11:11:30', 'Pending', NULL),
(1003, 15, 'unit', 702, '2021-04-10 11:13:10', 'Pending', NULL),
(1004, 15, 'unit', 703, '2021-04-10 11:14:25', 'Pending', NULL),
(1005, 15, 'unit', 704, '2021-04-10 11:15:53', 'Pending', NULL),
(1006, 15, 'unit', 705, '2021-04-10 11:16:47', 'Pending', NULL),
(1007, 15, 'unit', 706, '2021-04-10 11:17:48', 'Pending', NULL),
(1008, 15, 'unit', 707, '2021-04-10 11:18:31', 'Pending', NULL),
(1009, 15, 'unit', 708, '2021-04-10 11:37:17', 'Pending', NULL),
(1010, 15, 'unit', 709, '2021-04-10 11:38:16', 'Pending', NULL),
(1011, 15, 'unit', 710, '2021-04-10 11:39:05', 'Pending', NULL),
(1012, 15, 'unit', 711, '2021-04-10 11:39:55', 'Pending', NULL),
(1013, 15, 'unit', 712, '2021-04-10 11:40:37', 'Pending', NULL),
(1014, 15, 'unit', 713, '2021-04-10 11:41:15', 'Pending', NULL),
(1015, 15, 'unit', 714, '2021-04-10 11:42:42', 'Pending', NULL),
(1016, 15, 'unit', 715, '2021-04-10 11:43:50', 'Pending', NULL),
(1017, 15, 'unit', 716, '2021-04-10 11:44:42', 'Pending', NULL),
(1018, 15, 'unit', 717, '2021-04-10 11:45:45', 'Pending', NULL),
(1019, 15, 'unit', 718, '2021-04-10 11:46:44', 'Pending', NULL),
(1020, 15, 'unit', 719, '2021-04-10 11:47:33', 'Pending', NULL),
(1021, 15, 'unit', 720, '2021-04-10 11:48:20', 'Pending', NULL),
(1022, 15, 'unit', 721, '2021-04-10 11:49:06', 'Pending', NULL),
(1023, 15, 'unit', 722, '2021-04-10 11:49:49', 'Pending', NULL),
(1024, 15, 'unit', 723, '2021-04-10 11:50:25', 'Pending', NULL),
(1025, 15, 'unit', 724, '2021-04-10 11:51:26', 'Pending', NULL),
(1026, 15, 'unit', 725, '2021-04-10 11:52:04', 'Pending', NULL),
(1027, 15, 'unit', 726, '2021-04-10 11:53:36', 'Pending', NULL),
(1028, 15, 'unit', 727, '2021-04-10 12:10:50', 'Pending', NULL),
(1029, 15, 'unit', 728, '2021-04-10 12:12:07', 'Pending', NULL),
(1030, 15, 'unit', 729, '2021-04-10 12:13:09', 'Pending', NULL),
(1031, 15, 'unit', 730, '2021-04-10 12:13:50', 'Pending', NULL),
(1032, 15, 'unit', 731, '2021-04-10 12:14:39', 'Pending', NULL),
(1033, 15, 'unit', 732, '2021-04-10 12:15:52', 'Pending', NULL),
(1034, 15, 'unit', 733, '2021-04-10 12:16:47', 'Pending', NULL),
(1035, 15, 'unit', 734, '2021-04-10 12:17:34', 'Pending', NULL),
(1036, 15, 'unit', 735, '2021-04-10 12:18:34', 'Pending', NULL),
(1037, 15, 'unit', 736, '2021-04-10 12:19:15', 'Pending', NULL),
(1038, 15, 'unit', 737, '2021-04-10 12:20:49', 'Pending', NULL),
(1039, 15, 'unit', 738, '2021-04-10 12:21:40', 'Pending', NULL),
(1040, 15, 'unit', 739, '2021-04-10 12:23:36', 'Pending', NULL),
(1041, 15, 'unit', 740, '2021-04-10 12:24:33', 'Pending', NULL),
(1042, 15, 'unit', 741, '2021-04-10 12:25:03', 'Pending', NULL),
(1043, 15, 'unit', 742, '2021-04-10 12:25:47', 'Pending', NULL),
(1044, 15, 'unit', 743, '2021-04-10 12:26:48', 'Pending', NULL),
(1045, 15, 'unit', 744, '2021-04-10 12:27:35', 'Pending', NULL),
(1046, 15, 'unit', 745, '2021-04-10 12:28:17', 'Pending', NULL),
(1047, 15, 'unit', 746, '2021-04-10 12:29:14', 'Pending', NULL),
(1048, 15, 'unit', 747, '2021-04-10 12:30:24', 'Pending', NULL),
(1049, 15, 'unit', 748, '2021-04-10 12:31:17', 'Pending', NULL),
(1050, 15, 'unit', 749, '2021-04-10 12:32:27', 'Pending', NULL),
(1051, 15, 'unit', 750, '2021-04-11 00:11:06', 'Pending', NULL),
(1052, 15, 'unit', 751, '2021-04-11 00:12:17', 'Pending', NULL),
(1053, 15, 'unit', 752, '2021-04-11 00:17:13', 'Pending', NULL),
(1054, 15, 'unit', 753, '2021-04-11 00:19:32', 'Pending', NULL),
(1055, 15, 'unit', 754, '2021-04-11 00:23:05', 'Pending', NULL),
(1056, 15, 'unit', 755, '2021-04-11 00:25:11', 'Pending', NULL),
(1057, 15, 'unit', 756, '2021-04-11 00:26:19', 'Pending', NULL),
(1058, 15, 'unit', 757, '2021-04-11 00:26:55', 'Pending', NULL),
(1059, 15, 'unit', 758, '2021-04-11 00:27:35', 'Pending', NULL),
(1060, 15, 'unit', 759, '2021-04-11 05:19:58', 'Pending', NULL),
(1061, 15, 'unit', 760, '2021-04-11 05:24:49', 'Pending', NULL),
(1062, 15, 'unit', 761, '2021-04-11 05:25:41', 'Pending', NULL),
(1063, 15, 'unit', 762, '2021-04-11 05:26:28', 'Pending', NULL),
(1064, 15, 'unit', 763, '2021-04-11 05:28:04', 'Pending', NULL),
(1065, 15, 'unit', 764, '2021-04-11 05:29:39', 'Pending', NULL),
(1066, 15, 'unit', 765, '2021-04-11 05:30:18', 'Pending', NULL),
(1067, 15, 'unit', 766, '2021-04-11 05:30:41', 'Pending', NULL),
(1068, 15, 'unit', 767, '2021-04-11 05:32:00', 'Pending', NULL),
(1069, 15, 'unit', 768, '2021-04-11 05:32:28', 'Pending', NULL),
(1070, 15, 'unit', 769, '2021-04-11 05:33:44', 'Pending', NULL),
(1071, 15, 'unit', 770, '2021-04-11 05:34:43', 'Pending', NULL),
(1072, 15, 'unit', 771, '2021-04-11 05:35:55', 'Pending', NULL),
(1073, 15, 'unit', 772, '2021-04-11 05:37:39', 'Pending', NULL),
(1074, 15, 'unit', 773, '2021-04-11 05:38:27', 'Pending', NULL),
(1075, 15, 'unit', 774, '2021-04-11 05:40:51', 'Pending', NULL),
(1076, 15, 'unit', 775, '2021-04-11 05:42:56', 'Pending', NULL),
(1077, 15, 'unit', 776, '2021-04-11 05:44:12', 'Pending', NULL),
(1078, 15, 'unit', 777, '2021-04-11 05:45:14', 'Pending', NULL),
(1079, 15, 'unit', 778, '2021-04-11 05:46:16', 'Pending', NULL),
(1080, 15, 'unit', 779, '2021-04-11 05:47:01', 'Pending', NULL),
(1081, 15, 'unit', 780, '2021-04-11 05:47:25', 'Pending', NULL),
(1082, 15, 'unit', 781, '2021-04-11 05:48:36', 'Pending', NULL),
(1083, 15, 'unit', 782, '2021-04-11 05:49:48', 'Pending', NULL),
(1084, 15, 'unit', 783, '2021-04-11 05:51:05', 'Pending', NULL),
(1085, 15, 'unit', 784, '2021-04-11 05:51:53', 'Pending', NULL),
(1086, 15, 'unit', 785, '2021-04-11 05:52:30', 'Pending', NULL),
(1087, 15, 'unit', 786, '2021-04-11 05:53:54', 'Pending', NULL),
(1088, 15, 'unit', 787, '2021-04-11 05:54:25', 'Pending', NULL),
(1089, 15, 'unit', 788, '2021-04-11 05:55:04', 'Pending', NULL),
(1090, 15, 'unit', 789, '2021-04-11 05:57:01', 'Pending', NULL),
(1091, 15, 'unit', 790, '2021-04-11 05:57:24', 'Pending', NULL),
(1092, 15, 'unit', 791, '2021-04-11 05:57:56', 'Pending', NULL),
(1093, 15, 'unit', 792, '2021-04-11 05:59:55', 'Pending', NULL),
(1094, 15, 'unit', 793, '2021-04-11 06:02:07', 'Pending', NULL),
(1095, 15, 'unit', 794, '2021-04-11 06:03:21', 'Pending', NULL),
(1096, 15, 'unit', 795, '2021-04-11 06:04:03', 'Pending', NULL),
(1097, 15, 'unit', 796, '2021-04-11 06:05:42', 'Pending', NULL),
(1098, 15, 'unit', 797, '2021-04-11 06:06:14', 'Pending', NULL),
(1099, 15, 'unit', 798, '2021-04-11 06:08:35', 'Pending', NULL),
(1100, 15, 'unit', 799, '2021-04-11 06:09:16', 'Pending', NULL),
(1101, 15, 'unit', 800, '2021-04-11 06:09:45', 'Pending', NULL),
(1102, 15, 'unit', 801, '2021-04-11 06:10:33', 'Pending', NULL),
(1103, 15, 'unit', 802, '2021-04-11 06:12:43', 'Pending', NULL),
(1104, 15, 'unit', 803, '2021-04-11 06:13:25', 'Pending', NULL),
(1105, 15, 'unit', 804, '2021-04-11 06:14:07', 'Pending', NULL),
(1106, 15, 'unit', 805, '2021-04-11 06:14:35', 'Pending', NULL),
(1107, 15, 'unit', 806, '2021-04-11 06:15:13', 'Pending', NULL),
(1108, 15, 'unit', 807, '2021-04-11 06:16:40', 'Pending', NULL),
(1109, 15, 'unit', 808, '2021-04-11 06:17:26', 'Pending', NULL),
(1110, 15, 'unit', 809, '2021-04-11 06:17:59', 'Pending', NULL),
(1111, 15, 'unit', 810, '2021-04-11 06:18:37', 'Pending', NULL),
(1112, 15, 'unit', 811, '2021-04-11 06:20:17', 'Pending', NULL),
(1113, 15, 'unit', 812, '2021-04-11 06:20:50', 'Pending', NULL),
(1114, 15, 'unit', 813, '2021-04-11 06:21:22', 'Pending', NULL),
(1115, 15, 'unit', 814, '2021-04-11 06:21:46', 'Pending', NULL),
(1116, 15, 'unit', 815, '2021-04-11 06:22:15', 'Pending', NULL),
(1117, 15, 'unit', 816, '2021-04-11 06:24:31', 'Pending', NULL),
(1118, 15, 'unit', 817, '2021-04-11 06:26:14', 'Pending', NULL),
(1119, 15, 'unit', 818, '2021-04-11 06:26:48', 'Pending', NULL),
(1120, 15, 'unit', 819, '2021-04-11 06:27:15', 'Pending', NULL),
(1121, 15, 'unit', 820, '2021-04-11 06:27:41', 'Pending', NULL),
(1122, 15, 'unit', 821, '2021-04-11 06:29:08', 'Pending', NULL),
(1123, 15, 'unit', 822, '2021-04-11 06:30:28', 'Pending', NULL),
(1124, 15, 'unit', 823, '2021-04-11 06:31:42', 'Pending', NULL),
(1125, 15, 'unit', 824, '2021-04-11 06:32:50', 'Pending', NULL),
(1126, 15, 'unit', 825, '2021-04-11 06:34:14', 'Pending', NULL),
(1127, 15, 'unit', 826, '2021-04-11 06:35:42', 'Pending', NULL),
(1128, 15, 'unit', 827, '2021-04-11 06:36:26', 'Pending', NULL),
(1129, 15, 'unit', 828, '2021-04-11 06:37:50', 'Pending', NULL),
(1130, 15, 'unit', 829, '2021-04-11 06:39:26', 'Pending', NULL),
(1131, 15, 'unit', 830, '2021-04-11 06:40:48', 'Pending', NULL),
(1132, 15, 'unit', 831, '2021-04-11 06:41:37', 'Pending', NULL),
(1133, 15, 'unit', 832, '2021-04-11 06:43:02', 'Pending', NULL),
(1134, 15, 'unit', 833, '2021-04-11 06:44:22', 'Pending', NULL),
(1135, 15, 'unit', 834, '2021-04-11 06:44:54', 'Pending', NULL),
(1136, 15, 'unit', 835, '2021-04-11 06:45:38', 'Pending', NULL),
(1137, 15, 'unit', 836, '2021-04-11 06:47:08', 'Pending', NULL),
(1138, 15, 'unit', 837, '2021-04-11 06:47:40', 'Pending', NULL),
(1139, 15, 'unit', 838, '2021-04-11 06:48:22', 'Pending', NULL),
(1140, 15, 'unit', 839, '2021-04-11 06:49:25', 'Pending', NULL),
(1141, 15, 'unit', 840, '2021-04-11 06:49:26', 'Pending', NULL),
(1142, 15, 'unit', 841, '2021-04-11 07:18:27', 'Pending', NULL),
(1143, 15, 'unit', 842, '2021-04-11 07:19:25', 'Pending', NULL),
(1144, 15, 'unit', 843, '2021-04-11 07:20:01', 'Pending', NULL),
(1145, 15, 'unit', 844, '2021-04-11 07:20:44', 'Pending', NULL),
(1146, 15, 'unit', 845, '2021-04-11 07:21:17', 'Pending', NULL),
(1147, 15, 'unit', 846, '2021-04-11 07:27:38', 'Pending', NULL),
(1148, 15, 'unit', 847, '2021-04-11 07:28:09', 'Pending', NULL),
(1149, 15, 'unit', 848, '2021-04-11 07:28:54', 'Pending', NULL),
(1150, 15, 'unit', 849, '2021-04-11 07:30:02', 'Pending', NULL),
(1151, 15, 'unit', 850, '2021-04-11 07:31:46', 'Pending', NULL),
(1152, 15, 'unit', 851, '2021-04-11 07:32:24', 'Pending', NULL),
(1153, 15, 'unit', 852, '2021-04-11 07:33:54', 'Pending', NULL),
(1154, 15, 'unit', 853, '2021-04-11 07:33:54', 'Pending', NULL),
(1155, 15, 'unit', 854, '2021-04-11 07:34:38', 'Pending', NULL),
(1156, 15, 'unit', 855, '2021-04-11 07:36:20', 'Pending', NULL),
(1157, 15, 'unit', 856, '2021-04-11 07:45:23', 'Pending', NULL),
(1158, 15, 'unit', 857, '2021-04-11 07:46:25', 'Pending', NULL),
(1159, 15, 'unit', 858, '2021-04-11 07:47:40', 'Pending', NULL),
(1160, 15, 'unit', 859, '2021-04-11 07:48:31', 'Pending', NULL),
(1161, 15, 'unit', 860, '2021-04-11 07:53:00', 'Pending', NULL),
(1162, 15, 'unit', 861, '2021-04-11 07:55:12', 'Pending', NULL),
(1163, 15, 'unit', 862, '2021-04-11 07:56:08', 'Pending', NULL),
(1164, 15, 'unit', 863, '2021-04-11 07:56:47', 'Pending', NULL),
(1165, 15, 'unit', 864, '2021-04-11 07:57:38', 'Pending', NULL),
(1166, 15, 'unit', 865, '2021-04-11 07:59:11', 'Pending', NULL),
(1167, 15, 'unit', 866, '2021-04-11 08:00:21', 'Pending', NULL),
(1168, 15, 'unit', 867, '2021-04-11 08:01:31', 'Pending', NULL),
(1169, 15, 'unit', 868, '2021-04-11 08:02:12', 'Pending', NULL),
(1170, 15, 'unit', 869, '2021-04-11 08:04:35', 'Pending', NULL),
(1171, 15, 'unit', 870, '2021-04-11 08:05:19', 'Pending', NULL),
(1172, 15, 'unit', 871, '2021-04-11 08:06:26', 'Pending', NULL),
(1173, 15, 'unit', 872, '2021-04-11 08:07:02', 'Pending', NULL),
(1174, 15, 'unit', 873, '2021-04-11 08:07:46', 'Pending', NULL),
(1175, 15, 'unit', 874, '2021-04-11 08:08:11', 'Pending', NULL),
(1176, 15, 'unit', 875, '2021-04-11 08:08:37', 'Pending', NULL),
(1177, 15, 'unit', 876, '2021-04-11 08:10:28', 'Pending', NULL),
(1178, 15, 'unit', 877, '2021-04-11 08:10:57', 'Pending', NULL),
(1179, 15, 'unit', 878, '2021-04-11 08:14:00', 'Pending', NULL),
(1180, 15, 'unit', 879, '2021-04-11 08:14:55', 'Pending', NULL),
(1181, 15, 'unit', 880, '2021-04-11 08:15:51', 'Pending', NULL),
(1182, 15, 'unit', 881, '2021-04-11 08:16:54', 'Pending', NULL),
(1183, 15, 'unit', 882, '2021-04-11 08:18:12', 'Pending', NULL),
(1184, 15, 'unit', 883, '2021-04-11 08:19:03', 'Pending', NULL),
(1185, 15, 'unit', 884, '2021-04-11 08:19:45', 'Pending', NULL),
(1186, 15, 'unit', 885, '2021-04-11 08:20:15', 'Pending', NULL),
(1187, 15, 'unit', 886, '2021-04-11 08:21:30', 'Pending', NULL),
(1188, 15, 'unit', 887, '2021-04-11 08:23:15', 'Pending', NULL),
(1189, 15, 'unit', 888, '2021-04-11 08:23:58', 'Pending', NULL),
(1190, 15, 'unit', 889, '2021-04-11 08:24:51', 'Pending', NULL),
(1191, 15, 'unit', 890, '2021-04-11 08:25:43', 'Pending', NULL),
(1192, 15, 'unit', 891, '2021-04-11 08:26:30', 'Pending', NULL),
(1193, 15, 'unit', 892, '2021-04-11 08:27:27', 'Pending', NULL),
(1194, 15, 'unit', 893, '2021-04-11 08:28:13', 'Pending', NULL),
(1195, 15, 'unit', 894, '2021-04-11 08:29:04', 'Pending', NULL),
(1196, 15, 'unit', 895, '2021-04-11 08:29:27', 'Pending', NULL),
(1197, 15, 'unit', 896, '2021-04-11 08:30:33', 'Pending', NULL),
(1198, 15, 'unit', 897, '2021-04-11 08:31:39', 'Pending', NULL),
(1199, 15, 'unit', 898, '2021-04-11 08:32:23', 'Pending', NULL),
(1200, 15, 'unit', 899, '2021-04-11 08:33:43', 'Pending', NULL),
(1201, 15, 'unit', 900, '2021-04-11 08:35:03', 'Pending', NULL),
(1202, 15, 'unit', 901, '2021-04-11 08:35:23', 'Pending', NULL),
(1203, 15, 'unit', 902, '2021-04-11 10:23:07', 'Pending', NULL),
(1204, 15, 'unit', 903, '2021-04-11 10:23:42', 'Pending', NULL),
(1205, 15, 'unit', 904, '2021-04-11 10:24:11', 'Pending', NULL),
(1206, 15, 'unit', 905, '2021-04-11 10:24:52', 'Pending', NULL),
(1207, 15, 'unit', 906, '2021-04-11 10:25:21', 'Pending', NULL),
(1208, 15, 'unit', 907, '2021-04-11 10:27:34', 'Pending', NULL),
(1209, 15, 'unit', 908, '2021-04-11 10:28:14', 'Pending', NULL),
(1210, 15, 'unit', 909, '2021-04-11 10:28:44', 'Pending', NULL),
(1211, 15, 'unit', 910, '2021-04-11 10:29:10', 'Pending', NULL),
(1212, 15, 'unit', 911, '2021-04-11 10:30:25', 'Pending', NULL),
(1213, 15, 'unit', 912, '2021-04-11 10:31:08', 'Pending', NULL),
(1214, 15, 'unit', 913, '2021-04-11 10:31:48', 'Pending', NULL),
(1215, 15, 'unit', 914, '2021-04-11 10:32:33', 'Pending', NULL),
(1216, 15, 'unit', 915, '2021-04-11 10:34:27', 'Pending', NULL),
(1217, 15, 'unit', 916, '2021-04-11 10:35:08', 'Pending', NULL),
(1218, 15, 'unit', 917, '2021-04-11 10:35:44', 'Pending', NULL),
(1219, 15, 'unit', 918, '2021-04-11 10:36:28', 'Pending', NULL),
(1220, 15, 'unit', 919, '2021-04-11 10:36:52', 'Pending', NULL),
(1221, 15, 'unit', 920, '2021-04-11 10:37:19', 'Pending', NULL),
(1222, 15, 'unit', 921, '2021-04-11 10:38:46', 'Pending', NULL),
(1223, 15, 'unit', 922, '2021-04-11 10:40:55', 'Pending', NULL),
(1224, 15, 'unit', 923, '2021-04-11 10:41:49', 'Pending', NULL),
(1225, 15, 'unit', 924, '2021-04-11 10:43:15', 'Pending', NULL),
(1226, 15, 'unit', 925, '2021-04-11 10:44:50', 'Pending', NULL),
(1227, 15, 'unit', 926, '2021-04-11 10:45:49', 'Pending', NULL),
(1228, 15, 'unit', 927, '2021-04-11 10:46:32', 'Pending', NULL),
(1229, 15, 'unit', 928, '2021-04-11 10:48:10', 'Pending', NULL),
(1230, 15, 'unit', 929, '2021-04-11 10:49:34', 'Pending', NULL),
(1231, 15, 'unit', 930, '2021-04-11 10:50:09', 'Pending', NULL),
(1232, 15, 'unit', 931, '2021-04-11 10:50:48', 'Pending', NULL),
(1233, 15, 'unit', 932, '2021-04-11 10:51:32', 'Pending', NULL),
(1234, 15, 'unit', 933, '2021-04-11 10:55:26', 'Pending', NULL),
(1235, 15, 'unit', 934, '2021-04-11 10:57:43', 'Pending', NULL),
(1236, 15, 'unit', 935, '2021-04-11 10:59:20', 'Pending', NULL),
(1237, 15, 'unit', 936, '2021-04-11 11:00:24', 'Pending', NULL),
(1238, 15, 'unit', 937, '2021-04-11 11:01:34', 'Pending', NULL),
(1239, 15, 'unit', 938, '2021-04-11 11:02:04', 'Pending', NULL),
(1240, 15, 'unit', 939, '2021-04-11 11:02:32', 'Pending', NULL),
(1241, 15, 'unit', 940, '2021-04-11 11:03:49', 'Pending', NULL),
(1242, 15, 'unit', 941, '2021-04-11 11:04:45', 'Pending', NULL),
(1243, 15, 'unit', 942, '2021-04-11 11:05:14', 'Pending', NULL),
(1244, 15, 'unit', 943, '2021-04-11 11:05:54', 'Pending', NULL),
(1245, 15, 'unit', 944, '2021-04-11 11:06:42', 'Pending', NULL),
(1246, 15, 'unit', 945, '2021-04-11 11:07:27', 'Pending', NULL),
(1247, 15, 'unit', 946, '2021-04-11 11:07:58', 'Pending', NULL),
(1248, 15, 'unit', 947, '2021-04-11 11:09:45', 'Pending', NULL),
(1249, 15, 'unit', 948, '2021-04-11 11:10:09', 'Pending', NULL),
(1250, 15, 'unit', 949, '2021-04-11 11:10:49', 'Pending', NULL),
(1251, 15, 'unit', 950, '2021-04-11 11:11:33', 'Pending', NULL),
(1252, 15, 'unit', 951, '2021-04-11 11:12:24', 'Pending', NULL),
(1253, 15, 'unit', 952, '2021-04-11 11:13:39', 'Pending', NULL),
(1254, 15, 'unit', 953, '2021-04-11 11:19:13', 'Pending', NULL),
(1255, 15, 'unit', 954, '2021-04-11 11:19:57', 'Pending', NULL),
(1256, 15, 'unit', 955, '2021-04-11 11:20:47', 'Pending', NULL),
(1257, 15, 'unit', 956, '2021-04-11 11:22:37', 'Pending', NULL),
(1258, 15, 'unit', 957, '2021-04-11 11:23:51', 'Pending', NULL),
(1259, 15, 'unit', 958, '2021-04-11 11:24:20', 'Pending', NULL),
(1260, 15, 'unit', 959, '2021-04-11 11:25:23', 'Pending', NULL),
(1261, 15, 'unit', 960, '2021-04-11 11:25:50', 'Pending', NULL),
(1262, 15, 'unit', 961, '2021-04-11 11:26:18', 'Pending', NULL),
(1263, 15, 'unit', 962, '2021-04-11 11:26:44', 'Pending', NULL),
(1264, 15, 'unit', 963, '2021-04-11 11:27:11', 'Pending', NULL),
(1265, 15, 'unit', 964, '2021-04-11 11:27:47', 'Pending', NULL),
(1266, 15, 'unit', 965, '2021-04-11 11:28:17', 'Pending', NULL),
(1267, 15, 'unit', 966, '2021-04-11 11:28:58', 'Pending', NULL),
(1268, 15, 'unit', 967, '2021-04-11 11:37:03', 'Pending', NULL),
(1269, 15, 'unit', 968, '2021-04-11 11:37:35', 'Pending', NULL),
(1270, 15, 'unit', 969, '2021-04-11 11:38:09', 'Pending', NULL),
(1271, 15, 'unit', 970, '2021-04-11 11:38:48', 'Pending', NULL),
(1272, 15, 'unit', 971, '2021-04-11 11:39:23', 'Pending', NULL),
(1273, 15, 'unit', 972, '2021-04-11 11:42:22', 'Pending', NULL),
(1274, 15, 'unit', 973, '2021-04-11 11:44:00', 'Pending', NULL),
(1275, 15, 'unit', 974, '2021-04-11 11:45:47', 'Pending', NULL),
(1276, 15, 'unit', 975, '2021-04-11 11:46:26', 'Pending', NULL),
(1277, 15, 'unit', 976, '2021-04-11 11:47:20', 'Pending', NULL),
(1278, 15, 'unit', 977, '2021-04-11 11:48:10', 'Pending', NULL),
(1279, 15, 'unit', 978, '2021-04-11 11:48:33', 'Pending', NULL),
(1280, 15, 'unit', 979, '2021-04-11 11:49:16', 'Pending', NULL),
(1281, 15, 'unit', 980, '2021-04-11 11:49:41', 'Pending', NULL),
(1282, 15, 'unit', 981, '2021-04-11 11:50:04', 'Pending', NULL),
(1283, 15, 'unit', 982, '2021-04-11 11:51:50', 'Pending', NULL),
(1284, 15, 'unit', 983, '2021-04-11 11:52:39', 'Pending', NULL),
(1285, 15, 'unit', 984, '2021-04-11 11:53:12', 'Pending', NULL),
(1286, 15, 'unit', 985, '2021-04-11 11:53:47', 'Pending', NULL),
(1287, 15, 'unit', 986, '2021-04-11 11:56:08', 'Pending', NULL),
(1288, 15, 'unit', 987, '2021-04-11 11:56:41', 'Pending', NULL),
(1289, 15, 'unit', 988, '2021-04-11 11:57:36', 'Pending', NULL),
(1290, 15, 'unit', 989, '2021-04-11 11:57:54', 'Pending', NULL),
(1291, 15, 'unit', 990, '2021-04-11 11:58:10', 'Pending', NULL),
(1292, 15, 'unit', 991, '2021-04-11 11:58:33', 'Pending', NULL),
(1293, 1, 'permission', 86, '2021-04-11 16:57:17', 'Pending', NULL),
(1294, 1, 'permission', 91, '2021-04-11 17:00:21', 'Pending', NULL),
(1295, 1, 'permission', 96, '2021-04-11 17:00:32', 'Pending', NULL),
(1296, 1, 'permission', 101, '2021-04-11 17:00:35', 'Pending', NULL),
(1297, 1, 'permission', 106, '2021-04-11 17:00:44', 'Pending', NULL),
(1298, 1, 'permission', 111, '2021-04-11 17:00:49', 'Pending', NULL),
(1299, 1, 'permission', 116, '2021-04-11 17:00:56', 'Pending', NULL),
(1300, 1, 'permission', 121, '2021-04-11 17:08:06', 'Pending', NULL),
(1301, 14, 'video', 113, '2021-04-12 03:23:27', 'Pending', NULL),
(1302, 14, 'video', 114, '2021-04-12 03:24:37', 'Pending', NULL),
(1303, 14, 'video', 115, '2021-04-12 03:26:37', 'Pending', NULL),
(1304, 14, 'video', 116, '2021-04-12 03:27:18', 'Pending', NULL),
(1305, 14, 'video', 117, '2021-04-12 03:29:19', 'Pending', NULL),
(1306, 14, 'video', 118, '2021-04-12 03:30:17', 'Pending', NULL),
(1307, 14, 'video', 119, '2021-04-12 03:31:08', 'Pending', NULL),
(1308, 14, 'video', 120, '2021-04-12 03:33:39', 'Pending', NULL),
(1309, 14, 'video', 121, '2021-04-12 03:34:49', 'Pending', NULL),
(1310, 14, 'video', 122, '2021-04-12 03:36:16', 'Pending', NULL),
(1311, 14, 'video', 123, '2021-04-12 03:37:28', 'Pending', NULL),
(1312, 14, 'video', 124, '2021-04-12 03:38:08', 'Pending', NULL),
(1313, 14, 'video', 125, '2021-04-12 03:39:08', 'Pending', NULL),
(1314, 14, 'video', 126, '2021-04-12 03:40:46', 'Pending', NULL),
(1315, 14, 'video', 127, '2021-04-12 03:41:55', 'Pending', NULL),
(1316, 14, 'video', 128, '2021-04-12 03:42:34', 'Pending', NULL),
(1317, 14, 'video', 129, '2021-04-12 03:44:17', 'Pending', NULL),
(1318, 14, 'video', 130, '2021-04-12 03:45:24', 'Pending', NULL),
(1319, 14, 'video', 131, '2021-04-12 03:47:03', 'Pending', NULL),
(1320, 14, 'video', 132, '2021-04-12 03:47:48', 'Pending', NULL),
(1321, 14, 'video', 133, '2021-04-12 03:48:33', 'Pending', NULL),
(1322, 14, 'video', 134, '2021-04-12 03:49:39', 'Pending', NULL),
(1323, 14, 'video', 135, '2021-04-12 03:50:20', 'Pending', NULL),
(1324, 14, 'video', 136, '2021-04-12 03:50:57', 'Pending', NULL),
(1325, 14, 'video', 137, '2021-04-12 03:51:57', 'Pending', NULL),
(1326, 14, 'video', 138, '2021-04-12 03:53:08', 'Pending', NULL),
(1327, 14, 'video', 139, '2021-04-12 03:59:20', 'Pending', NULL),
(1328, 14, 'video', 140, '2021-04-12 04:00:14', 'Pending', NULL),
(1329, 14, 'video', 141, '2021-04-12 04:01:13', 'Pending', NULL),
(1330, 14, 'video', 142, '2021-04-12 04:02:11', 'Pending', NULL),
(1331, 14, 'video', 143, '2021-04-12 04:03:01', 'Pending', NULL),
(1332, 15, 'unit', 992, '2021-04-12 04:03:53', 'Pending', NULL),
(1333, 15, 'unit', 993, '2021-04-12 04:05:06', 'Pending', NULL),
(1334, 14, 'video', 144, '2021-04-12 04:05:52', 'Pending', NULL),
(1335, 15, 'unit', 994, '2021-04-12 04:06:52', 'Pending', NULL),
(1336, 14, 'video', 145, '2021-04-12 04:07:14', 'Pending', NULL),
(1337, 14, 'video', 146, '2021-04-12 04:09:56', 'Pending', NULL),
(1338, 15, 'unit', 995, '2021-04-12 04:10:17', 'Pending', NULL),
(1339, 14, 'video', 147, '2021-04-12 04:11:00', 'Pending', NULL),
(1340, 15, 'unit', 996, '2021-04-12 04:11:38', 'Pending', NULL),
(1341, 14, 'video', 148, '2021-04-12 04:13:10', 'Pending', NULL),
(1342, 15, 'unit', 997, '2021-04-12 04:13:58', 'Pending', NULL),
(1343, 14, 'video', 149, '2021-04-12 04:14:27', 'Pending', NULL),
(1344, 14, 'video', 150, '2021-04-12 04:15:21', 'Pending', NULL),
(1345, 15, 'unit', 998, '2021-04-12 04:15:23', 'Pending', NULL),
(1346, 15, 'unit', 999, '2021-04-12 04:16:29', 'Pending', NULL),
(1347, 14, 'video', 151, '2021-04-12 04:16:52', 'Pending', NULL),
(1348, 15, 'unit', 1000, '2021-04-12 04:17:50', 'Pending', NULL),
(1349, 1, 'semester', 63, '2021-04-12 04:17:59', 'Pending', NULL),
(1350, 14, 'video', 152, '2021-04-12 04:18:26', 'Pending', NULL),
(1351, 15, 'unit', 1001, '2021-04-12 04:19:02', 'Pending', NULL),
(1352, 14, 'video', 153, '2021-04-12 04:19:25', 'Pending', NULL),
(1353, 1, 'semester', 64, '2021-04-12 04:19:26', 'Pending', NULL),
(1354, 14, 'video', 154, '2021-04-12 04:20:18', 'Pending', NULL),
(1355, 15, 'unit', 1002, '2021-04-12 04:20:40', 'Pending', NULL),
(1356, 15, 'unit', 1003, '2021-04-12 04:21:39', 'Pending', NULL),
(1357, 15, 'unit', 1004, '2021-04-12 04:22:43', 'Pending', NULL),
(1358, 1, 'subject', 125, '2021-04-12 04:23:07', 'Pending', NULL),
(1359, 15, 'unit', 1005, '2021-04-12 04:24:08', 'Pending', NULL),
(1360, 1, 'subject', 126, '2021-04-12 04:24:47', 'Pending', NULL),
(1361, 15, 'unit', 1006, '2021-04-12 04:25:06', 'Pending', NULL),
(1362, 1, 'subject', 127, '2021-04-12 04:25:24', 'Pending', NULL),
(1363, 15, 'unit', 1007, '2021-04-12 04:25:57', 'Pending', NULL),
(1364, 15, 'unit', 1008, '2021-04-12 04:26:52', 'Pending', NULL),
(1365, 15, 'unit', 1009, '2021-04-12 04:29:50', 'Pending', NULL),
(1366, 15, 'unit', 1010, '2021-04-12 04:31:22', 'Pending', NULL),
(1367, 15, 'unit', 1011, '2021-04-12 04:32:14', 'Pending', NULL),
(1368, 14, 'video', 155, '2021-04-12 04:44:09', 'Pending', NULL),
(1369, 14, 'video', 156, '2021-04-12 04:45:30', 'Pending', NULL),
(1370, 14, 'video', 157, '2021-04-12 04:46:27', 'Pending', NULL),
(1371, 14, 'video', 158, '2021-04-12 04:48:05', 'Pending', NULL),
(1372, 14, 'video', 159, '2021-04-12 04:48:46', 'Pending', NULL),
(1373, 15, 'unit', 1012, '2021-04-12 04:49:58', 'Pending', NULL),
(1374, 14, 'video', 160, '2021-04-12 04:50:35', 'Pending', NULL),
(1375, 15, 'unit', 1013, '2021-04-12 04:50:50', 'Pending', NULL),
(1376, 14, 'video', 161, '2021-04-12 04:51:25', 'Pending', NULL),
(1377, 15, 'unit', 1014, '2021-04-12 04:51:39', 'Pending', NULL),
(1378, 14, 'video', 162, '2021-04-12 04:52:15', 'Pending', NULL),
(1379, 14, 'video', 163, '2021-04-12 04:53:04', 'Pending', NULL),
(1380, 20, 'book', 57, '2021-04-12 05:02:16', 'Pending', NULL),
(1381, 20, 'book', 58, '2021-04-12 05:02:33', 'Pending', NULL),
(1382, 20, 'book', 59, '2021-04-12 05:02:36', 'Pending', NULL),
(1383, 15, 'unit', 1015, '2021-04-12 05:12:24', 'Pending', NULL),
(1384, 15, 'unit', 1016, '2021-04-12 05:14:54', 'Pending', NULL),
(1385, 15, 'unit', 1017, '2021-04-12 05:15:43', 'Pending', NULL),
(1386, 15, 'unit', 1018, '2021-04-12 05:16:31', 'Pending', NULL),
(1387, 15, 'unit', 1019, '2021-04-12 05:17:24', 'Pending', NULL),
(1388, 15, 'unit', 1020, '2021-04-12 05:18:26', 'Pending', NULL),
(1389, 15, 'unit', 1021, '2021-04-12 05:19:23', 'Pending', NULL),
(1390, 15, 'unit', 1022, '2021-04-12 05:20:53', 'Pending', NULL),
(1391, 15, 'unit', 1023, '2021-04-12 05:21:55', 'Pending', NULL),
(1392, 17, 'book', 60, '2021-04-12 05:22:58', 'Pending', NULL),
(1393, 15, 'unit', 1024, '2021-04-12 05:23:08', 'Pending', NULL),
(1394, 15, 'unit', 1025, '2021-04-12 05:24:11', 'Pending', NULL),
(1395, 15, 'unit', 1026, '2021-04-12 05:25:19', 'Pending', NULL),
(1396, 17, 'book', 61, '2021-04-12 05:25:23', 'Pending', NULL),
(1397, 15, 'unit', 1027, '2021-04-12 05:26:17', 'Pending', NULL),
(1398, 15, 'unit', 1028, '2021-04-12 05:28:23', 'Pending', NULL),
(1399, 15, 'unit', 1029, '2021-04-12 05:30:25', 'Pending', NULL),
(1400, 17, 'book', 62, '2021-04-12 05:30:50', 'Pending', NULL),
(1401, 15, 'unit', 1030, '2021-04-12 05:31:07', 'Pending', NULL),
(1402, 15, 'unit', 1031, '2021-04-12 05:31:56', 'Pending', NULL),
(1403, 14, 'video', 164, '2021-04-12 05:33:28', 'Pending', NULL),
(1404, 15, 'unit', 1032, '2021-04-12 05:33:46', 'Pending', NULL),
(1405, 17, 'book', 63, '2021-04-12 05:34:14', 'Pending', NULL),
(1406, 14, 'video', 165, '2021-04-12 05:34:25', 'Pending', NULL),
(1407, 15, 'unit', 1033, '2021-04-12 05:34:37', 'Pending', NULL),
(1408, 15, 'unit', 1034, '2021-04-12 05:35:29', 'Pending', NULL),
(1409, 17, 'book', 64, '2021-04-12 05:35:37', 'Pending', NULL),
(1410, 14, 'video', 166, '2021-04-12 05:36:09', 'Pending', NULL),
(1411, 15, 'unit', 1035, '2021-04-12 05:36:20', 'Pending', NULL),
(1412, 15, 'unit', 1036, '2021-04-12 05:37:05', 'Pending', NULL),
(1413, 15, 'unit', 1037, '2021-04-12 05:37:50', 'Pending', NULL),
(1414, 15, 'unit', 1038, '2021-04-12 05:38:35', 'Pending', NULL),
(1415, 15, 'unit', 1039, '2021-04-12 05:39:21', 'Pending', NULL),
(1416, 17, 'book', 65, '2021-04-12 05:40:04', 'Pending', NULL),
(1417, 15, 'unit', 1040, '2021-04-12 05:40:08', 'Pending', NULL),
(1418, 15, 'unit', 1041, '2021-04-12 05:41:49', 'Pending', NULL),
(1419, 14, 'video', 167, '2021-04-12 05:42:02', 'Pending', NULL),
(1420, 15, 'unit', 1042, '2021-04-12 05:42:46', 'Pending', NULL),
(1421, 14, 'video', 168, '2021-04-12 05:43:21', 'Pending', NULL),
(1422, 17, 'book', 66, '2021-04-12 05:43:24', 'Pending', NULL),
(1423, 15, 'unit', 1043, '2021-04-12 05:43:40', 'Pending', NULL),
(1424, 15, 'unit', 1044, '2021-04-12 05:44:18', 'Pending', NULL),
(1425, 15, 'unit', 1045, '2021-04-12 05:45:12', 'Pending', NULL),
(1426, 14, 'video', 169, '2021-04-12 05:46:02', 'Pending', NULL),
(1427, 15, 'unit', 1046, '2021-04-12 05:46:36', 'Pending', NULL),
(1428, 14, 'video', 170, '2021-04-12 05:47:15', 'Pending', NULL),
(1429, 15, 'unit', 1047, '2021-04-12 05:47:37', 'Pending', NULL),
(1430, 15, 'unit', 1048, '2021-04-12 05:48:21', 'Pending', NULL),
(1431, 15, 'unit', 1049, '2021-04-12 05:49:08', 'Pending', NULL),
(1432, 17, 'book', 67, '2021-04-12 05:49:47', 'Pending', NULL),
(1433, 15, 'unit', 1050, '2021-04-12 05:50:00', 'Pending', NULL),
(1434, 14, 'video', 171, '2021-04-12 05:50:28', 'Pending', NULL),
(1435, 15, 'unit', 1051, '2021-04-12 05:50:55', 'Pending', NULL),
(1436, 15, 'unit', 1052, '2021-04-12 05:51:38', 'Pending', NULL),
(1437, 14, 'video', 172, '2021-04-12 05:51:57', 'Pending', NULL),
(1438, 15, 'unit', 1053, '2021-04-12 05:52:36', 'Pending', NULL),
(1439, 14, 'video', 173, '2021-04-12 05:52:38', 'Pending', NULL),
(1440, 17, 'book', 68, '2021-04-12 05:52:43', 'Pending', NULL),
(1441, 17, 'book', 69, '2021-04-12 05:54:16', 'Pending', NULL),
(1442, 15, 'unit', 1054, '2021-04-12 05:55:08', 'Pending', NULL),
(1443, 17, 'book', 70, '2021-04-12 05:55:37', 'Pending', NULL),
(1444, 15, 'unit', 1055, '2021-04-12 05:56:00', 'Pending', NULL),
(1445, 14, 'video', 174, '2021-04-12 05:56:53', 'Pending', NULL),
(1446, 15, 'unit', 1056, '2021-04-12 05:57:08', 'Pending', NULL),
(1447, 14, 'video', 175, '2021-04-12 05:57:31', 'Pending', NULL),
(1448, 15, 'unit', 1057, '2021-04-12 05:58:06', 'Pending', NULL),
(1449, 14, 'video', 176, '2021-04-12 05:58:45', 'Pending', NULL),
(1450, 15, 'unit', 1058, '2021-04-12 05:59:11', 'Pending', NULL),
(1451, 14, 'video', 177, '2021-04-12 06:00:16', 'Pending', NULL),
(1452, 15, 'unit', 1059, '2021-04-12 06:00:42', 'Pending', NULL),
(1453, 15, 'unit', 1060, '2021-04-12 06:01:27', 'Pending', NULL),
(1454, 14, 'video', 178, '2021-04-12 06:02:17', 'Pending', NULL),
(1455, 15, 'unit', 1061, '2021-04-12 06:02:25', 'Pending', NULL),
(1456, 14, 'video', 179, '2021-04-12 06:02:48', 'Pending', NULL),
(1457, 17, 'book', 71, '2021-04-12 06:02:56', 'Pending', NULL),
(1458, 14, 'video', 180, '2021-04-12 06:03:34', 'Pending', NULL),
(1459, 15, 'unit', 1062, '2021-04-12 06:03:35', 'Pending', NULL),
(1460, 15, 'unit', 1063, '2021-04-12 06:04:41', 'Pending', NULL),
(1461, 15, 'unit', 1064, '2021-04-12 06:06:44', 'Pending', NULL),
(1462, 15, 'unit', 1065, '2021-04-12 06:08:03', 'Pending', NULL),
(1463, 15, 'unit', 1066, '2021-04-12 06:09:02', 'Pending', NULL),
(1464, 17, 'book', 72, '2021-04-12 06:10:21', 'Pending', NULL),
(1465, 15, 'unit', 1067, '2021-04-12 06:10:52', 'Pending', NULL),
(1466, 15, 'unit', 1068, '2021-04-12 06:11:47', 'Pending', NULL),
(1467, 17, 'book', 73, '2021-04-12 06:11:56', 'Pending', NULL),
(1468, 15, 'unit', 1069, '2021-04-12 06:12:41', 'Pending', NULL),
(1469, 15, 'unit', 1070, '2021-04-12 06:13:37', 'Pending', NULL),
(1470, 17, 'book', 74, '2021-04-12 06:13:50', 'Pending', NULL),
(1471, 15, 'unit', 1071, '2021-04-12 06:15:31', 'Pending', NULL),
(1472, 15, 'unit', 1072, '2021-04-12 06:16:22', 'Pending', NULL),
(1473, 15, 'unit', 1073, '2021-04-12 06:17:26', 'Pending', NULL),
(1474, 15, 'unit', 1074, '2021-04-12 06:27:36', 'Pending', NULL),
(1475, 15, 'unit', 1075, '2021-04-12 06:44:01', 'Pending', NULL),
(1476, 15, 'unit', 1076, '2021-04-12 06:44:50', 'Pending', NULL),
(1477, 15, 'unit', 1077, '2021-04-12 06:45:45', 'Pending', NULL),
(1478, 15, 'unit', 1078, '2021-04-12 06:46:51', 'Pending', NULL),
(1479, 15, 'unit', 1079, '2021-04-12 06:48:30', 'Pending', NULL),
(1480, 15, 'unit', 1080, '2021-04-12 06:49:19', 'Pending', NULL),
(1481, 15, 'unit', 1081, '2021-04-12 06:50:14', 'Pending', NULL),
(1482, 15, 'unit', 1082, '2021-04-12 06:51:06', 'Pending', NULL),
(1483, 15, 'unit', 1083, '2021-04-12 06:52:59', 'Pending', NULL),
(1484, 15, 'unit', 1084, '2021-04-12 06:54:18', 'Pending', NULL),
(1485, 15, 'unit', 1085, '2021-04-12 06:55:24', 'Pending', NULL),
(1486, 15, 'unit', 1086, '2021-04-12 06:56:34', 'Pending', NULL),
(1487, 15, 'unit', 1087, '2021-04-12 07:00:01', 'Pending', NULL),
(1488, 15, 'unit', 1088, '2021-04-12 07:01:13', 'Pending', NULL),
(1489, 15, 'unit', 1089, '2021-04-12 07:02:11', 'Pending', NULL),
(1490, 15, 'unit', 1090, '2021-04-12 07:06:55', 'Pending', NULL),
(1491, 15, 'unit', 1091, '2021-04-12 07:08:44', 'Pending', NULL),
(1492, 15, 'unit', 1092, '2021-04-12 07:13:14', 'Pending', NULL),
(1493, 15, 'unit', 1093, '2021-04-12 07:15:35', 'Pending', NULL),
(1494, 15, 'unit', 1094, '2021-04-12 07:17:10', 'Pending', NULL),
(1495, 15, 'unit', 1095, '2021-04-12 07:18:20', 'Pending', NULL),
(1496, 15, 'unit', 1096, '2021-04-12 07:19:37', 'Pending', NULL),
(1497, 15, 'unit', 1097, '2021-04-12 07:24:08', 'Pending', NULL),
(1498, 15, 'unit', 1098, '2021-04-12 07:25:18', 'Pending', NULL),
(1499, 15, 'unit', 1099, '2021-04-12 07:26:20', 'Pending', NULL),
(1500, 15, 'unit', 1100, '2021-04-12 07:28:21', 'Pending', NULL),
(1501, 15, 'unit', 1101, '2021-04-12 07:29:08', 'Pending', NULL),
(1502, 15, 'unit', 1102, '2021-04-12 07:30:07', 'Pending', NULL),
(1503, 15, 'unit', 1103, '2021-04-12 07:32:37', 'Pending', NULL),
(1504, 15, 'unit', 1104, '2021-04-12 07:33:31', 'Pending', NULL),
(1505, 15, 'unit', 1105, '2021-04-12 07:34:14', 'Pending', NULL),
(1506, 15, 'unit', 1106, '2021-04-12 07:34:57', 'Pending', NULL),
(1507, 15, 'unit', 1107, '2021-04-12 07:35:51', 'Pending', NULL),
(1508, 15, 'unit', 1108, '2021-04-12 07:36:29', 'Pending', NULL),
(1509, 15, 'unit', 1109, '2021-04-12 07:37:04', 'Pending', NULL),
(1510, 15, 'unit', 1110, '2021-04-12 07:37:40', 'Pending', NULL),
(1511, 15, 'unit', 1111, '2021-04-12 07:38:58', 'Pending', NULL),
(1512, 15, 'unit', 1112, '2021-04-12 07:40:42', 'Pending', NULL),
(1513, 15, 'unit', 1113, '2021-04-12 07:41:34', 'Pending', NULL),
(1514, 15, 'unit', 1114, '2021-04-12 07:42:40', 'Pending', NULL),
(1515, 15, 'unit', 1115, '2021-04-12 07:43:27', 'Pending', NULL),
(1516, 15, 'unit', 1116, '2021-04-12 07:44:12', 'Pending', NULL),
(1517, 15, 'unit', 1117, '2021-04-12 07:44:56', 'Pending', NULL),
(1518, 15, 'unit', 1118, '2021-04-12 07:45:41', 'Pending', NULL),
(1519, 15, 'unit', 1119, '2021-04-12 07:46:35', 'Pending', NULL),
(1520, 15, 'subject', 128, '2021-04-12 08:56:54', 'Pending', NULL),
(1521, 15, 'subject', 129, '2021-04-12 08:59:04', 'Pending', NULL),
(1522, 15, 'subject', 130, '2021-04-12 09:00:02', 'Pending', NULL),
(1523, 15, 'subject', 131, '2021-04-12 09:00:23', 'Pending', NULL),
(1524, 15, 'subject', 132, '2021-04-12 09:00:55', 'Pending', NULL),
(1525, 15, 'subject', 133, '2021-04-12 09:01:36', 'Pending', NULL),
(1526, 15, 'subject', 134, '2021-04-12 09:01:51', 'Pending', NULL),
(1527, 17, 'book', 75, '2021-04-12 10:29:48', 'Pending', NULL),
(1528, 17, 'book', 76, '2021-04-12 10:32:24', 'Pending', NULL),
(1529, 17, 'book', 77, '2021-04-12 10:34:19', 'Pending', NULL),
(1530, 17, 'book', 78, '2021-04-12 10:35:40', 'Pending', NULL),
(1531, 17, 'book', 79, '2021-04-12 10:37:17', 'Pending', NULL),
(1532, 17, 'book', 80, '2021-04-12 10:39:26', 'Pending', NULL),
(1533, 14, 'video', 181, '2021-04-12 10:39:35', 'Pending', NULL),
(1534, 14, 'video', 182, '2021-04-12 10:40:37', 'Pending', NULL),
(1535, 17, 'book', 81, '2021-04-12 10:40:53', 'Pending', NULL),
(1536, 14, 'video', 183, '2021-04-12 10:41:41', 'Pending', NULL),
(1537, 14, 'video', 184, '2021-04-12 10:42:26', 'Pending', NULL),
(1538, 17, 'book', 82, '2021-04-12 10:42:53', 'Pending', NULL),
(1539, 17, 'book', 83, '2021-04-12 10:44:10', 'Pending', NULL),
(1540, 14, 'video', 185, '2021-04-12 10:44:16', 'Pending', NULL),
(1541, 14, 'video', 186, '2021-04-12 10:45:22', 'Pending', NULL),
(1542, 1, 'subject', 135, '2021-04-12 10:45:59', 'Pending', NULL),
(1543, 15, 'unit', 1120, '2021-04-12 10:46:00', 'Pending', NULL),
(1544, 14, 'video', 187, '2021-04-12 10:46:45', 'Pending', NULL),
(1545, 1, 'subject', 136, '2021-04-12 10:46:46', 'Pending', NULL),
(1546, 15, 'unit', 1121, '2021-04-12 10:46:56', 'Pending', NULL),
(1547, 1, 'subject', 137, '2021-04-12 10:47:08', 'Pending', NULL),
(1548, 1, 'subject', 138, '2021-04-12 10:48:05', 'Pending', NULL),
(1549, 15, 'unit', 1122, '2021-04-12 10:48:07', 'Pending', NULL),
(1550, 14, 'video', 188, '2021-04-12 10:48:23', 'Pending', NULL),
(1551, 1, 'subject', 139, '2021-04-12 10:48:43', 'Pending', NULL),
(1552, 1, 'subject', 140, '2021-04-12 10:48:56', 'Pending', NULL),
(1553, 15, 'unit', 1123, '2021-04-12 10:49:30', 'Pending', NULL),
(1554, 14, 'video', 189, '2021-04-12 10:49:31', 'Pending', NULL),
(1555, 1, 'subject', 141, '2021-04-12 10:49:37', 'Pending', NULL),
(1556, 1, 'subject', 142, '2021-04-12 10:49:52', 'Pending', NULL),
(1557, 15, 'unit', 1124, '2021-04-12 10:50:12', 'Pending', NULL),
(1558, 1, 'subject', 143, '2021-04-12 10:50:14', 'Pending', NULL),
(1559, 14, 'video', 190, '2021-04-12 10:50:26', 'Pending', NULL),
(1560, 14, 'video', 191, '2021-04-12 10:51:14', 'Pending', NULL),
(1561, 1, 'subject', 144, '2021-04-12 10:51:51', 'Pending', NULL),
(1562, 14, 'video', 192, '2021-04-12 10:52:25', 'Pending', NULL),
(1563, 14, 'video', 193, '2021-04-12 10:56:12', 'Pending', NULL),
(1564, 14, 'video', 194, '2021-04-12 10:56:55', 'Pending', NULL),
(1565, 14, 'video', 195, '2021-04-12 10:58:07', 'Pending', NULL),
(1566, 14, 'video', 196, '2021-04-12 10:58:55', 'Pending', NULL),
(1567, 15, 'unit', 1125, '2021-04-12 10:59:29', 'Pending', NULL),
(1568, 14, 'video', 197, '2021-04-12 11:00:12', 'Pending', NULL),
(1569, 15, 'unit', 1126, '2021-04-12 11:01:09', 'Pending', NULL),
(1570, 14, 'video', 198, '2021-04-12 11:03:18', 'Pending', NULL),
(1571, 15, 'unit', 1127, '2021-04-12 11:03:30', 'Pending', NULL),
(1572, 14, 'video', 199, '2021-04-12 11:04:58', 'Pending', NULL),
(1573, 15, 'unit', 1128, '2021-04-12 11:06:33', 'Pending', NULL),
(1574, 15, 'unit', 1129, '2021-04-12 11:10:07', 'Pending', NULL),
(1575, 15, 'unit', 1130, '2021-04-12 11:12:11', 'Pending', NULL),
(1576, 15, 'unit', 1131, '2021-04-12 11:16:06', 'Pending', NULL),
(1577, 14, 'video', 200, '2021-04-12 11:16:16', 'Pending', NULL),
(1578, 14, 'video', 201, '2021-04-12 11:16:56', 'Pending', NULL),
(1579, 14, 'video', 202, '2021-04-12 11:18:03', 'Pending', NULL),
(1580, 14, 'video', 203, '2021-04-12 11:18:57', 'Pending', NULL),
(1581, 14, 'video', 204, '2021-04-12 11:19:35', 'Pending', NULL),
(1582, 14, 'video', 205, '2021-04-12 11:20:27', 'Pending', NULL),
(1583, 20, 'book', 84, '2021-04-12 11:20:48', 'Pending', NULL),
(1584, 14, 'video', 206, '2021-04-12 11:21:18', 'Pending', NULL),
(1585, 15, 'unit', 1132, '2021-04-12 11:22:05', 'Pending', NULL),
(1586, 14, 'video', 207, '2021-04-12 11:22:24', 'Pending', NULL),
(1587, 15, 'unit', 1133, '2021-04-12 11:22:53', 'Pending', NULL),
(1588, 14, 'video', 208, '2021-04-12 11:23:24', 'Pending', NULL),
(1589, 15, 'unit', 1134, '2021-04-12 11:23:39', 'Pending', NULL),
(1590, 14, 'video', 209, '2021-04-12 11:24:08', 'Pending', NULL),
(1591, 15, 'unit', 1135, '2021-04-12 11:24:44', 'Pending', NULL),
(1592, 15, 'unit', 1136, '2021-04-12 11:25:25', 'Pending', NULL),
(1593, 1, 'semester', 65, '2021-04-12 11:26:10', 'Pending', NULL),
(1594, 14, 'video', 210, '2021-04-12 11:28:36', 'Pending', NULL),
(1595, 15, 'unit', 1137, '2021-04-12 11:28:58', 'Pending', NULL),
(1596, 14, 'video', 211, '2021-04-12 11:29:20', 'Pending', NULL),
(1597, 15, 'unit', 1138, '2021-04-12 11:30:32', 'Pending', NULL);
INSERT INTO `user_data_reviews` (`id`, `user_id`, `type`, `type_id`, `review_time`, `status`, `remarks`) VALUES
(1598, 14, 'video', 212, '2021-04-12 11:30:37', 'Pending', NULL),
(1599, 14, 'video', 213, '2021-04-12 11:32:03', 'Pending', NULL),
(1600, 14, 'video', 214, '2021-04-12 11:34:04', 'Pending', NULL),
(1601, 14, 'video', 215, '2021-04-12 11:34:50', 'Pending', NULL),
(1602, 15, 'unit', 1139, '2021-04-12 11:36:26', 'Pending', NULL),
(1603, 14, 'video', 216, '2021-04-12 11:36:33', 'Pending', NULL),
(1604, 15, 'unit', 1140, '2021-04-12 11:37:30', 'Pending', NULL),
(1605, 14, 'video', 217, '2021-04-12 11:37:51', 'Pending', NULL),
(1606, 15, 'unit', 1141, '2021-04-12 11:38:35', 'Pending', NULL),
(1607, 14, 'video', 218, '2021-04-12 11:38:50', 'Pending', NULL),
(1608, 14, 'video', 219, '2021-04-12 11:40:28', 'Pending', NULL),
(1609, 14, 'video', 220, '2021-04-12 11:41:53', 'Pending', NULL),
(1610, 14, 'video', 221, '2021-04-12 11:43:25', 'Pending', NULL),
(1611, 14, 'video', 222, '2021-04-12 11:44:24', 'Pending', NULL),
(1612, 14, 'video', 223, '2021-04-12 11:44:58', 'Pending', NULL),
(1613, 14, 'video', 224, '2021-04-12 11:45:37', 'Pending', NULL),
(1614, 15, 'unit', 1142, '2021-04-12 11:54:29', 'Pending', NULL),
(1615, 17, 'book', 85, '2021-04-12 11:55:40', 'Pending', NULL),
(1616, 15, 'unit', 1143, '2021-04-12 11:55:45', 'Pending', NULL),
(1617, 15, 'unit', 1144, '2021-04-12 11:56:37', 'Pending', NULL),
(1618, 15, 'unit', 1145, '2021-04-12 11:57:28', 'Pending', NULL),
(1619, 15, 'unit', 1146, '2021-04-12 11:58:16', 'Pending', NULL),
(1620, 15, 'unit', 1147, '2021-04-12 11:59:02', 'Pending', NULL),
(1621, 15, 'unit', 1148, '2021-04-12 12:00:00', 'Pending', NULL),
(1622, 17, 'book', 86, '2021-04-12 12:00:24', 'Pending', NULL),
(1623, 15, 'unit', 1149, '2021-04-12 12:00:45', 'Pending', NULL),
(1624, 15, 'unit', 1150, '2021-04-12 12:02:50', 'Pending', NULL),
(1625, 17, 'book', 87, '2021-04-12 12:03:04', 'Pending', NULL),
(1626, 15, 'unit', 1151, '2021-04-12 12:03:44', 'Pending', NULL),
(1627, 15, 'unit', 1152, '2021-04-12 12:05:40', 'Pending', NULL),
(1628, 17, 'book', 88, '2021-04-12 12:05:52', 'Pending', NULL),
(1629, 15, 'unit', 1153, '2021-04-12 12:06:23', 'Pending', NULL),
(1630, 15, 'unit', 1154, '2021-04-12 12:07:23', 'Pending', NULL),
(1631, 15, 'unit', 1155, '2021-04-12 12:07:53', 'Pending', NULL),
(1632, 15, 'unit', 1156, '2021-04-12 12:08:48', 'Pending', NULL),
(1633, 15, 'unit', 1157, '2021-04-12 12:10:59', 'Pending', NULL),
(1634, 15, 'unit', 1158, '2021-04-12 12:11:49', 'Pending', NULL),
(1635, 15, 'unit', 1159, '2021-04-12 12:12:18', 'Pending', NULL),
(1636, 15, 'unit', 1160, '2021-04-12 12:13:00', 'Pending', NULL),
(1637, 15, 'unit', 1161, '2021-04-12 12:13:46', 'Pending', NULL),
(1638, 15, 'unit', 1162, '2021-04-12 12:14:34', 'Pending', NULL),
(1639, 15, 'unit', 1163, '2021-04-12 12:15:36', 'Pending', NULL),
(1640, 15, 'unit', 1164, '2021-04-12 12:16:48', 'Pending', NULL),
(1641, 15, 'unit', 1165, '2021-04-12 12:18:03', 'Pending', NULL),
(1642, 15, 'unit', 1166, '2021-04-12 12:18:53', 'Pending', NULL),
(1643, 15, 'unit', 1167, '2021-04-12 12:19:25', 'Pending', NULL),
(1644, 15, 'unit', 1168, '2021-04-12 12:20:19', 'Pending', NULL),
(1645, 15, 'unit', 1169, '2021-04-12 12:20:43', 'Pending', NULL),
(1646, 15, 'unit', 1170, '2021-04-12 12:21:22', 'Pending', NULL),
(1647, 15, 'unit', 1171, '2021-04-12 12:24:31', 'Pending', NULL),
(1648, 20, 'book', 89, '2021-04-12 13:26:31', 'Pending', NULL),
(1649, 20, 'book', 90, '2021-04-12 13:28:40', 'Pending', NULL),
(1650, 20, 'book', 91, '2021-04-12 13:30:22', 'Pending', NULL),
(1651, 20, 'book', 92, '2021-04-12 13:32:25', 'Pending', NULL),
(1652, 20, 'book', 93, '2021-04-12 14:01:34', 'Pending', NULL),
(1653, 20, 'book', 94, '2021-04-12 14:03:10', 'Pending', NULL),
(1654, 20, 'book', 95, '2021-04-12 14:05:44', 'Pending', NULL),
(1655, 20, 'book', 96, '2021-04-12 14:07:35', 'Pending', NULL),
(1656, 20, 'book', 97, '2021-04-12 14:11:16', 'Pending', NULL),
(1657, 20, 'book', 98, '2021-04-12 14:13:07', 'Pending', NULL),
(1658, 20, 'book', 99, '2021-04-12 14:14:38', 'Pending', NULL),
(1659, 20, 'book', 100, '2021-04-12 14:15:58', 'Pending', NULL),
(1660, 20, 'book', 101, '2021-04-12 14:17:32', 'Pending', NULL),
(1661, 20, 'book', 102, '2021-04-12 14:18:44', 'Pending', NULL),
(1662, 20, 'book', 103, '2021-04-12 14:19:53', 'Pending', NULL),
(1663, 20, 'book', 104, '2021-04-12 14:25:22', 'Pending', NULL),
(1664, 20, 'book', 105, '2021-04-12 14:47:34', 'Pending', NULL),
(1665, 20, 'book', 106, '2021-04-12 14:48:50', 'Pending', NULL),
(1666, 20, 'book', 107, '2021-04-12 14:49:57', 'Pending', NULL),
(1667, 20, 'book', 108, '2021-04-12 14:51:08', 'Pending', NULL),
(1668, 20, 'book', 109, '2021-04-12 14:52:28', 'Pending', NULL),
(1669, 20, 'book', 110, '2021-04-12 14:53:56', 'Pending', NULL),
(1670, 20, 'book', 111, '2021-04-12 15:08:37', 'Pending', NULL),
(1671, 17, 'book', 112, '2021-04-13 02:31:44', 'Pending', NULL),
(1672, 17, 'book', 113, '2021-04-13 02:33:46', 'Pending', NULL),
(1673, 17, 'book', 114, '2021-04-13 02:36:44', 'Pending', NULL),
(1674, 17, 'book', 115, '2021-04-13 02:41:56', 'Pending', NULL),
(1675, 17, 'book', 116, '2021-04-13 02:44:39', 'Pending', NULL),
(1676, 17, 'book', 117, '2021-04-13 02:47:17', 'Pending', NULL),
(1677, 17, 'book', 118, '2021-04-13 02:50:16', 'Pending', NULL),
(1678, 17, 'book', 119, '2021-04-13 02:56:31', 'Pending', NULL),
(1679, 17, 'book', 120, '2021-04-13 02:58:35', 'Pending', NULL),
(1680, 17, 'book', 121, '2021-04-13 03:01:28', 'Pending', NULL),
(1681, 17, 'book', 122, '2021-04-13 03:03:16', 'Pending', NULL),
(1682, 17, 'book', 123, '2021-04-13 03:07:07', 'Pending', NULL),
(1683, 17, 'book', 124, '2021-04-13 03:09:39', 'Pending', NULL),
(1684, 17, 'book', 125, '2021-04-13 03:12:21', 'Pending', NULL),
(1685, 17, 'book', 126, '2021-04-13 03:15:02', 'Pending', NULL),
(1686, 17, 'book', 127, '2021-04-13 03:17:12', 'Pending', NULL),
(1687, 17, 'book', 128, '2021-04-13 03:25:53', 'Pending', NULL),
(1688, 20, 'book', 129, '2021-04-13 03:28:23', 'Pending', NULL),
(1689, 20, 'book', 130, '2021-04-13 03:29:26', 'Pending', NULL),
(1690, 20, 'book', 131, '2021-04-13 03:31:13', 'Pending', NULL),
(1691, 15, 'unit', 1172, '2021-04-13 03:31:25', 'Pending', NULL),
(1692, 20, 'book', 132, '2021-04-13 03:32:31', 'Pending', NULL),
(1693, 20, 'book', 133, '2021-04-13 03:34:04', 'Pending', NULL),
(1694, 15, 'unit', 1173, '2021-04-13 03:34:38', 'Pending', NULL),
(1695, 15, 'unit', 1174, '2021-04-13 03:34:39', 'Pending', NULL),
(1696, 20, 'book', 134, '2021-04-13 03:35:12', 'Pending', NULL),
(1697, 15, 'unit', 1175, '2021-04-13 03:36:03', 'Pending', NULL),
(1698, 15, 'unit', 1176, '2021-04-13 03:37:13', 'Pending', NULL),
(1699, 15, 'unit', 1177, '2021-04-13 03:38:03', 'Pending', NULL),
(1700, 15, 'unit', 1178, '2021-04-13 03:39:31', 'Pending', NULL),
(1701, 15, 'unit', 1179, '2021-04-13 03:40:29', 'Pending', NULL),
(1702, 15, 'unit', 1180, '2021-04-13 03:41:16', 'Pending', NULL),
(1703, 15, 'unit', 1181, '2021-04-13 03:42:09', 'Pending', NULL),
(1704, 15, 'unit', 1182, '2021-04-13 03:43:14', 'Pending', NULL),
(1705, 15, 'unit', 1183, '2021-04-13 03:43:52', 'Pending', NULL),
(1706, 15, 'unit', 1184, '2021-04-13 03:44:55', 'Pending', NULL),
(1707, 17, 'book', 135, '2021-04-13 03:46:52', 'Pending', NULL),
(1708, 15, 'unit', 1185, '2021-04-13 03:46:56', 'Pending', NULL),
(1709, 17, 'book', 136, '2021-04-13 03:47:09', 'Pending', NULL),
(1710, 20, 'book', 137, '2021-04-13 03:48:13', 'Pending', NULL),
(1711, 17, 'book', 138, '2021-04-13 03:49:02', 'Pending', NULL),
(1712, 20, 'book', 139, '2021-04-13 03:49:08', 'Pending', NULL),
(1713, 15, 'unit', 1186, '2021-04-13 03:49:09', 'Pending', NULL),
(1714, 20, 'book', 140, '2021-04-13 03:50:18', 'Pending', NULL),
(1715, 15, 'unit', 1187, '2021-04-13 03:50:50', 'Pending', NULL),
(1716, 20, 'book', 141, '2021-04-13 03:51:17', 'Pending', NULL),
(1717, 20, 'book', 142, '2021-04-13 03:52:14', 'Pending', NULL),
(1718, 15, 'unit', 1188, '2021-04-13 03:53:00', 'Pending', NULL),
(1719, 17, 'book', 143, '2021-04-13 03:53:29', 'Pending', NULL),
(1720, 15, 'unit', 1189, '2021-04-13 03:53:36', 'Pending', NULL),
(1721, 15, 'unit', 1190, '2021-04-13 03:54:36', 'Pending', NULL),
(1722, 15, 'unit', 1191, '2021-04-13 03:55:17', 'Pending', NULL),
(1723, 15, 'unit', 1192, '2021-04-13 03:55:56', 'Pending', NULL),
(1724, 17, 'book', 144, '2021-04-13 03:56:11', 'Pending', NULL),
(1725, 17, 'book', 145, '2021-04-13 03:58:16', 'Pending', NULL),
(1726, 15, 'unit', 1193, '2021-04-13 04:03:12', 'Pending', NULL),
(1727, 15, 'unit', 1194, '2021-04-13 04:03:42', 'Pending', NULL),
(1728, 17, 'book', 146, '2021-04-13 04:03:50', 'Pending', NULL),
(1729, 15, 'unit', 1195, '2021-04-13 04:05:52', 'Pending', NULL),
(1730, 15, 'unit', 1196, '2021-04-13 04:06:36', 'Pending', NULL),
(1731, 15, 'unit', 1197, '2021-04-13 04:07:38', 'Pending', NULL),
(1732, 15, 'unit', 1198, '2021-04-13 04:08:24', 'Pending', NULL),
(1733, 17, 'book', 147, '2021-04-13 04:08:40', 'Pending', NULL),
(1734, 15, 'unit', 1199, '2021-04-13 04:09:21', 'Pending', NULL),
(1735, 15, 'unit', 1200, '2021-04-13 04:10:14', 'Pending', NULL),
(1736, 15, 'unit', 1201, '2021-04-13 04:12:07', 'Pending', NULL),
(1737, 17, 'book', 148, '2021-04-13 04:12:33', 'Pending', NULL),
(1738, 15, 'unit', 1202, '2021-04-13 04:14:24', 'Pending', NULL),
(1739, 15, 'unit', 1203, '2021-04-13 04:15:53', 'Pending', NULL),
(1740, 15, 'unit', 1204, '2021-04-13 04:17:04', 'Pending', NULL),
(1741, 17, 'book', 149, '2021-04-13 04:17:53', 'Pending', NULL),
(1742, 15, 'unit', 1205, '2021-04-13 04:17:59', 'Pending', NULL),
(1743, 15, 'unit', 1206, '2021-04-13 04:19:22', 'Pending', NULL),
(1744, 15, 'unit', 1207, '2021-04-13 04:20:15', 'Pending', NULL),
(1745, 15, 'unit', 1208, '2021-04-13 04:21:24', 'Pending', NULL),
(1746, 20, 'book', 150, '2021-04-13 04:21:51', 'Pending', NULL),
(1747, 15, 'unit', 1209, '2021-04-13 04:22:08', 'Pending', NULL),
(1748, 20, 'book', 151, '2021-04-13 04:22:50', 'Pending', NULL),
(1749, 15, 'unit', 1210, '2021-04-13 04:23:24', 'Pending', NULL),
(1750, 20, 'book', 152, '2021-04-13 04:23:59', 'Pending', NULL),
(1751, 15, 'unit', 1211, '2021-04-13 04:24:35', 'Pending', NULL),
(1752, 17, 'book', 153, '2021-04-13 04:24:56', 'Pending', NULL),
(1753, 20, 'book', 154, '2021-04-13 04:25:15', 'Pending', NULL),
(1754, 15, 'unit', 1212, '2021-04-13 04:26:54', 'Pending', NULL),
(1755, 20, 'book', 155, '2021-04-13 04:27:04', 'Pending', NULL),
(1756, 15, 'unit', 1213, '2021-04-13 04:27:20', 'Pending', NULL),
(1757, 20, 'book', 156, '2021-04-13 04:28:27', 'Pending', NULL),
(1758, 15, 'unit', 1214, '2021-04-13 04:28:44', 'Pending', NULL),
(1759, 20, 'book', 157, '2021-04-13 04:29:22', 'Pending', NULL),
(1760, 20, 'book', 158, '2021-04-13 04:35:49', 'Pending', NULL),
(1761, 20, 'book', 159, '2021-04-13 04:36:58', 'Pending', NULL),
(1762, 20, 'book', 160, '2021-04-13 04:42:54', 'Pending', NULL),
(1763, 20, 'book', 161, '2021-04-13 04:43:46', 'Pending', NULL),
(1764, 20, 'book', 162, '2021-04-13 04:44:42', 'Pending', NULL),
(1765, 20, 'book', 163, '2021-04-13 04:46:29', 'Pending', NULL),
(1766, 1, 'semester', 66, '2021-04-13 04:53:48', 'Pending', NULL),
(1767, 20, 'book', 164, '2021-04-13 04:54:06', 'Pending', NULL),
(1768, 1, 'semester', 67, '2021-04-13 04:54:06', 'Pending', NULL),
(1769, 1, 'semester', 68, '2021-04-13 04:54:27', 'Pending', NULL),
(1770, 20, 'book', 165, '2021-04-13 04:55:20', 'Pending', NULL),
(1771, 20, 'book', 166, '2021-04-13 04:56:14', 'Pending', NULL),
(1772, 20, 'book', 167, '2021-04-13 04:57:06', 'Pending', NULL),
(1773, 20, 'book', 168, '2021-04-13 05:18:38', 'Pending', NULL),
(1774, 20, 'book', 169, '2021-04-13 05:20:06', 'Pending', NULL),
(1775, 20, 'book', 170, '2021-04-13 05:21:25', 'Pending', NULL),
(1776, 20, 'book', 171, '2021-04-13 05:23:49', 'Pending', NULL),
(1777, 20, 'book', 172, '2021-04-13 05:25:18', 'Pending', NULL),
(1778, 15, 'subject', 145, '2021-04-13 05:26:52', 'Pending', NULL),
(1779, 20, 'book', 173, '2021-04-13 05:27:43', 'Pending', NULL),
(1780, 20, 'book', 174, '2021-04-13 05:29:08', 'Pending', NULL),
(1781, 15, 'subject', 146, '2021-04-13 05:29:59', 'Pending', NULL),
(1782, 15, 'subject', 147, '2021-04-13 05:30:25', 'Pending', NULL),
(1783, 15, 'subject', 148, '2021-04-13 05:31:02', 'Pending', NULL),
(1784, 20, 'book', 175, '2021-04-13 05:31:08', 'Pending', NULL),
(1785, 15, 'subject', 149, '2021-04-13 05:34:03', 'Pending', NULL),
(1786, 20, 'book', 176, '2021-04-13 05:34:30', 'Pending', NULL),
(1787, 15, 'subject', 150, '2021-04-13 05:34:31', 'Pending', NULL),
(1788, 15, 'subject', 151, '2021-04-13 05:35:01', 'Pending', NULL),
(1789, 20, 'book', 177, '2021-04-13 05:36:12', 'Pending', NULL),
(1790, 15, 'unit', 1215, '2021-04-13 05:36:59', 'Pending', NULL),
(1791, 15, 'unit', 1216, '2021-04-13 05:37:32', 'Pending', NULL),
(1792, 15, 'unit', 1217, '2021-04-13 05:38:13', 'Pending', NULL),
(1793, 15, 'unit', 1218, '2021-04-13 05:39:20', 'Pending', NULL),
(1794, 15, 'unit', 1219, '2021-04-13 05:40:31', 'Pending', NULL),
(1795, 15, 'unit', 1220, '2021-04-13 05:41:55', 'Pending', NULL),
(1796, 15, 'unit', 1221, '2021-04-13 05:42:41', 'Pending', NULL),
(1797, 15, 'unit', 1222, '2021-04-13 05:43:41', 'Pending', NULL),
(1798, 15, 'unit', 1223, '2021-04-13 05:44:26', 'Pending', NULL),
(1799, 15, 'unit', 1224, '2021-04-13 05:45:23', 'Pending', NULL),
(1800, 15, 'unit', 1225, '2021-04-13 05:45:48', 'Pending', NULL),
(1801, 15, 'unit', 1226, '2021-04-13 05:49:42', 'Pending', NULL),
(1802, 15, 'unit', 1227, '2021-04-13 05:53:46', 'Pending', NULL),
(1803, 17, 'book', 178, '2021-04-13 05:56:23', 'Pending', NULL),
(1804, 15, 'unit', 1228, '2021-04-13 05:56:24', 'Pending', NULL),
(1805, 15, 'unit', 1229, '2021-04-13 05:57:45', 'Pending', NULL),
(1806, 17, 'book', 179, '2021-04-13 05:59:05', 'Pending', NULL),
(1807, 15, 'unit', 1230, '2021-04-13 06:00:59', 'Pending', NULL),
(1808, 17, 'book', 180, '2021-04-13 06:01:22', 'Pending', NULL),
(1809, 15, 'unit', 1231, '2021-04-13 06:02:21', 'Pending', NULL),
(1810, 15, 'unit', 1232, '2021-04-13 06:03:28', 'Pending', NULL),
(1811, 17, 'book', 181, '2021-04-13 06:03:52', 'Pending', NULL),
(1812, 17, 'book', 182, '2021-04-13 06:06:08', 'Pending', NULL),
(1813, 15, 'unit', 1233, '2021-04-13 06:06:11', 'Pending', NULL),
(1814, 15, 'unit', 1234, '2021-04-13 06:08:00', 'Pending', NULL),
(1815, 15, 'unit', 1235, '2021-04-13 06:09:07', 'Pending', NULL),
(1816, 17, 'book', 183, '2021-04-13 06:09:20', 'Pending', NULL),
(1817, 17, 'book', 184, '2021-04-13 06:12:57', 'Pending', NULL),
(1818, 15, 'unit', 1236, '2021-04-13 06:13:23', 'Pending', NULL),
(1819, 15, 'unit', 1237, '2021-04-13 06:15:26', 'Pending', NULL),
(1820, 15, 'unit', 1238, '2021-04-13 06:16:26', 'Pending', NULL),
(1821, 17, 'book', 185, '2021-04-13 06:16:47', 'Pending', NULL),
(1822, 15, 'unit', 1239, '2021-04-13 06:17:42', 'Pending', NULL),
(1823, 17, 'book', 186, '2021-04-13 06:19:10', 'Pending', NULL),
(1824, 15, 'unit', 1240, '2021-04-13 06:20:52', 'Pending', NULL),
(1825, 15, 'unit', 1241, '2021-04-13 06:21:44', 'Pending', NULL),
(1826, 17, 'book', 187, '2021-04-13 06:21:48', 'Pending', NULL),
(1827, 15, 'unit', 1242, '2021-04-13 06:22:55', 'Pending', NULL),
(1828, 15, 'unit', 1243, '2021-04-13 06:24:06', 'Pending', NULL),
(1829, 17, 'book', 188, '2021-04-13 06:24:11', 'Pending', NULL),
(1830, 15, 'unit', 1244, '2021-04-13 06:24:44', 'Pending', NULL),
(1831, 15, 'unit', 1245, '2021-04-13 06:25:22', 'Pending', NULL),
(1832, 15, 'unit', 1246, '2021-04-13 06:26:15', 'Pending', NULL),
(1833, 15, 'unit', 1247, '2021-04-13 06:27:30', 'Pending', NULL),
(1834, 15, 'unit', 1248, '2021-04-13 06:28:31', 'Pending', NULL),
(1835, 15, 'unit', 1249, '2021-04-13 06:30:10', 'Pending', NULL),
(1836, 15, 'unit', 1250, '2021-04-13 06:31:12', 'Pending', NULL),
(1837, 15, 'unit', 1251, '2021-04-13 06:31:12', 'Pending', NULL),
(1838, 15, 'unit', 1252, '2021-04-13 06:34:48', 'Pending', NULL),
(1839, 15, 'unit', 1253, '2021-04-13 06:35:31', 'Pending', NULL),
(1840, 17, 'book', 189, '2021-04-13 06:35:55', 'Pending', NULL),
(1841, 15, 'unit', 1254, '2021-04-13 06:36:42', 'Pending', NULL),
(1842, 15, 'unit', 1255, '2021-04-13 06:40:09', 'Pending', NULL),
(1843, 15, 'unit', 1256, '2021-04-13 06:40:52', 'Pending', NULL),
(1844, 15, 'unit', 1257, '2021-04-13 06:41:35', 'Pending', NULL),
(1845, 15, 'unit', 1258, '2021-04-13 06:42:09', 'Pending', NULL),
(1846, 15, 'unit', 1259, '2021-04-13 06:42:58', 'Pending', NULL),
(1847, 15, 'unit', 1260, '2021-04-13 06:43:27', 'Pending', NULL),
(1848, 15, 'unit', 1261, '2021-04-13 06:44:14', 'Pending', NULL),
(1849, 15, 'unit', 1262, '2021-04-13 06:46:03', 'Pending', NULL),
(1850, 15, 'unit', 1263, '2021-04-13 06:46:52', 'Pending', NULL),
(1851, 15, 'unit', 1264, '2021-04-13 06:48:12', 'Pending', NULL),
(1852, 15, 'unit', 1265, '2021-04-13 06:49:21', 'Pending', NULL),
(1853, 15, 'unit', 1266, '2021-04-13 06:49:53', 'Pending', NULL),
(1854, 15, 'unit', 1267, '2021-04-13 06:51:24', 'Pending', NULL),
(1855, 15, 'unit', 1268, '2021-04-13 06:52:57', 'Pending', NULL),
(1856, 15, 'unit', 1269, '2021-04-13 06:53:51', 'Pending', NULL),
(1857, 15, 'unit', 1270, '2021-04-13 06:54:20', 'Pending', NULL),
(1858, 15, 'unit', 1271, '2021-04-13 06:56:17', 'Pending', NULL),
(1859, 15, 'unit', 1272, '2021-04-13 06:57:04', 'Pending', NULL),
(1860, 15, 'unit', 1273, '2021-04-13 06:57:38', 'Pending', NULL),
(1861, 15, 'unit', 1274, '2021-04-13 06:58:16', 'Pending', NULL),
(1862, 15, 'unit', 1275, '2021-04-13 06:58:55', 'Pending', NULL),
(1863, 15, 'unit', 1276, '2021-04-13 07:01:48', 'Pending', NULL),
(1864, 15, 'unit', 1277, '2021-04-13 07:02:39', 'Pending', NULL),
(1865, 15, 'unit', 1278, '2021-04-13 07:03:19', 'Pending', NULL),
(1866, 15, 'unit', 1279, '2021-04-13 07:04:04', 'Pending', NULL),
(1867, 15, 'unit', 1280, '2021-04-13 07:04:32', 'Pending', NULL),
(1868, 15, 'unit', 1281, '2021-04-13 07:05:11', 'Pending', NULL),
(1869, 15, 'unit', 1282, '2021-04-13 07:05:38', 'Pending', NULL),
(1870, 15, 'unit', 1283, '2021-04-13 07:06:16', 'Pending', NULL),
(1871, 15, 'unit', 1284, '2021-04-13 07:07:20', 'Pending', NULL),
(1872, 15, 'unit', 1285, '2021-04-13 07:07:47', 'Pending', NULL),
(1873, 15, 'unit', 1286, '2021-04-13 07:08:37', 'Pending', NULL),
(1874, 15, 'unit', 1287, '2021-04-13 07:09:35', 'Pending', NULL),
(1875, 15, 'unit', 1288, '2021-04-13 07:10:01', 'Pending', NULL),
(1876, 15, 'unit', 1289, '2021-04-13 07:10:46', 'Pending', NULL),
(1877, 15, 'unit', 1290, '2021-04-13 07:13:25', 'Pending', NULL),
(1878, 15, 'unit', 1291, '2021-04-13 07:15:33', 'Pending', NULL),
(1879, 15, 'unit', 1292, '2021-04-13 07:16:29', 'Pending', NULL),
(1880, 15, 'unit', 1293, '2021-04-13 07:19:39', 'Pending', NULL),
(1881, 15, 'unit', 1294, '2021-04-13 07:20:15', 'Pending', NULL),
(1882, 15, 'unit', 1295, '2021-04-13 07:21:10', 'Pending', NULL),
(1883, 15, 'unit', 1296, '2021-04-13 07:22:22', 'Pending', NULL),
(1884, 15, 'unit', 1297, '2021-04-13 07:22:53', 'Pending', NULL),
(1885, 15, 'subject', 152, '2021-04-13 07:27:51', 'Pending', NULL),
(1886, 15, 'unit', 1298, '2021-04-13 08:30:47', 'Pending', NULL),
(1887, 15, 'unit', 1299, '2021-04-13 08:31:17', 'Pending', NULL),
(1888, 15, 'unit', 1300, '2021-04-13 08:31:44', 'Pending', NULL),
(1889, 15, 'unit', 1301, '2021-04-13 08:32:31', 'Pending', NULL),
(1890, 15, 'unit', 1302, '2021-04-13 08:33:10', 'Pending', NULL),
(1891, 15, 'unit', 1303, '2021-04-13 08:34:30', 'Pending', NULL),
(1892, 15, 'unit', 1304, '2021-04-13 08:34:55', 'Pending', NULL),
(1893, 15, 'unit', 1305, '2021-04-13 08:37:59', 'Pending', NULL),
(1894, 15, 'unit', 1306, '2021-04-13 08:38:57', 'Pending', NULL),
(1895, 15, 'unit', 1307, '2021-04-13 08:39:21', 'Pending', NULL),
(1896, 15, 'unit', 1308, '2021-04-13 08:40:04', 'Pending', NULL),
(1897, 15, 'unit', 1309, '2021-04-13 08:40:54', 'Pending', NULL),
(1898, 15, 'unit', 1310, '2021-04-13 08:41:46', 'Pending', NULL),
(1899, 15, 'unit', 1311, '2021-04-13 08:42:31', 'Pending', NULL),
(1900, 15, 'unit', 1312, '2021-04-13 08:43:02', 'Pending', NULL),
(1901, 15, 'unit', 1313, '2021-04-13 08:43:47', 'Pending', NULL),
(1902, 15, 'unit', 1314, '2021-04-13 08:44:19', 'Pending', NULL),
(1903, 15, 'unit', 1315, '2021-04-13 08:44:50', 'Pending', NULL),
(1904, 15, 'subject', 153, '2021-04-13 08:47:16', 'Pending', NULL),
(1905, 15, 'subject', 154, '2021-04-13 08:48:34', 'Pending', NULL),
(1906, 15, 'subject', 155, '2021-04-13 08:49:01', 'Pending', NULL),
(1907, 15, 'subject', 156, '2021-04-13 08:49:38', 'Pending', NULL),
(1908, 15, 'subject', 157, '2021-04-13 08:50:11', 'Pending', NULL),
(1909, 15, 'subject', 158, '2021-04-13 08:51:08', 'Pending', NULL),
(1910, 15, 'unit', 1316, '2021-04-13 08:56:47', 'Pending', NULL),
(1911, 15, 'unit', 1317, '2021-04-13 08:57:27', 'Pending', NULL),
(1912, 15, 'unit', 1318, '2021-04-13 08:58:32', 'Pending', NULL),
(1913, 15, 'unit', 1319, '2021-04-13 08:59:40', 'Pending', NULL),
(1914, 15, 'unit', 1320, '2021-04-13 09:00:21', 'Pending', NULL),
(1915, 15, 'unit', 1321, '2021-04-13 09:00:54', 'Pending', NULL),
(1916, 15, 'unit', 1322, '2021-04-13 09:02:13', 'Pending', NULL),
(1917, 15, 'unit', 1323, '2021-04-13 09:03:23', 'Pending', NULL),
(1918, 15, 'unit', 1324, '2021-04-13 09:04:15', 'Pending', NULL),
(1919, 15, 'unit', 1325, '2021-04-13 09:05:33', 'Pending', NULL),
(1920, 15, 'unit', 1326, '2021-04-13 09:11:34', 'Pending', NULL),
(1921, 15, 'unit', 1327, '2021-04-13 09:12:59', 'Pending', NULL),
(1922, 15, 'unit', 1328, '2021-04-13 09:15:15', 'Pending', NULL),
(1923, 15, 'unit', 1329, '2021-04-13 09:15:15', 'Pending', NULL),
(1924, 15, 'unit', 1330, '2021-04-13 09:19:44', 'Pending', NULL),
(1925, 15, 'unit', 1331, '2021-04-13 09:21:10', 'Pending', NULL),
(1926, 15, 'unit', 1332, '2021-04-13 09:23:22', 'Pending', NULL),
(1927, 15, 'unit', 1333, '2021-04-13 09:27:05', 'Pending', NULL),
(1928, 15, 'unit', 1334, '2021-04-13 09:28:33', 'Pending', NULL),
(1929, 15, 'unit', 1335, '2021-04-13 09:30:08', 'Pending', NULL),
(1930, 15, 'unit', 1336, '2021-04-13 09:31:21', 'Pending', NULL),
(1931, 15, 'unit', 1337, '2021-04-13 09:32:05', 'Pending', NULL),
(1932, 15, 'unit', 1338, '2021-04-13 09:34:36', 'Pending', NULL),
(1933, 15, 'unit', 1339, '2021-04-13 09:35:49', 'Pending', NULL),
(1934, 15, 'unit', 1340, '2021-04-13 09:36:54', 'Pending', NULL),
(1935, 15, 'unit', 1341, '2021-04-13 09:38:56', 'Pending', NULL),
(1936, 15, 'unit', 1342, '2021-04-13 09:40:10', 'Pending', NULL),
(1937, 15, 'unit', 1343, '2021-04-13 09:41:28', 'Pending', NULL),
(1938, 15, 'unit', 1344, '2021-04-13 09:41:28', 'Pending', NULL),
(1939, 15, 'unit', 1345, '2021-04-13 09:43:41', 'Pending', NULL),
(1940, 15, 'unit', 1346, '2021-04-13 09:44:34', 'Pending', NULL),
(1941, 15, 'unit', 1347, '2021-04-13 09:45:12', 'Pending', NULL),
(1942, 15, 'unit', 1348, '2021-04-13 09:46:15', 'Pending', NULL),
(1943, 15, 'unit', 1349, '2021-04-13 09:49:12', 'Pending', NULL),
(1944, 15, 'unit', 1350, '2021-04-13 09:51:30', 'Pending', NULL),
(1945, 15, 'unit', 1351, '2021-04-13 09:52:32', 'Pending', NULL),
(1946, 15, 'unit', 1352, '2021-04-13 09:53:29', 'Pending', NULL),
(1947, 15, 'unit', 1353, '2021-04-13 09:55:09', 'Pending', NULL),
(1948, 15, 'unit', 1354, '2021-04-13 09:55:44', 'Pending', NULL),
(1949, 15, 'unit', 1355, '2021-04-13 09:57:08', 'Pending', NULL),
(1950, 15, 'unit', 1356, '2021-04-13 09:58:04', 'Pending', NULL),
(1951, 15, 'unit', 1357, '2021-04-13 09:59:18', 'Pending', NULL),
(1952, 15, 'unit', 1358, '2021-04-13 09:59:52', 'Pending', NULL),
(1953, 15, 'unit', 1359, '2021-04-13 10:00:31', 'Pending', NULL),
(1954, 15, 'unit', 1360, '2021-04-13 10:01:06', 'Pending', NULL),
(1955, 15, 'unit', 1361, '2021-04-13 10:04:54', 'Pending', NULL),
(1956, 15, 'unit', 1362, '2021-04-13 10:06:19', 'Pending', NULL),
(1957, 15, 'unit', 1363, '2021-04-13 10:07:44', 'Pending', NULL),
(1958, 15, 'unit', 1364, '2021-04-13 10:08:20', 'Pending', NULL),
(1959, 15, 'unit', 1365, '2021-04-13 10:09:02', 'Pending', NULL),
(1960, 1, 'semester', 69, '2021-04-13 10:09:18', 'Pending', NULL),
(1961, 1, 'semester', 70, '2021-04-13 10:09:29', 'Pending', NULL),
(1962, 1, 'semester', 71, '2021-04-13 10:09:43', 'Pending', NULL),
(1963, 15, 'unit', 1366, '2021-04-13 10:09:43', 'Pending', NULL),
(1964, 1, 'semester', 72, '2021-04-13 10:09:57', 'Pending', NULL),
(1965, 1, 'semester', 73, '2021-04-13 10:10:08', 'Pending', NULL),
(1966, 1, 'semester', 74, '2021-04-13 10:10:21', 'Pending', NULL),
(1967, 15, 'unit', 1367, '2021-04-13 10:10:34', 'Pending', NULL),
(1968, 15, 'unit', 1368, '2021-04-13 10:11:06', 'Pending', NULL),
(1969, 15, 'unit', 1369, '2021-04-13 10:12:14', 'Pending', NULL),
(1970, 15, 'unit', 1370, '2021-04-13 10:13:50', 'Pending', NULL),
(1971, 15, 'unit', 1371, '2021-04-13 10:14:14', 'Pending', NULL),
(1972, 15, 'unit', 1372, '2021-04-13 10:14:53', 'Pending', NULL),
(1973, 15, 'unit', 1373, '2021-04-13 10:15:48', 'Pending', NULL),
(1974, 15, 'unit', 1374, '2021-04-13 10:16:18', 'Pending', NULL),
(1975, 15, 'unit', 1375, '2021-04-13 10:17:47', 'Pending', NULL),
(1976, 15, 'unit', 1376, '2021-04-13 10:19:37', 'Pending', NULL),
(1977, 15, 'unit', 1377, '2021-04-13 10:20:03', 'Pending', NULL),
(1978, 15, 'unit', 1378, '2021-04-13 10:22:08', 'Pending', NULL),
(1979, 15, 'unit', 1379, '2021-04-13 10:22:59', 'Pending', NULL),
(1980, 15, 'unit', 1380, '2021-04-13 10:23:40', 'Pending', NULL),
(1981, 15, 'unit', 1381, '2021-04-13 10:26:07', 'Pending', NULL),
(1982, 15, 'unit', 1382, '2021-04-13 10:26:48', 'Pending', NULL),
(1983, 15, 'unit', 1383, '2021-04-13 10:28:17', 'Pending', NULL),
(1984, 15, 'unit', 1384, '2021-04-13 10:29:02', 'Pending', NULL),
(1985, 15, 'unit', 1385, '2021-04-13 10:29:41', 'Pending', NULL),
(1986, 15, 'unit', 1386, '2021-04-13 10:30:19', 'Pending', NULL),
(1987, 15, 'unit', 1387, '2021-04-13 10:31:00', 'Pending', NULL),
(1988, 15, 'unit', 1388, '2021-04-13 10:31:32', 'Pending', NULL),
(1989, 15, 'unit', 1389, '2021-04-13 10:31:52', 'Pending', NULL),
(1990, 15, 'unit', 1390, '2021-04-13 10:34:11', 'Pending', NULL),
(1991, 15, 'unit', 1391, '2021-04-13 10:35:04', 'Pending', NULL),
(1992, 15, 'unit', 1392, '2021-04-13 10:35:41', 'Pending', NULL),
(1993, 15, 'unit', 1393, '2021-04-13 10:36:04', 'Pending', NULL),
(1994, 15, 'unit', 1394, '2021-04-13 10:36:50', 'Pending', NULL),
(1995, 15, 'unit', 1395, '2021-04-13 10:37:32', 'Pending', NULL),
(1996, 15, 'unit', 1396, '2021-04-13 10:37:55', 'Pending', NULL),
(1997, 15, 'unit', 1397, '2021-04-13 10:40:03', 'Pending', NULL),
(1998, 15, 'unit', 1398, '2021-04-13 10:42:54', 'Pending', NULL),
(1999, 15, 'unit', 1399, '2021-04-13 10:44:30', 'Pending', NULL),
(2000, 15, 'unit', 1400, '2021-04-13 10:44:52', 'Pending', NULL),
(2001, 15, 'unit', 1401, '2021-04-13 10:45:18', 'Pending', NULL),
(2002, 15, 'unit', 1402, '2021-04-13 10:45:44', 'Pending', NULL),
(2003, 15, 'subject', 159, '2021-04-13 10:48:17', 'Pending', NULL),
(2004, 15, 'subject', 160, '2021-04-13 10:48:31', 'Pending', NULL),
(2005, 15, 'subject', 161, '2021-04-13 10:48:46', 'Pending', NULL),
(2006, 15, 'subject', 162, '2021-04-13 10:49:07', 'Pending', NULL),
(2007, 15, 'subject', 163, '2021-04-13 10:49:26', 'Pending', NULL),
(2008, 15, 'subject', 164, '2021-04-13 10:50:07', 'Pending', NULL),
(2009, 15, 'unit', 1403, '2021-04-13 10:59:11', 'Pending', NULL),
(2010, 15, 'unit', 1404, '2021-04-13 11:00:14', 'Pending', NULL),
(2011, 15, 'unit', 1405, '2021-04-13 11:01:01', 'Pending', NULL),
(2012, 15, 'unit', 1406, '2021-04-13 11:02:42', 'Pending', NULL),
(2013, 15, 'unit', 1407, '2021-04-13 11:03:15', 'Pending', NULL),
(2014, 15, 'unit', 1408, '2021-04-13 11:04:20', 'Pending', NULL),
(2015, 15, 'unit', 1409, '2021-04-13 11:05:22', 'Pending', NULL),
(2016, 15, 'unit', 1410, '2021-04-13 11:06:07', 'Pending', NULL),
(2017, 15, 'unit', 1411, '2021-04-13 11:06:37', 'Pending', NULL),
(2018, 15, 'unit', 1412, '2021-04-13 11:09:43', 'Pending', NULL),
(2019, 15, 'unit', 1413, '2021-04-13 11:10:06', 'Pending', NULL),
(2020, 15, 'unit', 1414, '2021-04-13 11:11:32', 'Pending', NULL),
(2021, 15, 'unit', 1415, '2021-04-13 11:12:08', 'Pending', NULL),
(2022, 15, 'unit', 1416, '2021-04-13 11:12:46', 'Pending', NULL),
(2023, 15, 'unit', 1417, '2021-04-13 11:14:22', 'Pending', NULL),
(2024, 15, 'unit', 1418, '2021-04-13 11:14:58', 'Pending', NULL),
(2025, 15, 'unit', 1419, '2021-04-13 11:15:29', 'Pending', NULL),
(2026, 15, 'unit', 1420, '2021-04-13 11:16:05', 'Pending', NULL),
(2027, 15, 'unit', 1421, '2021-04-13 11:16:51', 'Pending', NULL),
(2028, 15, 'unit', 1422, '2021-04-13 11:17:21', 'Pending', NULL),
(2029, 15, 'unit', 1423, '2021-04-13 11:17:49', 'Pending', NULL),
(2030, 15, 'unit', 1424, '2021-04-13 11:18:18', 'Pending', NULL),
(2031, 15, 'unit', 1425, '2021-04-13 11:19:02', 'Pending', NULL),
(2032, 15, 'unit', 1426, '2021-04-13 11:19:45', 'Pending', NULL),
(2033, 15, 'unit', 1427, '2021-04-13 11:20:19', 'Pending', NULL),
(2034, 15, 'unit', 1428, '2021-04-13 11:21:05', 'Pending', NULL),
(2035, 15, 'unit', 1429, '2021-04-13 11:22:08', 'Pending', NULL),
(2036, 15, 'unit', 1430, '2021-04-13 11:22:48', 'Pending', NULL),
(2037, 15, 'unit', 1431, '2021-04-13 11:23:24', 'Pending', NULL),
(2038, 15, 'unit', 1432, '2021-04-13 11:25:05', 'Pending', NULL),
(2039, 15, 'unit', 1433, '2021-04-13 11:25:53', 'Pending', NULL),
(2040, 15, 'unit', 1434, '2021-04-13 11:26:46', 'Pending', NULL),
(2041, 15, 'unit', 1435, '2021-04-13 11:27:58', 'Pending', NULL),
(2042, 15, 'unit', 1436, '2021-04-13 11:29:27', 'Pending', NULL),
(2043, 15, 'unit', 1437, '2021-04-13 11:30:04', 'Pending', NULL),
(2044, 15, 'unit', 1438, '2021-04-13 11:32:01', 'Pending', NULL),
(2045, 15, 'unit', 1439, '2021-04-13 11:44:22', 'Pending', NULL),
(2046, 15, 'unit', 1440, '2021-04-13 11:45:31', 'Pending', NULL),
(2047, 15, 'unit', 1441, '2021-04-13 11:46:21', 'Pending', NULL),
(2048, 15, 'unit', 1442, '2021-04-13 11:47:25', 'Pending', NULL),
(2049, 15, 'unit', 1443, '2021-04-13 11:48:32', 'Pending', NULL),
(2050, 15, 'unit', 1444, '2021-04-13 11:49:12', 'Pending', NULL),
(2051, 15, 'unit', 1445, '2021-04-13 11:50:52', 'Pending', NULL),
(2052, 15, 'unit', 1446, '2021-04-13 11:51:39', 'Pending', NULL),
(2053, 15, 'unit', 1447, '2021-04-13 11:52:10', 'Pending', NULL),
(2054, 15, 'unit', 1448, '2021-04-13 11:57:35', 'Pending', NULL),
(2055, 15, 'unit', 1449, '2021-04-13 11:58:07', 'Pending', NULL),
(2056, 15, 'unit', 1450, '2021-04-13 11:58:32', 'Pending', NULL),
(2057, 15, 'unit', 1451, '2021-04-13 11:58:59', 'Pending', NULL),
(2058, 15, 'unit', 1452, '2021-04-13 11:59:52', 'Pending', NULL),
(2059, 15, 'unit', 1453, '2021-04-13 12:00:28', 'Pending', NULL),
(2060, 15, 'unit', 1454, '2021-04-13 12:00:57', 'Pending', NULL),
(2061, 15, 'unit', 1455, '2021-04-13 12:01:23', 'Pending', NULL),
(2062, 15, 'unit', 1456, '2021-04-13 12:01:50', 'Pending', NULL),
(2063, 15, 'unit', 1457, '2021-04-13 12:02:21', 'Pending', NULL),
(2064, 15, 'unit', 1458, '2021-04-13 12:02:52', 'Pending', NULL),
(2065, 15, 'unit', 1459, '2021-04-13 12:03:24', 'Pending', NULL),
(2066, 15, 'unit', 1460, '2021-04-13 12:03:59', 'Pending', NULL),
(2067, 15, 'unit', 1461, '2021-04-13 12:04:23', 'Pending', NULL),
(2068, 15, 'unit', 1462, '2021-04-13 12:04:59', 'Pending', NULL),
(2069, 15, 'unit', 1463, '2021-04-13 12:05:19', 'Pending', NULL),
(2070, 15, 'unit', 1464, '2021-04-13 12:06:49', 'Pending', NULL),
(2071, 15, 'unit', 1465, '2021-04-13 12:07:18', 'Pending', NULL),
(2072, 15, 'unit', 1466, '2021-04-13 12:07:44', 'Pending', NULL),
(2073, 15, 'unit', 1467, '2021-04-13 12:08:02', 'Pending', NULL),
(2074, 15, 'unit', 1468, '2021-04-13 12:08:37', 'Pending', NULL),
(2075, 15, 'unit', 1469, '2021-04-13 12:09:17', 'Pending', NULL),
(2076, 15, 'unit', 1470, '2021-04-13 12:10:18', 'Pending', NULL),
(2077, 15, 'unit', 1471, '2021-04-13 12:10:52', 'Pending', NULL),
(2078, 15, 'unit', 1472, '2021-04-13 12:11:08', 'Pending', NULL),
(2079, 15, 'unit', 1473, '2021-04-13 12:11:47', 'Pending', NULL),
(2080, 15, 'unit', 1474, '2021-04-13 12:12:39', 'Pending', NULL),
(2081, 15, 'unit', 1475, '2021-04-13 12:13:07', 'Pending', NULL),
(2082, 15, 'unit', 1476, '2021-04-13 12:14:40', 'Pending', NULL),
(2083, 15, 'unit', 1477, '2021-04-13 12:15:23', 'Pending', NULL),
(2084, 15, 'unit', 1478, '2021-04-13 12:15:40', 'Pending', NULL),
(2085, 15, 'unit', 1479, '2021-04-13 12:16:25', 'Pending', NULL),
(2086, 15, 'unit', 1480, '2021-04-13 12:16:58', 'Pending', NULL),
(2087, 15, 'unit', 1481, '2021-04-13 12:17:30', 'Pending', NULL),
(2088, 15, 'unit', 1482, '2021-04-13 12:17:57', 'Pending', NULL),
(2089, 15, 'unit', 1483, '2021-04-13 12:19:30', 'Pending', NULL),
(2090, 15, 'unit', 1484, '2021-04-13 12:20:02', 'Pending', NULL),
(2091, 15, 'unit', 1485, '2021-04-13 12:20:42', 'Pending', NULL),
(2092, 15, 'unit', 1486, '2021-04-13 12:21:19', 'Pending', NULL),
(2093, 15, 'unit', 1487, '2021-04-13 12:21:50', 'Pending', NULL),
(2094, 15, 'unit', 1488, '2021-04-13 12:22:21', 'Pending', NULL),
(2095, 15, 'unit', 1489, '2021-04-13 12:23:00', 'Pending', NULL),
(2096, 15, 'unit', 1490, '2021-04-13 12:23:29', 'Pending', NULL),
(2097, 15, 'unit', 1491, '2021-04-13 12:24:06', 'Pending', NULL),
(2098, 20, 'book', 190, '2021-04-13 12:46:38', 'Pending', NULL),
(2099, 20, 'book', 191, '2021-04-13 12:48:50', 'Pending', NULL),
(2100, 20, 'book', 192, '2021-04-13 12:50:34', 'Pending', NULL),
(2101, 20, 'book', 193, '2021-04-13 12:52:03', 'Pending', NULL),
(2102, 20, 'book', 194, '2021-04-13 12:53:58', 'Pending', NULL),
(2103, 20, 'book', 195, '2021-04-13 12:57:57', 'Pending', NULL);

-- --------------------------------------------------------

--
-- Table structure for table `videos`
--

CREATE TABLE `videos` (
  `id` bigint UNSIGNED NOT NULL,
  `board_id` int NOT NULL DEFAULT '0',
  `medium_id` int NOT NULL DEFAULT '0',
  `standard_id` int NOT NULL DEFAULT '0',
  `semester_id` int NOT NULL DEFAULT '0',
  `subject_id` int NOT NULL DEFAULT '0',
  `unit_id` bigint UNSIGNED NOT NULL,
  `user_id` bigint UNSIGNED NOT NULL,
  `title` varchar(255) CHARACTER SET utf8mb4 COLLATE utf8mb4_unicode_ci DEFAULT NULL,
  `sub_title` varchar(500) COLLATE utf8mb4_unicode_ci DEFAULT NULL,
  `url_type` varchar(50) CHARACTER SET utf8mb4 COLLATE utf8mb4_unicode_ci DEFAULT NULL,
  `url` varchar(500) CHARACTER SET utf8mb4 COLLATE utf8mb4_unicode_ci DEFAULT NULL,
  `thumbnail` varchar(500) CHARACTER SET utf8mb4 COLLATE utf8mb4_unicode_ci DEFAULT NULL,
  `duration` varchar(500) CHARACTER SET utf8mb4 COLLATE utf8mb4_unicode_ci DEFAULT NULL,
  `description` text CHARACTER SET utf8mb4 COLLATE utf8mb4_unicode_ci,
  `edition` enum('new','old') COLLATE utf8mb4_unicode_ci DEFAULT NULL,
  `label` varchar(255) CHARACTER SET utf8mb4 COLLATE utf8mb4_unicode_ci DEFAULT NULL,
  `release_date` date DEFAULT NULL,
  `start_time` varchar(50) COLLATE utf8mb4_unicode_ci DEFAULT NULL,
  `status` enum('Active','Inactive','Deleted') CHARACTER SET utf8mb4 COLLATE utf8mb4_unicode_ci DEFAULT 'Active',
  `order_no` int NOT NULL DEFAULT '0',
  `created_at` timestamp NULL DEFAULT NULL,
  `updated_at` timestamp NULL DEFAULT NULL
) ENGINE=InnoDB DEFAULT CHARSET=utf8mb4 COLLATE=utf8mb4_unicode_ci;

--
-- Dumping data for table `videos`
--

INSERT INTO `videos` (`id`, `board_id`, `medium_id`, `standard_id`, `semester_id`, `subject_id`, `unit_id`, `user_id`, `title`, `sub_title`, `url_type`, `url`, `thumbnail`, `duration`, `description`, `edition`, `label`, `release_date`, `start_time`, `status`, `order_no`, `created_at`, `updated_at`) VALUES
(1, 5, 6, 19, 30, 63, 2, 1, 'Testing', 'Subtitle', 'text', 'https://www.youtube.com/watch?v=b2IAZvreG2Q', '', '3', 'desc', 'new', 'new', '2021-04-07', '1:10', 'Active', 1, '2021-04-07 17:12:25', '2021-04-07 17:12:25'),
(2, 5, 6, 19, 30, 63, 3, 14, 'રેસનો ઘોડો', 'Race no Ghodo', 'text', 'https://www.youtube.com/watch?v=Igg9iH16YhI', '', '24:26', 'Unit', 'new', 'new', '2021-08-04', NULL, 'Active', 2, '2021-04-08 11:40:29', '2021-04-08 11:40:29'),
(3, 5, 6, 19, 30, 63, 3, 14, 'રેસનો ઘોડો', 'Race no Ghodo', 'text', 'https://www.youtube.com/watch?v=7vDSloV9B78', NULL, '31:17', 'Unit', 'new', 'new', '2021-08-04', '00:35', 'Active', 3, '2021-04-08 11:47:32', '2021-04-08 12:07:45'),
(4, 5, 6, 19, 30, 63, 3, 14, 'રેસનો ઘોડો', 'Race no ghodo', 'text', 'https://www.youtube.com/watch?v=guvLdajHnKQ&t=8s', '', '19:29', 'Unit', 'new', 'new', '2021-08-04', NULL, 'Active', 4, '2021-04-08 11:50:07', '2021-04-08 11:50:07'),
(5, 5, 6, 19, 30, 63, 3, 14, 'રેસનો ઘોડો', 'Race No Ghodo', 'text', 'https://www.youtube.com/watch?v=QBR3TEiAs8s&t=3s', '', '20:22', 'Unit', 'new', 'new', '2021-08-04', NULL, 'Active', 5, '2021-04-08 11:51:22', '2021-04-08 11:51:22'),
(6, 5, 6, 19, 30, 63, 3, 14, 'રેસનો ઘોડો', 'Race No Ghodo', 'text', 'https://www.youtube.com/watch?v=3XXul0_LZLQ&t=11s', '', '27:17', 'Unit', 'new', 'new', '2021-08-04', NULL, 'Active', 6, '2021-04-08 11:54:14', '2021-04-08 11:54:14'),
(7, 5, 6, 19, 30, 63, 4, 14, 'શીલવંત સાધુને - કાવ્ય', 'Shilvant Shadhune - Poem', 'text', 'https://www.youtube.com/watch?v=eLINrDD22f8', '', '12:05', 'Poem', 'new', 'new', '2021-08-04', NULL, 'Active', 7, '2021-04-08 11:55:55', '2021-04-08 11:55:55'),
(8, 5, 6, 19, 30, 63, 4, 14, 'શીલવંત સાધુને - કાવ્ય', 'Shilvant Shadhune - Poem', 'text', 'https://www.youtube.com/watch?v=Opk84ARGkgU&t=43s', '', '10:19', 'Poem', 'new', 'new', '2021-08-04', NULL, 'Active', 8, '2021-04-08 11:58:23', '2021-04-08 11:58:23'),
(9, 5, 6, 19, 30, 63, 1, 14, 'ભૂલી ગયા પછી', 'Bhuli Gaya Pachhi', 'text', 'https://www.youtube.com/watch?v=yLwV1iYMh7c', '', '20:14', 'Unit', 'new', 'new', '2021-08-04', NULL, 'Active', 9, '2021-04-08 12:00:23', '2021-04-08 12:00:23'),
(10, 5, 6, 19, 30, 63, 1, 14, 'ભૂલી ગયા પછી', 'Bhuli Gaya Pachhi', 'text', 'https://www.youtube.com/watch?v=tTt-h9yW-h4&t=20s', '', '29:40', 'Unit', 'new', 'new', '2021-08-04', NULL, 'Active', 10, '2021-04-08 12:02:24', '2021-04-08 12:02:24'),
(11, 5, 6, 19, 30, 63, 1, 14, 'ભૂલી ગયા પછી', 'Bhuli Gaya Pachhi', 'text', 'https://www.youtube.com/watch?v=6m9MGVNFvXk', '', '16:31', 'એનીમેટેડ સમજૂતી', 'new', 'new', '2021-09-04', NULL, 'Active', 11, '2021-04-09 04:19:21', '2021-04-09 04:19:21'),
(12, 5, 6, 19, 30, 63, 1, 14, 'ભૂલી ગયા પછી', 'Bhuli Gaya Pachhi', 'text', 'https://www.youtube.com/watch?v=Wic_BXHSusQ', '', '23:06', 'સમજૂતી', 'new', 'new', '2021-09-04', NULL, 'Active', 12, '2021-04-09 04:26:11', '2021-04-09 04:26:11'),
(13, 5, 6, 19, 30, 63, 1, 14, 'ભૂલી ગયા પછી', 'Bhuli Gaya Pachhi', 'text', 'https://www.youtube.com/watch?v=MAyw0fpjapA', '', '14:22', 'એનીમેટેડ', 'new', 'new', '2021-09-04', NULL, 'Active', 13, '2021-04-09 04:27:33', '2021-04-09 04:27:33'),
(14, 5, 6, 19, 30, 63, 5, 14, 'દીકરી', 'Dikri', 'text', 'https://www.youtube.com/watch?v=y8-U-Dl63Ew', '', '12:50', 'એનીમેટેડ વિડીયો', 'new', 'new', '2021-09-04', NULL, 'Active', 14, '2021-04-09 04:30:11', '2021-04-09 04:30:11'),
(15, 5, 6, 19, 30, 63, 5, 14, 'દીકરી', 'Dikri', 'text', 'https://www.youtube.com/watch?v=slMm8LO1y7A', '', '06:05', 'એનીમેટેડ સમજૂતી', 'new', 'new', '2021-09-04', NULL, 'Active', 15, '2021-04-09 04:31:31', '2021-04-09 04:31:31'),
(16, 5, 6, 19, 30, 63, 5, 14, 'દીકરી', 'Dikri', 'text', 'https://m.youtube.com/watch?v=ztUH9OHziu8', '', '04:26', 'કાવ્ય', 'new', 'new', '2021-09-04', NULL, 'Active', 16, '2021-04-09 04:38:44', '2021-04-09 04:38:44'),
(17, 5, 6, 19, 30, 63, 5, 14, 'દીકરી', 'Dikri', 'text', 'https://www.youtube.com/watch?v=E-Two7WVTkE', '', '10:41', 'એનીમેટેડ કાવ્ય સમજૂતી', 'new', 'new', '2021-09-04', NULL, 'Active', 17, '2021-04-09 04:40:26', '2021-04-09 04:40:26'),
(18, 5, 6, 19, 30, 63, 6, 14, 'વાઇરલ ઇન્ફેકશન', 'Viral Infection', 'text', 'https://www.youtube.com/watch?v=CPj3k9oKv30', NULL, '17:40', 'એનીમેટેડ સમજૂતી', 'new', 'new', '2021-09-04', NULL, 'Active', 18, '2021-04-09 04:42:40', '2021-04-09 04:43:48'),
(19, 5, 6, 19, 30, 63, 6, 14, 'વાઇરલ ઇન્ફેકશન', 'Viral Infection', 'text', 'https://youtu.be/MC23OAMyEGI', '', '33:05', 'સમજૂતી', 'new', 'new', '2021-09-04', NULL, 'Active', 19, '2021-04-09 04:46:11', '2021-04-09 04:46:11'),
(20, 5, 6, 19, 30, 63, 6, 14, 'વાઇરલ ઇન્ફેકશન', 'Viral Infection', 'text', 'https://www.youtube.com/watch?v=52e1tUzuHpU', '', '19:54', 'સમજૂતી', 'new', 'new', '2021-09-04', NULL, 'Active', 20, '2021-04-09 04:47:11', '2021-04-09 04:47:11'),
(21, 5, 6, 19, 30, 63, 6, 14, 'વાઇરલ ઇન્ફેકશન', 'Viral Infection', 'text', 'https://www.youtube.com/watch?v=6dT0JJkK6iE', '', '09:37', 'એનીમેટેડ સમજૂતી', 'new', 'new', '2021-09-04', NULL, 'Active', 21, '2021-04-09 04:49:22', '2021-04-09 04:49:22'),
(22, 5, 6, 19, 30, 63, 6, 14, 'વાઇરલ ઇન્ફેકશન', 'Viral Infection', 'text', 'https://www.youtube.com/watch?v=t2O5wwtoacw', '', '10:54', 'એનીમેટેડ સમજૂતી', 'new', 'new', '2021-09-04', NULL, 'Active', 22, '2021-04-09 04:50:25', '2021-04-09 04:50:25'),
(23, 5, 6, 19, 30, 63, 7, 14, 'હું એવો ગુજરાતી', 'Hu Evo Gujrati', 'text', 'https://www.youtube.com/watch?v=YZrHEJcXeZQ', '', '13:21', 'એનીમેટેડ સમજૂતી', 'new', 'new', '2021-09-04', NULL, 'Active', 23, '2021-04-09 04:51:57', '2021-04-09 04:51:57'),
(24, 5, 6, 19, 30, 63, 7, 14, 'હું એવો ગુજરાતી', 'Hu Evo Gujrati', 'text', 'https://www.youtube.com/watch?v=us1H-wtroGw', '', '15:51', 'એનીમેટેડ સમજૂતી', 'new', 'new', '2021-09-04', NULL, 'Active', 24, '2021-04-09 04:53:05', '2021-04-09 04:53:05'),
(25, 5, 6, 19, 30, 63, 7, 14, 'હું એવો ગુજરાતી', 'Hu Evo Gujrati', 'text', 'https://www.youtube.com/watch?v=l3AbbbVCYO0', '', '09:18', 'એનીમેટેડ સમજૂતી', 'new', 'new', '2021-09-04', NULL, 'Active', 25, '2021-04-09 04:53:57', '2021-04-09 04:53:57'),
(26, 5, 6, 19, 30, 63, 7, 14, 'હું એવો ગુજરાતી', 'Hu Evo Gujrati', 'text', 'https://www.youtube.com/watch?v=UA1CeuN2dlM', '', '13:51', 'સમજૂતી', 'new', 'new', '2021-09-04', NULL, 'Active', 26, '2021-04-09 04:55:00', '2021-04-09 04:55:00'),
(27, 5, 6, 19, 30, 63, 7, 14, 'હું એવો ગુજરાતી', 'Hu Evo Gujrati', 'text', 'https://www.youtube.com/watch?v=eoMav-s5nxM', '', '09:31', 'સમજૂતી', 'new', 'new', '2021-09-04', NULL, 'Active', 27, '2021-04-09 04:56:34', '2021-04-09 04:56:34'),
(28, 5, 6, 19, 30, 63, 8, 14, 'છત્રી', 'Chhatri', 'text', 'https://www.youtube.com/watch?v=xmzOdFoFx9M', '', '14:27', 'એનીમેટેડ સમજૂતી', 'new', 'new', '2021-09-04', NULL, 'Active', 28, '2021-04-09 04:57:38', '2021-04-09 04:57:38'),
(29, 5, 6, 19, 30, 63, 8, 14, 'છત્રી', 'Chhatri', 'text', 'https://www.youtube.com/watch?v=V36RoST6KAM', '', '08:51', 'એનીમેટેડ સમજૂતી', 'new', 'new', '2021-09-04', NULL, 'Active', 29, '2021-04-09 04:58:50', '2021-04-09 04:58:50'),
(30, 5, 6, 19, 30, 63, 8, 14, 'છત્રી', 'Chhatri', 'text', 'https://www.youtube.com/watch?v=NLQplcyrK_8', '', '11:17', 'એનીમેટેડ સમજૂતી', 'new', 'new', '2021-09-04', NULL, 'Active', 30, '2021-04-09 04:59:32', '2021-04-09 04:59:32'),
(31, 5, 6, 19, 30, 63, 8, 14, 'છત્રી', 'Chhatri', 'text', 'https://www.youtube.com/watch?v=NLQplcyrK_8', '', '11:17', 'એનીમેટેડ સમજૂતી', 'new', 'new', '2021-09-04', NULL, 'Active', 31, '2021-04-09 04:59:32', '2021-04-09 04:59:32'),
(32, 5, 6, 19, 30, 63, 8, 14, 'છત્રી', 'Chhatri', 'text', 'https://www.youtube.com/watch?v=VZGhZBqk8Xw', '', '22:53', 'સમજૂતી', 'new', 'new', '2021-09-04', NULL, 'Active', 32, '2021-04-09 05:00:27', '2021-04-09 05:00:27'),
(33, 5, 6, 19, 30, 63, 9, 14, 'માધવને દીઠો છે ક્યાંય ?', 'Madhav ne Ditho chhe kyay ?', 'text', 'https://www.youtube.com/watch?v=7xhKm6zOMR4', '', '12:04', 'એનીમેટેડ સમજૂતી', 'new', 'new', '2021-09-04', NULL, 'Active', 33, '2021-04-09 05:02:13', '2021-04-09 05:02:13'),
(34, 5, 6, 19, 30, 63, 9, 14, 'માધવને દીઠો છે ક્યાંય ?', 'Madhav ne Ditho chhe kyay ?', 'text', 'https://www.youtube.com/watch?v=7xhKm6zOMR4', '', '12:03', 'સમજૂતી', 'new', 'new', '2021-09-04', NULL, 'Active', 34, '2021-04-09 05:03:15', '2021-04-09 05:03:15'),
(35, 5, 6, 19, 30, 63, 9, 14, 'માધવને દીઠો છે ક્યાંય ?', 'Madhav ne Ditho chhe kyay ?', 'text', 'https://www.youtube.com/watch?v=obe2hjMSI30', '', '13:53', 'એનીમેટેડ સમજૂતી', 'new', 'new', '2021-09-04', NULL, 'Active', 35, '2021-04-09 05:04:02', '2021-04-09 05:04:02'),
(36, 5, 6, 19, 30, 63, 9, 14, 'માધવને દીઠો છે ક્યાંય ?', 'Madhav ne Ditho chhe kyay ?', 'text', 'https://www.youtube.com/watch?v=b3FlHIzN_Hs', '', '17:21', 'એનીમેટેડ સમજૂતી', 'new', 'new', '2021-09-04', NULL, 'Active', 36, '2021-04-09 05:04:47', '2021-04-09 05:04:47'),
(37, 5, 6, 19, 30, 63, 9, 14, 'માધવને દીઠો છે ક્યાંય ?', 'Madhav ne Ditho chhe kyay ?', 'text', 'https://www.youtube.com/watch?v=eV68PzurwqI', '', '10:49', 'એનીમેટેડ સમજૂતી', 'new', 'new', '2021-09-04', NULL, 'Active', 37, '2021-04-09 05:05:30', '2021-04-09 05:05:30'),
(38, 5, 6, 19, 30, 63, 9, 14, 'માધવ ને દીઠો છે ક્યાંય ?', 'Madhav ne Ditho chhe kyay ?', 'text', 'https://www.youtube.com/watch?v=QQZhQRE4VsA', '', '12:23', 'એનીમેટેડ સમજૂતી', 'new', 'new', '2021-09-04', NULL, 'Active', 38, '2021-04-09 05:06:17', '2021-04-09 05:06:17'),
(39, 5, 6, 19, 30, 63, 10, 14, 'ડાંગવનો અને', 'Dangvano Ane', 'text', 'https://www.youtube.com/watch?v=iTH1TeYpQzU', '', '17:40', 'એનીમેટેડ સમજૂતી', 'new', 'new', '2021-09-04', NULL, 'Active', 39, '2021-04-09 05:08:33', '2021-04-09 05:08:33'),
(40, 5, 6, 19, 30, 63, 11, 14, 'શિકારીને', 'Sikarine', 'text', 'https://www.youtube.com/watch?v=jOw1e9jP4VY', '', '10:56', 'એનીમેટેડ સમજૂતી', 'new', 'new', '2021-09-04', NULL, 'Active', 40, '2021-04-09 05:11:16', '2021-04-09 05:11:16'),
(41, 5, 6, 19, 30, 63, 11, 14, 'શિકારીને', 'Sikarine', 'text', 'https://www.youtube.com/watch?v=hpyMO2dZQkQ', '', '16:18', 'એનીમેટેડ સમજૂતી', 'new', 'new', '2021-09-04', NULL, 'Active', 41, '2021-04-09 05:12:13', '2021-04-09 05:12:13'),
(42, 5, 6, 19, 30, 63, 11, 14, 'શિકારીને', 'Sikarine', 'text', 'https://www.youtube.com/watch?v=EfZBbsvxhnk', '', '10:28', 'એનીમેટેડ સમજૂતી', 'new', 'new', '2021-09-04', NULL, 'Active', 42, '2021-04-09 05:13:09', '2021-04-09 05:13:09'),
(43, 5, 6, 19, 30, 63, 12, 14, 'ચોપડાની ઇન્દ્રજાળ', 'Chopdani Indrajal', 'text', 'https://www.youtube.com/watch?v=42rdxu40eeQ', '', '21:00', 'એનીમેટેડ સમજૂતી', 'new', 'new', '2021-09-04', NULL, 'Active', 43, '2021-04-09 05:14:39', '2021-04-09 05:14:39'),
(44, 5, 6, 19, 30, 63, 12, 14, 'ચોપડાની ઇન્દ્રજાળ', 'Chopdani Indrajal', 'text', 'https://www.youtube.com/watch?v=vPacR63gEkA', '', '21:02', 'એનીમેટેડ સમજૂતી', 'new', 'new', '2021-09-04', NULL, 'Active', 44, '2021-04-09 05:15:59', '2021-04-09 05:15:59'),
(45, 5, 6, 19, 30, 63, 12, 14, 'ચોપડાની ઇન્દ્રજાળ', 'Chopdani Indrajal', 'text', 'https://www.youtube.com/watch?v=vPacR63gEkA', '', '21:02', 'એનીમેટેડ સમજૂતી', 'new', 'new', '2021-09-04', NULL, 'Active', 45, '2021-04-09 05:16:01', '2021-04-09 05:16:01'),
(46, 5, 6, 19, 30, 63, 12, 14, 'ચોપડાની ઇન્દ્રજાળ', 'Chopdani ઈન્દ્રજાળ', 'text', 'https://www.youtube.com/watch?v=--kwwbsGfZA', NULL, '25:05', 'સમજૂતી', 'new', 'new', '2021-09-04', NULL, 'Active', 46, '2021-04-09 05:18:16', '2021-04-09 05:18:37'),
(47, 5, 6, 19, 31, 64, 16, 14, 'વતનથી વિદાય થતાં', 'Vatan thi Viday Thata', 'text', 'https://www.youtube.com/watch?v=aK8p8BOC-PM', '', '10:38', 'એનીમેટેડ સમજૂતી', 'new', 'new', '2021-09-04', NULL, 'Active', 1, '2021-04-09 05:20:19', '2021-04-09 05:20:19'),
(48, 5, 6, 19, 31, 64, 16, 14, 'વતનથી વિદાય થતાં', 'Vatan thi Viday Thata', 'text', 'https://www.youtube.com/watch?v=n0Gsi0wV7So', '', '12:10', 'એનીમેટેડ સમજૂતી', 'new', 'new', '2021-09-04', NULL, 'Active', 2, '2021-04-09 05:21:02', '2021-04-09 05:21:02'),
(49, 5, 6, 19, 31, 64, 16, 14, 'વતનથી વિદાય થતાં', 'Vatan thi Viday Thata', 'text', 'https://www.youtube.com/watch?v=epxHkxzPWzY', '', '24:14', 'સમજૂતી', 'new', 'new', '2021-09-08', NULL, 'Active', 3, '2021-04-09 05:22:19', '2021-04-09 05:22:19'),
(50, 5, 6, 19, 31, 64, 16, 14, 'વતનથી વિદાય થતાં', 'Vatan thi Viday Thata', 'text', 'https://www.youtube.com/watch?v=DmKzBBYmGWA', '', '11:46', 'એનીમેટેડ સમજૂતી', 'new', 'new', '2021-09-04', NULL, 'Active', 4, '2021-04-09 05:23:05', '2021-04-09 05:23:05'),
(51, 5, 6, 19, 31, 64, 18, 14, 'બોલીએ ના કાંઈ', 'Boliye Na Kai', 'text', 'https://www.youtube.com/watch?v=4epfhlXHABo', '', '07:09', 'એનીમેટેડ સમજૂતી', 'new', 'new', '2021-09-04', NULL, 'Active', 5, '2021-04-09 05:28:52', '2021-04-09 05:28:52'),
(52, 5, 6, 19, 31, 64, 19, 14, 'ગતિભંગ', 'ગતિભંગ', 'text', 'https://www.youtube.com/watch?v=FQYLduOwK_g', NULL, '13:27', 'સમજૂતી', 'new', 'new', '2021-09-04', NULL, 'Active', 6, '2021-04-09 05:31:11', '2021-04-09 05:31:49'),
(53, 5, 6, 19, 31, 64, 19, 14, 'ગતિભંગ', 'Gatibhang', 'text', 'https://www.youtube.com/watch?v=7XqPeqA_KQ8', '', '11:51', 'સમજૂતી', 'new', 'new', '2021-09-04', NULL, 'Active', 7, '2021-04-09 05:33:12', '2021-04-09 05:33:12'),
(54, 5, 6, 19, 31, 64, 19, 14, 'ગતિભંગ', 'Gatibhang', 'text', 'https://www.youtube.com/watch?v=eIxVwvR3DHo', '', '08:39', 'એનીમેટેડ સમજૂતી', 'new', 'new', '2021-09-04', NULL, 'Active', 8, '2021-04-09 05:34:07', '2021-04-09 05:34:07'),
(55, 5, 6, 19, 31, 64, 20, 14, 'દિવસો જુદાઈના જાય છે', 'Divso Judai Na Jai Chhe', 'text', 'https://www.youtube.com/watch?v=BOkYbzZ5VDM', '', '5:34', 'એનીમેટેડ કાવ્ય', 'new', 'new', '2021-09-04', NULL, 'Active', 9, '2021-04-09 05:37:06', '2021-04-09 05:37:06'),
(56, 5, 6, 19, 31, 64, 20, 14, 'દિવસો જુદાઈના જાય છે', 'Divso Viday Na Jai chhe', 'text', 'https://www.youtube.com/watch?v=bJntyAg7Tko', '', '23:22', 'સમજૂતી', 'new', 'new', '2021-09-04', NULL, 'Active', 10, '2021-04-09 05:38:37', '2021-04-09 05:38:37'),
(57, 5, 6, 19, 31, 64, 20, 14, 'દિવસો જુદાઈના જાય છે', 'Divso Judai Na Jai Chhe', 'text', 'youtube.com/watch?v=ouwQDbIBpVQ', '', '04:36', 'સમજૂતી', 'new', 'new', '2021-09-04', NULL, 'Active', 11, '2021-04-09 05:40:44', '2021-04-09 05:40:44'),
(58, 5, 6, 19, 31, 64, 21, 14, 'ભૂખથીય ભૂંડી ભીખ', 'Bhukhthiy Bhundi Bhukh', 'text', 'https://www.youtube.com/watch?v=JoDBwdIqAvM', '', '27:43', 'એનીમેટેડ સમજૂતી', 'new', 'new', '2021-09-04', NULL, 'Active', 12, '2021-04-09 05:44:34', '2021-04-09 05:44:34'),
(59, 5, 6, 19, 31, 64, 21, 14, 'ભૂખથીય ભૂંડી ભીખ', 'Bhukhthiy Bhundi Bhukh', 'text', 'https://www.youtube.com/watch?v=5jLWOdhuHNQ', '', '21:57', 'સમજૂતી', 'new', 'new', '2021-04-09', NULL, 'Active', 13, '2021-04-09 05:47:50', '2021-04-09 05:47:50'),
(60, 5, 6, 19, 31, 64, 22, 14, 'એક બપોરે', 'Ek Bapore', 'text', 'https://www.youtube.com/watch?v=hQdJ4so8_Rg', '', '08:21', 'એનીમેટેડ સમજૂતી', 'new', 'new', '2021-04-09', NULL, 'Active', 14, '2021-04-09 05:49:07', '2021-04-09 05:49:07'),
(61, 5, 6, 19, 31, 64, 22, 14, 'એક બપોરે', 'Ek Bapore', 'text', 'https://www.youtube.com/watch?v=JrwbxxouVYw', '', '6:22', 'સમજૂતી', 'new', 'new', '2021-04-09', NULL, 'Active', 15, '2021-04-09 05:50:22', '2021-04-09 05:50:22'),
(62, 5, 6, 19, 31, 64, 23, 14, 'વિરલ વિભૂતિ', 'Viral Vibhuti', 'text', 'https://www.youtube.com/watch?v=o28HsSvhP2w', '', '18:07', 'સમજૂતી', 'new', 'new', '2021-04-09', NULL, 'Active', 16, '2021-04-09 05:55:25', '2021-04-09 05:55:25'),
(63, 5, 6, 19, 31, 64, 23, 14, 'વિરલ વિભૂતિ', 'Viral Vibhuti', 'text', 'https://www.youtube.com/watch?v=FmnS6yB7bUE', '', '16:59', 'સમજૂતી', 'new', 'new', '2021-04-09', NULL, 'Active', 17, '2021-04-09 05:57:29', '2021-04-09 05:57:29'),
(64, 5, 6, 19, 31, 64, 24, 14, 'ચાંદલિયો', 'Chandliyo', 'text', 'https://www.youtube.com/watch?v=4xme0WAzXTQ', '', '04:32', 'https://www.youtube.com/watch?v=4xme0WAzXTQ', 'new', 'new', '2021-04-09', NULL, 'Active', 18, '2021-04-09 05:59:42', '2021-04-09 05:59:42'),
(65, 5, 6, 19, 31, 64, 24, 14, 'ચાંદલિયો', 'Chandliyo', 'text', 'https://www.youtube.com/watch?v=ammYBP-1PGI', '', '06:49', 'એનીમેટેડ સમજૂતી', 'new', 'new', '2021-04-09', NULL, 'Active', 19, '2021-04-09 06:00:44', '2021-04-09 06:00:44'),
(66, 5, 6, 19, 31, 64, 25, 14, 'હિમાલયમાં એક સાહસ', 'Himalay ma ek sahas', 'text', 'https://www.youtube.com/watch?v=B_Rh1YBgMEo', '', '10:41', 'એનીમેટેડ સમજૂતી', 'new', 'new', '2021-04-09', NULL, 'Active', 20, '2021-04-09 06:02:33', '2021-04-09 06:02:33'),
(67, 5, 6, 19, 31, 64, 26, 14, 'લઘુ કાવ્યો', 'Laghu Kavyo', 'text', 'https://www.youtube.com/watch?v=xP-lPt1ACKk', '', '17:31', 'એનીમેટેડ સમજૂતી', 'new', 'new', '2021-04-09', NULL, 'Active', 21, '2021-04-09 06:06:53', '2021-04-09 06:06:53'),
(68, 5, 6, 19, 31, 64, 26, 14, 'લઘુ કાવ્યો', 'Laghu Kavyo', 'text', 'https://www.youtube.com/watch?v=xP-lPt1ACKk', '', '17:31', 'એનીમેટેડ સમજૂતી', 'new', 'new', '2021-04-09', NULL, 'Active', 22, '2021-04-09 06:06:54', '2021-04-09 06:06:54'),
(69, 5, 6, 19, 31, 64, 26, 14, 'લઘુ કાવ્યો', 'Laghu Kavyo', 'text', 'https://www.youtube.com/watch?v=IDQYVmXkjUQ', '', '18:00', 'સમજૂતી', 'new', 'new', '2021-04-09', NULL, 'Active', 23, '2021-04-09 06:07:48', '2021-04-09 06:07:48'),
(70, 5, 6, 19, 31, 64, 26, 14, 'લઘુ કાવ્યો', 'Laghu Kavyo', 'text', 'https://www.youtube.com/watch?v=2_UOfTKuyQw', '', '12:37', 'સમજૂતી', 'new', 'new', '2021-04-09', NULL, 'Active', 24, '2021-04-09 06:09:04', '2021-04-09 06:09:04'),
(71, 5, 6, 19, 31, 64, 26, 14, 'લઘુ કાવ્યો', 'Laghu Kavyo', 'text', 'https://www.youtube.com/watch?v=_LzYgnO5yv0', '', '22:29', 'સમજૂતી', 'new', 'new', '2021-04-09', NULL, 'Active', 25, '2021-04-09 06:10:05', '2021-04-09 06:10:05'),
(72, 5, 6, 19, 31, 64, 27, 14, 'ઘોડીની સ્વામિભક્તિ', 'Ghodini Swamibhakti', 'text', 'https://www.youtube.com/watch?v=d1n6We0wCMQ', '', '19:05', 'એનીમેટેડ સમજૂતી', 'new', 'new', '2021-04-09', NULL, 'Active', 26, '2021-04-09 06:13:40', '2021-04-09 06:13:40'),
(73, 5, 6, 19, 31, 64, 27, 14, 'ઘોડીની સ્વામિભક્તિ', 'Ghodini Swamibhakti', 'text', 'https://www.youtube.com/watch?v=5jhgrKZ2sVI', '', '14:41', 'સમજૂતી', 'new', 'new', '2021-04-09', NULL, 'Active', 27, '2021-04-09 06:14:47', '2021-04-09 06:14:47'),
(74, 5, 6, 19, 31, 64, 27, 14, 'ઘોડીની સ્વામિભક્તિ', 'Ghodini Swamibhakti', 'text', 'https://www.youtube.com/watch?v=gdDHvbB2CxU', '', '16:25', 'સમજૂતી', 'new', 'new', '2021-04-09', NULL, 'Active', 28, '2021-04-09 06:15:58', '2021-04-09 06:15:58'),
(75, 5, 6, 19, 30, 63, 2, 14, 'વૈષ્ણવજન', 'Vaishnavjan', 'text', 'https://www.youtube.com/watch?v=12i5hZYJbLI', '', '06:38', 'એનીમેટેડ સમજૂતી', 'new', 'new', '2021-04-09', NULL, 'Active', 47, '2021-04-09 06:17:53', '2021-04-09 06:17:53'),
(76, 5, 6, 19, 30, 63, 2, 14, 'વૈષ્ણવજન', 'Vaishnavjan', 'text', 'https://www.youtube.com/watch?v=w--qqYApSys', '', '11:36', 'સમજૂતી', 'new', 'new', '2021-04-09', NULL, 'Active', 48, '2021-04-09 06:19:47', '2021-04-09 06:19:47'),
(77, 5, 6, 19, 30, 83, 69, 14, 'Against the Odds - Part1', 'અગેન્સ્ટ ધ ઓડડસ - પાર્ટ-૧', 'text', 'https://www.youtube.com/watch?v=6ddktWNjiQQ', '', '21:08', 'Explanation - સમજૂતી', 'new', 'new', '2021-04-09', NULL, 'Active', 1, '2021-04-09 06:33:37', '2021-04-09 06:33:37'),
(78, 5, 6, 19, 30, 83, 69, 14, 'Against The Odds - Part2', 'અગેન્સ્ટ ધ ઓડડસ - પાર્ટ ૨', 'text', 'https://www.youtube.com/watch?v=jjkpMCEFs-I', '', '23:19', 'Explanation - સમજૂતી', 'new', 'new', '2021-04-09', NULL, 'Active', 2, '2021-04-09 06:35:38', '2021-04-09 06:35:38'),
(79, 5, 6, 19, 30, 83, 69, 14, 'Against The Odds', 'અગેન્સ્ટ ધ ઓડડસ', 'text', 'https://www.youtube.com/watch?v=wywDTezAB8c', '', '06:55', 'https://www.youtube.com/watch?v=wywDTezAB8c', 'new', 'new', '2021-04-09', NULL, 'Active', 3, '2021-04-09 06:36:41', '2021-04-09 06:36:41'),
(80, 5, 6, 19, 30, 83, 69, 14, 'Against The Odds', 'અગેન્સ્ટ ધ ઓડડસ', 'text', 'https://www.youtube.com/watch?v=BX7XrnGTclk', '', '09:56', 'Explanation - સમજૂતી', 'new', 'new', '2021-04-09', NULL, 'Active', 4, '2021-04-09 06:37:55', '2021-04-09 06:37:55'),
(81, 5, 6, 19, 30, 83, 69, 14, 'Against The Odds', 'અગેન્સ્ટ ધ ઓડડસ', 'text', 'https://www.youtube.com/watch?v=ygj7Kb7lLkI', '', '10:05', 'Explanation - સમજૂતી', 'new', 'new', '2021-04-09', NULL, 'Active', 5, '2021-04-09 06:40:13', '2021-04-09 06:40:13'),
(82, 5, 6, 19, 30, 83, 70, 14, 'The Human Robot - Part 1', 'ધ હ્યૂમન રોબોટ - પાર્ટ ૧', 'text', 'https://www.youtube.com/watch?v=qdgCOWUFmkY', '', '46:46', 'Explanation - સમજૂતી', 'new', 'new', '2021-04-09', NULL, 'Active', 6, '2021-04-09 06:42:12', '2021-04-09 06:42:12'),
(83, 5, 6, 19, 30, 83, 70, 14, 'The Human Robot - Part 2', 'ધ હ્યૂમન રોબોટ - પાર્ટ ૨', 'text', 'https://www.youtube.com/watch?v=xmR-Y8QuN-o', '', '40:10', 'Explanation - સમજૂતી', 'new', 'new', '2021-04-09', NULL, 'Active', 7, '2021-04-09 06:43:45', '2021-04-09 06:43:45'),
(84, 5, 6, 19, 30, 83, 70, 14, 'The Human Robot - Part 1', 'ધ હ્યૂમન રોબોટ - પાર્ટ ૧', 'text', 'https://www.youtube.com/watch?v=WjzpBYMezfU', '', '23:59', 'Explanation - સમજૂતી', 'new', 'new', '2021-04-09', NULL, 'Active', 8, '2021-04-09 06:45:13', '2021-04-09 06:45:13'),
(85, 5, 6, 19, 30, 83, 70, 14, 'The Human Robot - Part 2', 'ધ હ્યૂમન રોબોટ - પાર્ટ ૨', 'text', 'https://www.youtube.com/watch?v=EVORRibi420', '', '27:30', 'Explanation - સમજૂતી', 'new', 'new', '2021-04-09', NULL, 'Active', 9, '2021-04-09 06:46:35', '2021-04-09 06:46:35'),
(86, 5, 6, 19, 30, 83, 70, 14, 'The Human Robot', 'ધ હ્યૂમન રોબોટ', 'text', 'https://www.youtube.com/watch?v=p5OWBNpUgkI', '', '11:57', 'એનીમેટેડ સમજૂતી', 'new', 'new', '2021-04-09', NULL, 'Active', 10, '2021-04-09 06:47:48', '2021-04-09 06:47:48'),
(87, 5, 6, 19, 30, 83, 71, 14, 'An Interview With Arun', 'એન ઇન્ટરવ્યૂ વિથ અરુણ', 'text', 'https://www.youtube.com/watch?v=SfCqTTOijfc', '', '07:08', 'એનીમેટેડ સમજૂતી', 'new', 'new', '2021-04-10', NULL, 'Active', 11, '2021-04-10 06:29:02', '2021-04-10 06:29:02'),
(88, 5, 6, 19, 30, 83, 71, 14, 'An Interview With Arun - Part 1', 'એન ઇન્ટરવ્યૂ વિથ અરુણ - Part 1', 'text', 'https://www.youtube.com/watch?v=iKQ6ZAivbPY', '', '10:49', 'સમજૂતી', 'new', 'new', '2021-04-10', NULL, 'Active', 12, '2021-04-10 06:30:39', '2021-04-10 06:30:39'),
(89, 5, 6, 19, 30, 83, 71, 14, 'An Interview With Arun - Part 2', 'એન ઇન્ટરવ્યૂ વિથ અરુણ - પાર્ટ ૨', 'text', 'https://www.youtube.com/watch?v=dfBzaZujQco', '', '18:11', 'સમજૂતી', 'new', 'new', '2021-04-10', NULL, 'Active', 13, '2021-04-10 06:31:50', '2021-04-10 06:31:50'),
(90, 5, 6, 19, 30, 83, 71, 14, 'An Interview With Arun - Part 1', 'એન ઇન્ટરવ્યૂ વિથ અરુણ - પાર્ટ ૧', 'text', 'https://www.youtube.com/watch?v=9WixwK5FW5M', '', '23:59', 'સમજૂતી', 'new', 'new', '2021-04-10', NULL, 'Active', 14, '2021-04-10 06:33:40', '2021-04-10 06:33:40'),
(91, 5, 6, 19, 30, 83, 71, 14, 'An Interview With Arun - Part 2', 'એન ઇન્ટરવ્યૂ વિથ અરુણ - પાર્ટ ૨', 'text', 'https://www.youtube.com/watch?v=jjILLncMhEw', '', '20:23', 'સમજૂતી', 'new', 'new', '2021-04-10', NULL, 'Active', 15, '2021-04-10 06:34:34', '2021-04-10 06:34:34'),
(92, 5, 6, 19, 30, 83, 72, 14, 'A Wonderful Creation', 'એ વોન્ડએરફૂલ ક્રિએસન', 'text', 'https://www.youtube.com/watch?v=FI4bB9Lx6Ns', '', '04:40', 'એનીમેટેડ સમજૂતી', 'new', 'new', '2021-04-10', NULL, 'Active', 16, '2021-04-10 06:38:00', '2021-04-10 06:38:00'),
(93, 5, 6, 19, 30, 83, 72, 14, 'A Wonderful Creation', 'એ વોન્ડએરફૂલ ક્રિએસન', 'text', 'https://www.youtube.com/watch?v=99H-zhzQdm8', '', '15:14', 'એનીમેટેડ સમજૂતી', 'new', 'new', '2021-04-10', NULL, 'Active', 17, '2021-04-10 06:38:45', '2021-04-10 06:38:45'),
(94, 5, 6, 19, 30, 83, 72, 14, 'A Wonderful Creation', 'એ વોન્ડએરફૂલ ક્રિએસન', 'text', 'https://www.youtube.com/watch?v=qSwkVHsgHGs', NULL, '07:43', 'સમજૂતી', 'new', 'new', '2021-04-10', NULL, 'Active', 18, '2021-04-10 06:39:54', '2021-04-10 06:41:39'),
(95, 5, 6, 19, 30, 83, 72, 14, 'A Wonderful Creation', 'એ વોન્ડએરફૂલ ક્રિએસન', 'text', 'https://www.youtube.com/watch?v=E6NyDsS02TY', '', '18:06', 'સમજૂતી', 'new', 'new', '2021-04-10', NULL, 'Active', 19, '2021-04-10 06:42:27', '2021-04-10 06:42:27'),
(96, 5, 6, 19, 30, 83, 72, 14, 'A Wonderful Creation - Part 1', 'એ વોન્ડએરફૂલ ક્રિએસન - પાર્ટ ૧', 'text', 'https://www.youtube.com/watch?v=cnYOAowf7Q8', '', '18:20', 'સમજૂતી', 'new', 'new', '2021-04-10', NULL, 'Active', 20, '2021-04-10 06:43:57', '2021-04-10 06:43:57'),
(97, 5, 6, 19, 30, 83, 72, 14, 'A Wonderful Creation - Part 2', 'એ વોન્ડએરફૂલ ક્રિએસન - પાર્ટ 2', 'text', 'https://www.youtube.com/watch?v=IsSAkBNnl2M', '', '15:17', 'સમજૂતી', 'new', 'new', '2021-04-10', NULL, 'Active', 21, '2021-04-10 06:44:38', '2021-04-10 06:44:38'),
(98, 5, 6, 19, 30, 83, 73, 14, 'Playing With Fire - Part 1', 'પ્લેઇંગ વિથ ફાયર - પાર્ટ ૧', 'text', 'https://www.youtube.com/watch?v=gJGrSwZzLz4', '', '32:52', 'સમજૂતી', 'new', 'new', '2021-04-10', NULL, 'Active', 22, '2021-04-10 06:46:16', '2021-04-10 06:46:16'),
(99, 5, 6, 19, 30, 83, 73, 14, 'Playing With Fire - Part 2', 'પ્લેઇંગ વિથ ફાયર - પાર્ટ 2', 'text', 'https://www.youtube.com/watch?v=S51i64uiQeU', '', '34:12', 'સમજૂતી', 'new', 'new', '2021-04-10', NULL, 'Active', 23, '2021-04-10 06:47:11', '2021-04-10 06:47:11'),
(100, 5, 6, 19, 30, 83, 73, 14, 'Playing With Fire', 'પ્લેઇંગ વિથ ફાયર', 'text', 'https://www.youtube.com/watch?v=0v59ivfDcdc', '', '17:37', 'સમજૂતી', 'new', 'new', '2021-04-10', NULL, 'Active', 24, '2021-04-10 06:48:08', '2021-04-10 06:48:08'),
(101, 5, 6, 19, 30, 83, 73, 14, 'Playing With Fire - Part 1', 'પ્લેઇંગ વિથ ફાયર - પાર્ટ ૧', 'text', 'https://www.youtube.com/watch?v=LV15dKG3Scs', '', '22:15', 'એનીમેટેડ સમજૂતી', 'new', 'new', '2021-04-10', NULL, 'Active', 25, '2021-04-10 06:50:04', '2021-04-10 06:50:04'),
(102, 5, 6, 19, 30, 83, 73, 14, 'Playing With Fire - Part 2', 'પ્લેઇંગ વિથ ફાયર - પાર્ટ 2', 'text', 'https://www.youtube.com/watch?v=8Uyq5zbRdYM', '', '19:39', 'એનીમેટેડ સમજૂતી', 'new', 'new', '2021-04-10', NULL, 'Active', 26, '2021-04-10 06:50:44', '2021-04-10 06:50:44'),
(103, 5, 6, 19, 31, 84, 74, 14, 'I Love You, Teacher', 'આઈ લવ યૂ, ટીચર', 'text', 'https://www.youtube.com/watch?v=pdE3qVv24Z4', '', '28:04', 'એનીમેટેડ સમજૂતી', 'new', 'new', '2021-04-10', NULL, 'Active', 1, '2021-04-10 06:54:53', '2021-04-10 06:54:53'),
(104, 5, 6, 19, 31, 84, 74, 14, 'I Love You, Teacher', 'આઈ લવ યૂ, ટીચર', 'text', 'https://www.youtube.com/watch?v=xq4tlKQgBYA', '', '06:21', 'એનીમેટેડ સમજૂતી', 'new', 'new', '2021-04-10', NULL, 'Active', 2, '2021-04-10 06:56:32', '2021-04-10 06:56:32'),
(105, 5, 6, 19, 31, 84, 74, 14, 'I Love You, Teacher - Part 1', 'આઈ લવ યૂ, ટીચર - પાર્ટ ૧', 'text', 'https://www.youtube.com/watch?v=aaHRaIwSuz8', '', '18:01', 'સમજૂતી', 'new', 'new', '2021-04-10', NULL, 'Active', 3, '2021-04-10 06:58:14', '2021-04-10 06:58:14'),
(106, 5, 6, 19, 31, 84, 74, 14, 'I Love You, Teacher - Part 2', 'આઈ લવ યૂ, ટીચર - પાર્ટ ૨', 'text', 'https://www.youtube.com/watch?v=O8oP8MyLwmQ', '', '19:20', 'સમજૂતી', 'new', 'new', '2021-04-10', NULL, 'Active', 4, '2021-04-10 06:59:42', '2021-04-10 06:59:42'),
(107, 5, 6, 19, 31, 84, 74, 14, 'I Love You, Teacher', 'આઈ લવ યૂ, ટીચર', 'text', 'https://www.youtube.com/watch?v=jUCqz2DuzB0', '', '21:25', 'સમજૂતી', 'new', 'new', '2021-04-10', NULL, 'Active', 5, '2021-04-10 07:06:51', '2021-04-10 07:06:51'),
(108, 5, 6, 19, 31, 84, 75, 14, 'Kach & Devyani', 'કચ એન્ડ દેવયાની', 'text', 'https://www.youtube.com/watch?v=_Bkmznjgyew', '', '06:42', 'એનીમેટેડ સમજૂતી', 'new', 'new', '2021-04-10', NULL, 'Active', 6, '2021-04-10 07:14:30', '2021-04-10 07:14:30'),
(109, 5, 6, 19, 31, 84, 75, 14, 'Kach & Devyani - Part 1', 'કચ એન્ડ દેવયાની - પાર્ટ ૧', 'text', 'https://www.youtube.com/watch?v=UYx2QQ01Yk0', '', '29:20', 'સમજૂતી', 'new', 'new', '2021-04-10', NULL, 'Active', 7, '2021-04-10 07:15:54', '2021-04-10 07:15:54'),
(110, 5, 6, 19, 31, 84, 75, 14, 'Kach & Devyani - Part 2', 'કચ એન્ડ દેવયાની - પાર્ટ ૨', 'text', 'https://www.youtube.com/watch?v=aHLGYcBAKhA', '', '28:02', 'સમજૂતી', 'new', 'new', '2021-04-10', NULL, 'Active', 8, '2021-04-10 07:16:49', '2021-04-10 07:16:49'),
(111, 5, 6, 19, 31, 84, 75, 14, 'Kach & Devyani - Part 1', 'કચ એન્ડ દેવયાની - પાર્ટ ૧', 'text', 'https://www.youtube.com/watch?v=onYyrc1K_Cc', '', '17:36', 'એનીમેટેડ સમજૂતી', 'new', 'new', '2021-04-10', NULL, 'Active', 9, '2021-04-10 07:18:16', '2021-04-10 07:18:16'),
(112, 5, 6, 19, 31, 84, 75, 14, 'Kach & Devyani - Part 2', 'કચ એન્ડ દેવયાની - પાર્ટ ૨', 'text', 'https://www.youtube.com/watch?v=aV5ErONg39U', '', '13:38', 'એનીમેટેડ સમજૂતી', 'new', 'new', '2021-04-10', NULL, 'Active', 10, '2021-04-10 07:19:04', '2021-04-10 07:19:04'),
(113, 5, 6, 19, 31, 84, 76, 14, 'Our Feathered Friends', 'અવર ફિધરર્ડ ફ્રેન્ડ્સ', 'text', 'https://www.youtube.com/watch?v=BeX4MGp8BZI', '', '12:52', 'એનીમેટેડ સમજૂતી', 'new', 'new', '2021-04-12', NULL, 'Active', 11, '2021-04-12 03:23:27', '2021-04-12 03:23:27'),
(114, 5, 6, 19, 31, 84, 76, 14, 'Our Feathered Friends', 'અવર ફિધરર્ડ ફ્રેન્ડ્સ', 'text', 'https://www.youtube.com/watch?v=ntyeafkRXTQ', '', '47:20', 'એનીમેટેડ સમજૂતી', 'new', 'new', '2021-04-12', NULL, 'Active', 12, '2021-04-12 03:24:37', '2021-04-12 03:24:37'),
(115, 5, 6, 19, 31, 84, 76, 14, 'Our Feathered Friends - Part 1', 'અવર ફિધરર્ડ ફ્રેન્ડ્સ - પાર્ટ ૧', 'text', 'https://www.youtube.com/watch?v=7DZTTrSGcFU', '', '21:14', 'સમજૂતી', 'new', 'new', '2021-04-12', NULL, 'Active', 13, '2021-04-12 03:26:37', '2021-04-12 03:26:37'),
(116, 5, 6, 19, 31, 84, 76, 14, 'Our Feathered Friends - Part 2', 'અવર ફિધરર્ડ ફ્રેન્ડ્સ - પાર્ટ 2', 'text', 'https://www.youtube.com/watch?v=Da4By_1aAoc', '', '19:06', 'સમજૂતી', 'new', 'new', '2021-04-12', NULL, 'Active', 14, '2021-04-12 03:27:18', '2021-04-12 03:27:18'),
(117, 5, 6, 19, 31, 84, 76, 14, 'Our Feathered Friends - Part 1', 'અવર ફિધરર્ડ ફ્રેન્ડ્સ - પાર્ટ ૧', 'text', 'https://www.youtube.com/watch?v=tRlSAIyMS2Q', '', '13:00', 'સમજૂતી - હિન્દી', 'new', 'new', '2021-04-12', NULL, 'Active', 15, '2021-04-12 03:29:19', '2021-04-12 03:29:19'),
(118, 5, 6, 19, 31, 84, 76, 14, 'Our Feathered Friends - Part 2', 'અવર ફિધરર્ડ ફ્રેન્ડ્સ - પાર્ટ 2', 'text', 'https://www.youtube.com/watch?v=FyqAv_045iI', '', '11:20', 'સમજૂતી - હિન્દી', 'new', 'new', '2021-04-12', NULL, 'Active', 16, '2021-04-12 03:30:17', '2021-04-12 03:30:17'),
(119, 5, 6, 19, 31, 84, 77, 14, 'Turn Up O Teens', 'ટર્ન અપ ઑ ટીનસ', 'text', 'https://www.youtube.com/watch?v=S75ktmeccAk', NULL, '11:28', 'એનીમેટેડ સમજૂતી', 'new', 'new', '2021-04-12', NULL, 'Active', 17, '2021-04-12 03:31:08', '2021-04-12 03:32:27'),
(120, 5, 6, 19, 31, 84, 77, 14, 'Turn Up O Teens', 'ટર્ન અપ ઑ ટીનસ', 'text', 'https://www.youtube.com/watch?v=n9rGhkIBD24', '', '31:46', 'સમજૂતી', 'new', 'new', '2021-04-12', NULL, 'Active', 18, '2021-04-12 03:33:39', '2021-04-12 03:33:39'),
(121, 5, 6, 19, 31, 84, 77, 14, 'Turn Up O Teens - Part 1', 'ટર્ન અપ ઑ ટીનસ - પાર્ટ ૧', 'text', 'https://www.youtube.com/watch?v=dqRlPPdq1KQ', '', '15:00', 'સમજૂતી', 'new', 'new', '2021-04-12', NULL, 'Active', 19, '2021-04-12 03:34:49', '2021-04-12 03:34:49'),
(122, 5, 6, 19, 31, 84, 77, 14, 'Turn Up O Teens - Part 2', 'ટર્ન અપ ઑ ટીનસ - પાર્ટ ૨', 'text', 'https://www.youtube.com/watch?v=MGJtB1d2kDQ', '', '16:30', 'સમજૂતી', 'new', 'new', '2021-04-12', NULL, 'Active', 20, '2021-04-12 03:36:16', '2021-04-12 03:36:16'),
(123, 5, 6, 19, 31, 84, 77, 14, 'Turn Up O Teens - Part 3', 'ટર્ન અપ ઑ ટીનસ - પાર્ટ ૩', 'text', 'https://www.youtube.com/watch?v=N9vyZBaGB28', '', '19:22', 'સમજૂતી', 'new', 'new', '2021-04-12', NULL, 'Active', 21, '2021-04-12 03:37:28', '2021-04-12 03:37:28'),
(124, 5, 6, 19, 31, 84, 77, 14, 'Turn Up O Teens - Part 4', 'ટર્ન અપ ઑ ટીનસ - પાર્ટ 4', 'text', 'https://www.youtube.com/watch?v=tOm5T51Qr3M', '', '12:33', 'સમજૂતી', 'new', 'new', '2021-04-12', NULL, 'Active', 22, '2021-04-12 03:38:08', '2021-04-12 03:38:08'),
(125, 5, 6, 19, 31, 84, 78, 14, 'Test of True Love', 'ટેસ્ટ ઓફ ટ્રૂ લવ', 'text', 'https://www.youtube.com/watch?v=4BKqm5TUqQg', '', '07:19', 'એનીમેટેડ સમજૂતી', 'new', 'new', '2021-04-12', NULL, 'Active', 23, '2021-04-12 03:39:08', '2021-04-12 03:39:08'),
(126, 5, 6, 19, 31, 84, 78, 14, 'Test of True Love - Part 1', 'ટેસ્ટ ઓફ ટ્રૂ લવ - પાર્ટ ૧', 'text', 'https://www.youtube.com/watch?v=MAXqPj4M1wk', '', '16:06', 'સમજૂતી', 'new', 'new', '2021-04-12', NULL, 'Active', 24, '2021-04-12 03:40:46', '2021-04-12 03:40:46'),
(127, 5, 6, 19, 31, 84, 78, 14, 'Test of True Love - Part 2', 'ટેસ્ટ ઓફ ટ્રૂ લવ - પાર્ટ ૨', 'text', 'https://www.youtube.com/watch?v=ua17DFEZNho', '', '13:58', 'સમજૂતી', 'new', 'new', '2021-04-12', NULL, 'Active', 25, '2021-04-12 03:41:55', '2021-04-12 03:41:55'),
(128, 5, 6, 19, 31, 84, 78, 14, 'Test of True Love - Part 3', 'ટેસ્ટ ઓફ ટ્રૂ લવ - પાર્ટ 3', 'text', 'https://www.youtube.com/watch?v=rPJWYqywi8c', '', '15:34', 'સમજૂતી', 'new', 'new', '2021-04-12', NULL, 'Active', 26, '2021-04-12 03:42:34', '2021-04-12 03:42:34'),
(129, 5, 6, 19, 31, 84, 79, 14, 'My Song', 'માય સોંગ', 'text', 'https://www.youtube.com/watch?v=KDRK2kt_4u8', '', '02:21', 'એનીમેટેડ સમજૂતી', 'new', 'new', '2021-04-12', NULL, 'Active', 27, '2021-04-12 03:44:17', '2021-04-12 03:44:17'),
(130, 5, 6, 19, 31, 84, 79, 14, 'My Song', 'માય સોંગ', 'text', 'https://www.youtube.com/watch?v=HZ4niw1keEU', NULL, '07:41', 'સમજૂતી', 'new', 'new', '2021-04-12', NULL, 'Active', 28, '2021-04-12 03:45:24', '2021-04-12 03:45:55'),
(131, 5, 6, 19, 31, 84, 79, 14, 'My Song', 'માય સોંગ', 'text', 'https://www.youtube.com/watch?v=JdziLQDvqL0', '', '08:12', 'સમજૂતી', 'new', 'new', '2021-04-12', NULL, 'Active', 29, '2021-04-12 03:47:03', '2021-04-12 03:47:03'),
(132, 5, 6, 19, 31, 84, 79, 14, 'My Song', 'માય સોંગ', 'text', 'https://www.youtube.com/watch?v=m-a7bX7qfHo', '', '17:05', 'સમજૂતી', 'new', 'new', '2021-04-12', NULL, 'Active', 30, '2021-04-12 03:47:48', '2021-04-12 03:47:48'),
(133, 5, 6, 19, 31, 84, 79, 14, 'My Song', 'માય સોંગ', 'text', 'https://www.youtube.com/watch?v=QtR7UAenciE', '', '07:21', 'સમજૂતી', 'new', 'new', '2021-04-12', NULL, 'Active', 31, '2021-04-12 03:48:33', '2021-04-12 03:48:33'),
(134, 5, 6, 19, 31, 84, 80, 14, 'Pencil', 'પેન્સિલ', 'text', 'https://www.youtube.com/watch?v=1ZeENuHvx6U', '', '02:16', 'એનીમેટેડ સમજૂતી', 'new', 'new', '2021-04-12', NULL, 'Active', 32, '2021-04-12 03:49:39', '2021-04-12 03:49:39'),
(135, 5, 6, 19, 31, 84, 80, 14, 'Pencil', 'પેન્સિલ', 'text', 'https://www.youtube.com/watch?v=AIZdGEhN5kg', '', '10:26', 'એનીમેટેડ સમજૂતી', 'new', 'new', '2021-04-12', NULL, 'Active', 33, '2021-04-12 03:50:20', '2021-04-12 03:50:20'),
(136, 5, 6, 19, 31, 84, 80, 14, 'Pencil', 'પેન્સિલ', 'text', 'https://www.youtube.com/watch?v=X8FtPY2Q8ug', '', '06:58', 'સમજૂતી', 'new', 'new', '2021-04-12', NULL, 'Active', 34, '2021-04-12 03:50:57', '2021-04-12 03:50:57'),
(137, 5, 6, 19, 31, 84, 80, 14, 'Pencil', 'પેન્સિલ', 'text', 'https://www.youtube.com/watch?v=apK2hVoRsPw', '', '08:39', 'સમજૂતી', 'new', 'new', '2021-04-12', NULL, 'Active', 35, '2021-04-12 03:51:57', '2021-04-12 03:51:57'),
(138, 5, 6, 19, 31, 84, 80, 14, 'Pencil', 'પેન્સિલ', 'text', 'https://www.youtube.com/watch?v=3dfHyOtLGQE', '', '08:15', 'સમજૂતી', 'new', 'new', '2021-04-12', NULL, 'Active', 36, '2021-04-12 03:53:08', '2021-04-12 03:53:08'),
(139, 5, 6, 19, 31, 84, 81, 14, 'Growing', 'ગ્રોઈંગ', 'text', 'https://www.youtube.com/watch?v=0XRR7cId1_8', '', '05:57', 'સમજૂતી', 'new', 'new', '2021-04-12', NULL, 'Active', 37, '2021-04-12 03:59:20', '2021-04-12 03:59:20'),
(140, 5, 6, 19, 31, 84, 81, 14, 'Growing', 'ગ્રોઈંગ', 'text', 'https://www.youtube.com/watch?v=ZBstPRBfWHY', '', '06:09', 'સમજૂતી - હિન્દી', 'new', 'new', '2021-04-12', NULL, 'Active', 38, '2021-04-12 04:00:14', '2021-04-12 04:00:14'),
(141, 5, 6, 19, 31, 84, 81, 14, 'Growing', 'ગ્રોઈંગ', 'text', 'https://www.youtube.com/watch?v=i2Mqd2-nTWU', '', '06:24', 'સમજૂતી', 'new', 'new', '2021-04-12', NULL, 'Active', 39, '2021-04-12 04:01:13', '2021-04-12 04:01:13'),
(142, 5, 6, 19, 31, 84, 81, 14, 'Growing', 'ગ્રોઈંગ', 'text', 'https://www.youtube.com/watch?v=m1qtK77-nXI', '', '10:25', 'સમજૂતી', 'new', 'new', '2021-04-12', NULL, 'Active', 40, '2021-04-12 04:02:11', '2021-04-12 04:02:11'),
(143, 5, 6, 19, 31, 84, 81, 14, 'Growing', 'ગ્રોઈંગ', 'text', 'https://www.youtube.com/watch?v=uDTxs6sEKkY', '', '10:10', 'સમજૂતી', 'new', 'new', '2021-04-12', NULL, 'Active', 41, '2021-04-12 04:03:01', '2021-04-12 04:03:01'),
(144, 5, 6, 19, 31, 84, 82, 14, 'Vanila Twilight', 'વેનીલા ટવીલાઇટ', 'text', 'https://www.youtube.com/watch?v=dERoAh3J7iA', '', '09:16', 'સમજૂતી', 'new', 'new', '2021-04-12', NULL, 'Active', 42, '2021-04-12 04:05:52', '2021-04-12 04:05:52'),
(145, 5, 6, 19, 31, 84, 82, 14, 'Vanila Twilight', 'વેનીલા ટવીલાઇટ', 'text', 'https://www.youtube.com/results?search_query=std-10+gseb+english+poem-4+animation', '', '08:09', 'સમજૂતી', 'new', 'new', '2021-04-12', NULL, 'Active', 43, '2021-04-12 04:07:14', '2021-04-12 04:07:14'),
(146, 5, 6, 19, 30, 73, 38, 14, 'प्रभुजी तुम चंदन हम पानी', 'Prabhuji Tum Chandan Hum Pani', 'text', 'https://www.youtube.com/watch?v=Q6d2ARpXgX4', '', '07:29', 'એનીમેટેડ સમજૂતી', 'new', 'new', '2021-04-12', NULL, 'Active', 1, '2021-04-12 04:09:56', '2021-04-12 04:09:56'),
(147, 5, 6, 19, 30, 73, 38, 14, 'प्रभुजी तुम चंदन हम पानी', 'Prabhuji Tum Chandan Hum Pani', 'text', 'https://www.youtube.com/watch?v=t-2DASBQqeE', '', '11:08', 'સમજૂતી', 'new', 'new', '2021-04-12', NULL, 'Active', 2, '2021-04-12 04:11:00', '2021-04-12 04:11:00'),
(148, 5, 6, 19, 30, 73, 38, 14, 'प्रभुजी तुम चंदन हम पानी', 'Prabhuji Tum Chandan Hum Pani', 'text', 'https://www.youtube.com/watch?v=UzhDqxRT7E8', '', '08:41', 'એનીમેટેડ સમજૂતી', 'new', 'new', '2021-04-12', NULL, 'Active', 3, '2021-04-12 04:13:10', '2021-04-12 04:13:10'),
(149, 5, 6, 19, 30, 73, 39, 14, 'बूढ़ी काकी', 'Budhi Kaki', 'text', 'https://www.youtube.com/watch?v=8aI4nfno5Z0', '', '21:22', 'એનીમેટેડ સમજૂતી', 'new', 'new', '2021-04-12', NULL, 'Active', 4, '2021-04-12 04:14:27', '2021-04-12 04:14:27'),
(150, 5, 6, 19, 30, 73, 39, 14, 'बूढ़ी काकी', 'Budhi Kaki', 'text', 'https://www.youtube.com/watch?v=u1o2NUYPVEM', '', '14:44', 'એનીમેટેડ સમજૂતી', 'new', 'new', '2021-04-12', NULL, 'Active', 5, '2021-04-12 04:15:21', '2021-04-12 04:15:21'),
(151, 5, 6, 19, 30, 73, 39, 14, 'बूढ़ी काकी', 'Budhi Kaki', 'text', 'https://www.youtube.com/watch?v=UiWVoMbqVb4', '', '38:45', 'સમજૂતી', 'new', 'new', '2021-04-12', NULL, 'Active', 6, '2021-04-12 04:16:52', '2021-04-12 04:16:52'),
(152, 5, 6, 19, 30, 73, 40, 14, 'सवैये', 'Savaiye', 'text', 'https://www.youtube.com/watch?v=PkijbvpYIj0', '', '21:59', 'સમજૂતી', 'new', 'new', '2021-04-12', NULL, 'Active', 7, '2021-04-12 04:18:26', '2021-04-12 04:18:26'),
(153, 5, 6, 19, 30, 73, 40, 14, 'सवैये', 'Savaiye', 'text', 'https://www.youtube.com/watch?v=3XNEWB5suDw', '', '04:47', 'સમજૂતી', 'new', 'new', '2021-04-12', NULL, 'Active', 8, '2021-04-12 04:19:25', '2021-04-12 04:19:25'),
(154, 5, 6, 19, 30, 73, 40, 14, 'सवैये', 'Savaiye', 'text', 'https://www.youtube.com/watch?v=hVh18KzzaS8', '', '12:17', 'સમજૂતી', 'new', 'new', '2021-04-12', NULL, 'Active', 9, '2021-04-12 04:20:18', '2021-04-12 04:20:18'),
(155, 5, 6, 19, 30, 73, 41, 14, 'एक प्रश्न : चार उत्तर', 'Ek Prshna : Char Uttar', 'text', 'https://www.youtube.com/watch?v=n5ns-VNRIW4', '', '37:37', 'સમજૂતી', 'new', 'new', '2021-04-12', NULL, 'Active', 10, '2021-04-12 04:44:09', '2021-04-12 04:44:09'),
(156, 5, 6, 19, 30, 73, 41, 14, 'एक प्रश्न : चार उत्तर', 'Ek Prshna : Char Uttar', 'text', 'https://www.youtube.com/watch?v=VwC0Fthzm2I', '', '14:48', 'સમજૂતી', 'new', 'new', '2021-04-12', NULL, 'Active', 11, '2021-04-12 04:45:30', '2021-04-12 04:45:30'),
(157, 5, 6, 19, 30, 73, 41, 14, 'एक प्रश्न : चार उत्तर', 'Ek Prashna : Char Uttar', 'text', 'https://www.youtube.com/watch?v=0mx9sDab-VU', '', '11:39', 'સમજૂતી', 'new', 'new', '2021-04-12', NULL, 'Active', 12, '2021-04-12 04:46:27', '2021-04-12 04:46:27'),
(158, 5, 6, 19, 30, 73, 41, 14, 'एक प्रश्न : चार उत्तर - पार्ट १', 'Ek Prshna : Char Uttar - Part 1', 'text', 'https://www.youtube.com/watch?v=GP-XeQaYBzE', '', '24:04', 'સમજૂતી', 'new', 'new', '2021-04-12', NULL, 'Active', 13, '2021-04-12 04:48:05', '2021-04-12 04:48:05'),
(159, 5, 6, 19, 30, 73, 41, 14, 'एक प्रश्न : चार उत्तर - पार्ट 2', 'Ek Prshna : Char Uttar - Part 2', 'text', 'https://www.youtube.com/watch?v=jDMToHH07zY', '', '28:34', 'સમજૂતી', 'new', 'new', '2021-04-12', NULL, 'Active', 14, '2021-04-12 04:48:46', '2021-04-12 04:48:46'),
(160, 5, 6, 19, 30, 73, 42, 14, 'मीरा के पद', 'Mira Ke Pad', 'text', 'https://www.youtube.com/watch?v=ZyppFNJhbvg', '', '11:20', 'સમજૂતી', 'new', 'new', '2021-04-12', NULL, 'Active', 15, '2021-04-12 04:50:35', '2021-04-12 04:50:35'),
(161, 5, 6, 19, 30, 73, 42, 14, 'मीरा के पद', 'Mira Ke Pad', 'text', 'https://www.youtube.com/watch?v=xwv3q1WS97o', '', '07:40', 'સમજૂતી', 'new', 'new', '2021-04-12', NULL, 'Active', 16, '2021-04-12 04:51:25', '2021-04-12 04:51:25'),
(162, 5, 6, 19, 30, 73, 42, 14, 'मीरा के पद', 'Mira Ke Pad', 'text', 'https://www.youtube.com/watch?v=MSy3xwCjw4U', '', '30:18', 'સમજૂતી', 'new', 'new', '2021-04-12', NULL, 'Active', 17, '2021-04-12 04:52:15', '2021-04-12 04:52:15'),
(163, 5, 6, 19, 30, 73, 42, 14, 'मीरा के पद', 'Mira Ke Pad', 'text', 'https://www.youtube.com/watch?v=XZ3uj09WBoc', '', '11:09', 'સમજૂતી', 'new', 'new', '2021-04-12', NULL, 'Active', 18, '2021-04-12 04:53:04', '2021-04-12 04:53:04'),
(164, 5, 6, 19, 30, 73, 43, 14, 'कालिदास का प्राणीप्रेम', 'Kalidas ka Praniprem', 'text', 'https://www.youtube.com/watch?v=vCfJmoaUWAU', '', '26:50', 'સમજૂતી', 'new', 'new', '2021-04-12', NULL, 'Active', 19, '2021-04-12 05:33:28', '2021-04-12 05:33:28'),
(165, 5, 6, 19, 30, 73, 43, 14, 'कालिदास का प्राणीप्रेम', 'Kalidas ka Praniprem', 'text', 'https://www.youtube.com/watch?v=M-kfsaYTEkk', '', '24:39', 'સમજૂતી', 'new', 'new', '2021-04-12', NULL, 'Active', 20, '2021-04-12 05:34:25', '2021-04-12 05:34:25'),
(166, 5, 6, 19, 30, 73, 43, 14, 'कालिदास का प्राणीप्रेम', 'Kalidas ka Praniprem', 'text', 'https://www.youtube.com/watch?v=GcZhjQGt7mY', '', '12:36', 'સમજૂતી', 'new', 'new', '2021-04-12', NULL, 'Active', 21, '2021-04-12 05:36:09', '2021-04-12 05:36:09'),
(167, 5, 6, 19, 30, 73, 43, 14, 'कालिदास का प्राणीप्रेम', 'Kalidas ka Praniprem', 'text', 'https://www.youtube.com/watch?v=mUc4AsvUzxM', '', '09:39', 'સમજૂતી', 'new', 'new', '2021-04-12', NULL, 'Active', 22, '2021-04-12 05:42:02', '2021-04-12 05:42:02'),
(168, 5, 6, 19, 30, 73, 44, 14, 'जन्मभूमि', 'Janmbhumi', 'text', 'https://www.youtube.com/watch?v=hFJLBtIC3O4', '', '27:32', 'સમજૂતી', 'new', 'new', '2021-04-12', NULL, 'Active', 23, '2021-04-12 05:43:21', '2021-04-12 05:43:21'),
(169, 5, 6, 19, 30, 73, 44, 14, 'जन्मभूमि', 'Janmbhumi', 'text', 'youtube.com/watch?v=rDMdys6-XAI', '', '17:00', 'સમજૂતી', 'new', 'new', '2021-04-12', NULL, 'Active', 24, '2021-04-12 05:46:02', '2021-04-12 05:46:02'),
(170, 5, 6, 19, 30, 73, 44, 14, 'जन्मभूमि', 'जन्मभूमि', 'text', 'https://www.youtube.com/watch?v=xtxb7hCZpNc', '', '08:30', 'સમજૂતી', 'new', 'new', '2021-04-12', NULL, 'Active', 25, '2021-04-12 05:47:15', '2021-04-12 05:47:15'),
(171, 5, 6, 19, 30, 73, 45, 14, 'सुधामूर्ति', 'Sudha Murti', 'text', 'https://www.youtube.com/watch?v=YdpL3-mcDbM', '', '17:58', 'સમજૂતી', 'new', 'new', '2021-04-12', NULL, 'Active', 26, '2021-04-12 05:50:28', '2021-04-12 05:50:28'),
(172, 5, 6, 19, 30, 73, 45, 14, 'सुधामूर्ति', 'Sudha Murti', 'text', 'https://www.youtube.com/watch?v=He96pLWE81o', '', '20:33', 'સમજૂતી', 'new', 'new', '2021-04-12', NULL, 'Active', 27, '2021-04-12 05:51:57', '2021-04-12 05:51:57'),
(173, 5, 6, 19, 30, 73, 45, 14, 'सुधामूर्ति', 'Sudha Murti', 'text', 'https://www.youtube.com/watch?v=ZHFjXjzUUtc', '', '32:37', 'સમજૂતી', 'new', 'new', '2021-04-12', NULL, 'Active', 28, '2021-04-12 05:52:38', '2021-04-12 05:52:38'),
(174, 5, 6, 19, 30, 73, 46, 14, 'कुत्ते की सिख', 'Kute Ki Sikh', 'text', 'https://www.youtube.com/watch?v=Hk9ATMr7oqI', '', '04:52', 'સમજૂતી', 'new', 'new', '2021-04-12', NULL, 'Active', 29, '2021-04-12 05:56:53', '2021-04-12 05:56:53'),
(175, 5, 6, 19, 30, 73, 46, 14, 'कुत्ते की सिख', 'Kute Ki Sikh', 'text', 'https://www.youtube.com/watch?v=u4RuGXc3TnI', '', '13:14', 'એનીમેટેડ સમજૂતી', 'new', 'new', '2021-04-12', NULL, 'Active', 30, '2021-04-12 05:57:31', '2021-04-12 05:57:31'),
(176, 5, 6, 19, 30, 73, 46, 14, 'कुत्ते की सिख', 'Kute Ki Sikh', 'text', 'https://www.youtube.com/watch?v=bybqocRGvT8', '', '12:52', 'સમજૂતી', 'new', 'new', '2021-04-12', NULL, 'Active', 31, '2021-04-12 05:58:45', '2021-04-12 05:58:45'),
(177, 5, 6, 19, 30, 73, 46, 14, 'कुत्ते की सिख', 'Kute Ki Sikh', 'text', 'https://www.youtube.com/watch?v=ZpbIvWly0qo', '', '12:00', 'સમજૂતી', 'new', 'new', '2021-04-12', NULL, 'Active', 32, '2021-04-12 06:00:16', '2021-04-12 06:00:16'),
(178, 5, 6, 19, 30, 73, 47, 14, 'जीने की कला', 'Jine ki Kala', 'text', 'https://www.youtube.com/watch?v=SIU_zybbCWU', '', '22:49', 'સમજૂતી', 'new', 'new', '2021-04-12', NULL, 'Active', 33, '2021-04-12 06:02:17', '2021-04-12 06:02:17'),
(179, 5, 6, 19, 30, 73, 47, 14, 'जीने की कला', 'Jine ki Kala', 'text', 'https://www.youtube.com/watch?v=1KBjjyjwK9w', '', '16:10', 'સમજૂતી', 'new', 'new', '2021-04-12', NULL, 'Active', 34, '2021-04-12 06:02:48', '2021-04-12 06:02:48'),
(180, 5, 6, 19, 30, 73, 47, 14, 'जीने की कला', 'Jine ki Kala', 'text', 'https://www.youtube.com/watch?v=jV5HBleas9o', '', '20:40', 'એનીમેટેડ સમજૂતી', 'new', 'new', '2021-04-12', NULL, 'Active', 35, '2021-04-12 06:03:34', '2021-04-12 06:03:34'),
(181, 5, 6, 19, 30, 73, 48, 14, 'भारतवर्ष हमारा है', 'Bharatvarsh Hamara Hein', 'text', 'https://www.youtube.com/watch?v=0F6QIcFB0_8', '', '07:35', 'સમજૂતી', 'new', 'new', '2021-04-12', NULL, 'Active', 36, '2021-04-12 10:39:35', '2021-04-12 10:39:35'),
(182, 5, 6, 19, 30, 73, 48, 14, 'भारतवर्ष हमारा है', 'Bharatvarsh Hamara Hein', 'text', 'https://www.youtube.com/watch?v=OUn971nBPcA', '', '13:06', 'સમજૂતી', 'new', 'new', '2021-04-12', NULL, 'Active', 37, '2021-04-12 10:40:37', '2021-04-12 10:40:37'),
(183, 5, 6, 19, 30, 73, 48, 14, 'भारतवर्ष हमारा है', 'Bharatvarsh Hamara Hein', 'text', 'https://www.youtube.com/watch?v=bTxgIAjAaYc', '', '07:43', 'સમજૂતી', 'new', 'new', '2021-04-12', NULL, 'Active', 38, '2021-04-12 10:41:41', '2021-04-12 10:41:41'),
(184, 5, 6, 19, 30, 73, 48, 14, 'भारतवर्ष हमारा है', 'Bharatvarsh Hamara Hein', 'text', 'https://www.youtube.com/watch?v=Jn245fPgv4E', '', '14:44', 'સમજૂતી', 'new', 'new', '2021-04-12', NULL, 'Active', 39, '2021-04-12 10:42:26', '2021-04-12 10:42:26'),
(185, 5, 6, 19, 31, 74, 49, 14, 'एक नई शरुआत', 'Ek nayi Sharuaat', 'text', 'https://www.youtube.com/watch?v=Pt0D8nfsKtI', '', '32:58', 'સમજૂતી', 'new', 'new', '2021-04-12', NULL, 'Active', 1, '2021-04-12 10:44:16', '2021-04-12 10:44:16'),
(186, 5, 6, 19, 31, 74, 49, 14, 'एक नई शरुआत', 'Ek nayi Sharuaat', 'text', 'https://www.youtube.com/watch?v=E2lf8p5C8j4', '', '25:54', 'સમજૂતી', 'new', 'new', '2021-04-12', NULL, 'Active', 2, '2021-04-12 10:45:22', '2021-04-12 10:45:22'),
(187, 5, 6, 19, 31, 74, 49, 14, 'एक नई शरुआत', 'Ek nayi Sharuaat', 'text', 'https://www.youtube.com/watch?v=o2sjk0oTlO0', '', '15:57', 'સમજૂતી', 'new', 'new', '2021-04-12', NULL, 'Active', 3, '2021-04-12 10:46:45', '2021-04-12 10:46:45'),
(188, 5, 6, 19, 31, 74, 50, 14, 'साधूपदेश', 'Shadhupdesh', 'text', 'https://www.youtube.com/watch?v=vCB-cUHtPkA', '', '19:58', 'સમજૂતી', 'new', 'new', '2021-04-12', NULL, 'Active', 4, '2021-04-12 10:48:23', '2021-04-12 10:48:23'),
(189, 5, 6, 19, 31, 74, 50, 14, 'साधूपदेश', 'Shadhupdesh', 'text', 'https://www.youtube.com/watch?v=tncpxg7Rl7U', '', '05:53', 'સમજૂતી', 'new', 'new', '2021-04-12', NULL, 'Active', 5, '2021-04-12 10:49:31', '2021-04-12 10:49:31'),
(190, 5, 6, 19, 31, 74, 50, 14, 'साधूपदेश', 'Shadhupdesh', 'text', 'https://www.youtube.com/watch?v=-maTjgJBcB4', '', '20:04', 'સમજૂતી', 'new', 'new', '2021-04-12', NULL, 'Active', 6, '2021-04-12 10:50:26', '2021-04-12 10:50:26'),
(191, 5, 6, 19, 31, 74, 50, 14, 'साधूपदेश', 'Shadhupdesh', 'text', 'https://www.youtube.com/watch?v=E8H58uBrJCw', '', '21:17', 'સમજૂતી', 'new', 'new', '2021-04-12', NULL, 'Active', 7, '2021-04-12 10:51:14', '2021-04-12 10:51:14'),
(192, 5, 6, 19, 31, 74, 51, 14, 'मेरी माँ', 'Meri Maa', 'text', 'https://www.youtube.com/watch?v=wLwrVsxhknY', '', '22:01', 'સમજૂતી', 'new', 'new', '2021-04-12', NULL, 'Active', 8, '2021-04-12 10:52:25', '2021-04-12 10:52:25'),
(193, 5, 6, 19, 31, 74, 51, 14, 'मेरी माँ', 'Meri Maa', 'text', 'https://www.youtube.com/watch?v=e7iTs5WtBDM', '', '04:59', 'એનીમેટેડ સમજૂતી', 'new', 'new', '2021-04-12', NULL, 'Active', 9, '2021-04-12 10:56:12', '2021-04-12 10:56:12'),
(194, 5, 6, 19, 31, 74, 51, 14, 'मेरी माँ', 'Meri Maa', 'text', 'https://www.youtube.com/watch?v=vWKoZ8DBVQA', NULL, '15:50', 'સમજૂતી', 'new', 'new', '2021-04-12', NULL, 'Active', 10, '2021-04-12 10:56:55', '2021-04-12 10:57:10'),
(195, 5, 6, 19, 31, 74, 51, 14, 'मेरी माँ', 'Meri Maa', 'text', 'https://www.youtube.com/watch?v=wgZG6-_TMM8', '', '13:35', 'સમજૂતી', 'new', 'new', '2021-04-12', NULL, 'Active', 11, '2021-04-12 10:58:07', '2021-04-12 10:58:07'),
(196, 5, 6, 19, 31, 74, 51, 14, 'मेरी माँ', 'Meri Maa', 'text', 'https://www.youtube.com/watch?v=wL5rcRzdM64', '', '16:37', 'સમજૂતી', 'new', 'new', '2021-04-12', NULL, 'Active', 12, '2021-04-12 10:58:55', '2021-04-12 10:58:55'),
(197, 5, 6, 19, 31, 74, 52, 14, 'है जन शक्ति महान', 'Hei Janshakti Mahan', 'text', 'https://www.youtube.com/watch?v=RZ9IZY6AVyc', '', '20:19', 'સમજૂતી', 'new', 'new', '2021-04-12', NULL, 'Active', 13, '2021-04-12 11:00:12', '2021-04-12 11:00:12'),
(198, 5, 6, 19, 31, 74, 52, 14, 'है जनशक्ति महान', 'Hein Janshakti महान', 'text', 'https://www.youtube.com/watch?v=ofIuYQqPhsE', '', '09:41', 'સમજૂતી', 'new', 'new', '2021-04-12', NULL, 'Active', 14, '2021-04-12 11:03:18', '2021-04-12 11:03:18'),
(199, 5, 6, 19, 31, 74, 53, 14, 'चोरी', 'Chori', 'text', 'https://www.youtube.com/watch?v=V9MbSQteqPg', '', '17:10', 'સમજૂતી', 'new', 'new', '2021-04-12', NULL, 'Active', 15, '2021-04-12 11:04:58', '2021-04-12 11:04:58'),
(200, 5, 6, 19, 31, 74, 53, 14, 'चोरी', 'Chori', 'text', 'https://www.youtube.com/watch?v=2tupYNecxig', '', '23:51', 'સમજૂતી', 'new', 'new', '2021-04-12', NULL, 'Active', 16, '2021-04-12 11:16:16', '2021-04-12 11:16:16'),
(201, 5, 6, 19, 31, 74, 53, 14, 'चोरी', 'Chori', 'text', 'https://www.youtube.com/watch?v=Q3wakX2rs7g', '', '08:39', 'સમજૂતી', 'new', 'new', '2021-04-12', NULL, 'Active', 17, '2021-04-12 11:16:56', '2021-04-12 11:16:56'),
(202, 5, 6, 19, 31, 74, 53, 14, 'चोरी', 'Chori', 'text', 'https://www.youtube.com/watch?v=Sz1lqSywRVQ', '', '16:39', 'સમજૂતી', 'new', 'new', '2021-04-12', NULL, 'Active', 18, '2021-04-12 11:18:03', '2021-04-12 11:18:03');
INSERT INTO `videos` (`id`, `board_id`, `medium_id`, `standard_id`, `semester_id`, `subject_id`, `unit_id`, `user_id`, `title`, `sub_title`, `url_type`, `url`, `thumbnail`, `duration`, `description`, `edition`, `label`, `release_date`, `start_time`, `status`, `order_no`, `created_at`, `updated_at`) VALUES
(203, 5, 6, 19, 31, 74, 54, 14, 'कश्मीर', 'Kashmir', 'text', 'https://www.youtube.com/watch?v=sQqpw--MyNc', '', '33:34', 'સમજૂતી', 'new', 'new', '2021-04-12', NULL, 'Active', 19, '2021-04-12 11:18:57', '2021-04-12 11:18:57'),
(204, 5, 6, 19, 31, 74, 54, 14, 'कश्मीर', 'Kashmir', 'text', 'https://www.youtube.com/watch?v=LOo3ujNQETQ', '', '08:27', 'સમજૂતી', 'new', 'new', '2021-04-12', NULL, 'Active', 20, '2021-04-12 11:19:35', '2021-04-12 11:19:35'),
(205, 5, 6, 19, 31, 74, 54, 14, 'कश्मीर', 'Kashmir', 'text', 'https://www.youtube.com/watch?v=HGbDt0kbxz8', '', '11:53', 'સમજૂતી', 'new', 'new', '2021-04-12', NULL, 'Active', 21, '2021-04-12 11:20:26', '2021-04-12 11:20:26'),
(206, 5, 6, 19, 31, 74, 54, 14, 'कश्मीर', 'Kashmir', 'text', 'https://www.youtube.com/watch?v=E9VrG9HZQWc', '', '06:22', 'સમજૂતી', 'new', 'new', '2021-04-12', NULL, 'Active', 22, '2021-04-12 11:21:18', '2021-04-12 11:21:18'),
(207, 5, 6, 19, 31, 74, 55, 14, 'रचना', 'Rachna', 'text', 'https://www.youtube.com/watch?v=Q8qeRiCKP7I', '', '40:16', 'સમજૂતી', 'new', 'new', '2021-04-12', NULL, 'Active', 23, '2021-04-12 11:22:24', '2021-04-12 11:22:24'),
(208, 5, 6, 19, 31, 74, 55, 14, 'रचना', 'Rachna', 'text', 'https://www.youtube.com/watch?v=0cEDcSu-CJ0', '', '08:31', 'સમજૂતી', 'new', 'new', '2021-04-12', NULL, 'Active', 24, '2021-04-12 11:23:24', '2021-04-12 11:23:24'),
(209, 5, 6, 19, 31, 74, 55, 14, 'रचना', 'Rachna', 'text', 'https://www.youtube.com/watch?v=Qs0LD8MifYI', '', '15:56', 'સમજૂતી', 'new', 'new', '2021-04-12', NULL, 'Active', 25, '2021-04-12 11:24:08', '2021-04-12 11:24:08'),
(210, 5, 6, 19, 31, 74, 56, 14, 'तोता और इंद्र', 'Tota Aur indra', 'text', 'https://www.youtube.com/watch?v=iny_IMUnb7o', '', '08:14', 'એનીમેટેડ સમજૂતી', 'new', 'new', '2021-04-12', NULL, 'Active', 26, '2021-04-12 11:28:36', '2021-04-12 11:28:36'),
(211, 5, 6, 19, 31, 74, 56, 14, 'तोता और इंद्र', 'Tota Aur Indra', 'text', 'https://www.youtube.com/watch?v=gkzoAXLFQS4', '', '21:10', 'સમજૂતી', 'new', 'new', '2021-04-12', NULL, 'Active', 27, '2021-04-12 11:29:20', '2021-04-12 11:29:20'),
(212, 5, 6, 19, 31, 74, 56, 14, 'तोता और इंद्र', 'Tota Aur Indra', 'text', 'https://www.youtube.com/watch?v=Ha8CpPc5HEQ', '', '22:21', 'સમજૂતી', 'new', 'new', '2021-04-12', NULL, 'Active', 28, '2021-04-12 11:30:37', '2021-04-12 11:30:37'),
(213, 5, 6, 19, 31, 74, 57, 14, 'अलबम', 'Album', 'text', 'https://www.youtube.com/watch?v=aeY-2IbxT14', '', '08:02', 'એનીમેટેડ સમજૂતી', 'new', 'new', '2021-04-12', NULL, 'Active', 29, '2021-04-12 11:32:03', '2021-04-12 11:32:03'),
(214, 5, 6, 19, 31, 74, 57, 14, 'अलबम', 'Album', 'text', 'https://www.youtube.com/watch?v=aOGifDlLz3k', '', '27:19', 'સમજૂતી', 'new', 'new', '2021-04-12', NULL, 'Active', 30, '2021-04-12 11:34:04', '2021-04-12 11:34:04'),
(215, 5, 6, 19, 31, 74, 57, 14, 'अलबम', 'Album', 'text', 'https://www.youtube.com/watch?v=Sw2aj6UiNLw', '', '23:43', 'સમજૂતી', 'new', 'new', '2021-04-12', NULL, 'Active', 31, '2021-04-12 11:34:50', '2021-04-12 11:34:50'),
(216, 5, 6, 19, 31, 74, 58, 14, 'पहेलिया - मुकरिया', 'Paheliya - मुकरिया', 'text', 'https://www.youtube.com/watch?v=WAiADQR2S3o', '', '08:18', 'સમજૂતી', 'new', 'new', '2021-04-12', NULL, 'Active', 32, '2021-04-12 11:36:33', '2021-04-12 11:36:33'),
(217, 5, 6, 19, 31, 74, 58, 14, 'पहेलिया - मुकरिया', 'Paheliya - Mukriya', 'text', 'https://www.youtube.com/watch?v=mwZCMj20s7E', '', '05:56', 'સમજૂતી', 'new', 'new', '2021-04-12', NULL, 'Active', 33, '2021-04-12 11:37:51', '2021-04-12 11:37:51'),
(218, 5, 6, 19, 31, 74, 58, 14, 'पहेलिया - मुकरिया', 'Paheliya - Mukriya', 'text', 'https://www.youtube.com/watch?v=zM2eCXHLmoQ', '', '16:22', 'સમજૂતી', 'new', 'new', '2021-04-12', NULL, 'Active', 34, '2021-04-12 11:38:50', '2021-04-12 11:38:50'),
(219, 5, 6, 19, 31, 74, 59, 14, 'भीतरी समृद्धी', 'Bhitri Samridhhi', 'text', 'https://www.youtube.com/watch?v=K_beUX2m7F0', '', '21:08', 'સમજૂતી', 'new', 'new', '2021-04-12', NULL, 'Active', 35, '2021-04-12 11:40:28', '2021-04-12 11:40:28'),
(220, 5, 6, 19, 31, 74, 59, 14, 'भीतरी समृद्धि', 'Bhitri Samriddhi', 'text', 'https://www.youtube.com/watch?v=nrxqK2tWZLs', '', '30:44', 'સમજૂતી', 'new', 'new', '2021-04-12', NULL, 'Active', 36, '2021-04-12 11:41:53', '2021-04-12 11:41:53'),
(221, 5, 6, 19, 31, 74, 59, 14, 'भीतरी समृद्धि', 'Bhitri Samridhhi', 'text', 'https://www.youtube.com/watch?v=8EPW2-D0aQM', '', '17:37', 'સમજૂતી', 'new', 'new', '2021-04-12', NULL, 'Active', 37, '2021-04-12 11:43:25', '2021-04-12 11:43:25'),
(222, 5, 6, 19, 31, 74, 60, 14, 'भूख', 'Bhukh', 'text', 'https://www.youtube.com/watch?v=FIVJpPQA3tQ', '', '04:32', 'સમજૂતી', 'new', 'new', '2021-04-12', NULL, 'Active', 38, '2021-04-12 11:44:24', '2021-04-12 11:44:24'),
(223, 5, 6, 19, 31, 74, 60, 14, 'भूख', 'Bhukh', 'text', 'https://www.youtube.com/watch?v=3zZSIifdWnw', '', '06:32', 'સમજૂતી', 'new', 'new', '2021-04-12', NULL, 'Active', 39, '2021-04-12 11:44:58', '2021-04-12 11:44:58'),
(224, 5, 6, 19, 31, 74, 60, 14, 'भूख', 'Bhukh', 'text', 'https://www.youtube.com/watch?v=1MWydyMtO_E', '', '09:10', 'સમજૂતી', 'new', 'new', '2021-04-12', NULL, 'Active', 40, '2021-04-12 11:45:37', '2021-04-12 11:45:37');

-- --------------------------------------------------------

--
-- Table structure for table `video_bookmarks`
--

CREATE TABLE `video_bookmarks` (
  `id` int NOT NULL,
  `video_id` int NOT NULL DEFAULT '0',
  `user_id` int NOT NULL DEFAULT '0',
  `start_time` datetime DEFAULT NULL,
  `end_time` datetime DEFAULT NULL,
  `duration` varchar(50) DEFAULT NULL,
  `created_at` timestamp NULL DEFAULT NULL,
  `updated_at` timestamp NULL DEFAULT NULL
) ENGINE=InnoDB DEFAULT CHARSET=utf8mb4 COLLATE=utf8mb4_0900_ai_ci;

-- --------------------------------------------------------

--
-- Table structure for table `worksheets`
--

CREATE TABLE `worksheets` (
  `id` bigint UNSIGNED NOT NULL,
  `board_id` int NOT NULL DEFAULT '0',
  `medium_id` int NOT NULL DEFAULT '0',
  `standard_id` int NOT NULL DEFAULT '0',
  `semester_id` int NOT NULL DEFAULT '0',
  `subject_id` int NOT NULL DEFAULT '0',
  `unit_id` bigint UNSIGNED NOT NULL,
  `user_id` bigint UNSIGNED NOT NULL,
  `title` varchar(255) CHARACTER SET utf8mb4 COLLATE utf8mb4_unicode_ci DEFAULT NULL,
  `sub_title` varchar(255) COLLATE utf8mb4_unicode_ci DEFAULT NULL,
  `description` text CHARACTER SET utf8mb4 COLLATE utf8mb4_unicode_ci,
  `edition` enum('new','old') COLLATE utf8mb4_unicode_ci DEFAULT NULL,
  `url_type` varchar(50) COLLATE utf8mb4_unicode_ci DEFAULT NULL,
  `type` varchar(255) CHARACTER SET utf8mb4 COLLATE utf8mb4_unicode_ci DEFAULT NULL,
  `url` varchar(255) CHARACTER SET utf8mb4 COLLATE utf8mb4_unicode_ci DEFAULT NULL,
  `thumbnail` varchar(255) COLLATE utf8mb4_unicode_ci DEFAULT NULL,
  `label` varchar(255) CHARACTER SET utf8mb4 COLLATE utf8mb4_unicode_ci DEFAULT NULL,
  `pages` varchar(255) COLLATE utf8mb4_unicode_ci DEFAULT NULL,
  `release_date` date DEFAULT NULL,
  `status` enum('Active','Inactive','Deleted') CHARACTER SET utf8mb4 COLLATE utf8mb4_unicode_ci DEFAULT 'Active',
  `order_no` int NOT NULL DEFAULT '0',
  `created_at` timestamp NULL DEFAULT NULL,
  `updated_at` timestamp NULL DEFAULT NULL
) ENGINE=InnoDB DEFAULT CHARSET=utf8mb4 COLLATE=utf8mb4_unicode_ci;

--
-- Indexes for dumped tables
--

--
-- Indexes for table `boards`
--
ALTER TABLE `boards`
  ADD PRIMARY KEY (`id`);

--
-- Indexes for table `books`
--
ALTER TABLE `books`
  ADD PRIMARY KEY (`id`);

--
-- Indexes for table `exams`
--
ALTER TABLE `exams`
  ADD PRIMARY KEY (`id`);

--
-- Indexes for table `exam_questions`
--
ALTER TABLE `exam_questions`
  ADD PRIMARY KEY (`id`);

--
-- Indexes for table `exam_students`
--
ALTER TABLE `exam_students`
  ADD PRIMARY KEY (`id`);

--
-- Indexes for table `failed_jobs`
--
ALTER TABLE `failed_jobs`
  ADD PRIMARY KEY (`id`),
  ADD UNIQUE KEY `failed_jobs_uuid_unique` (`uuid`);

--
-- Indexes for table `features`
--
ALTER TABLE `features`
  ADD PRIMARY KEY (`id`);

--
-- Indexes for table `materials`
--
ALTER TABLE `materials`
  ADD PRIMARY KEY (`id`);

--
-- Indexes for table `mcqs`
--
ALTER TABLE `mcqs`
  ADD PRIMARY KEY (`id`);

--
-- Indexes for table `mediums`
--
ALTER TABLE `mediums`
  ADD PRIMARY KEY (`id`);

--
-- Indexes for table `migrations`
--
ALTER TABLE `migrations`
  ADD PRIMARY KEY (`id`);

--
-- Indexes for table `model_has_permissions`
--
ALTER TABLE `model_has_permissions`
  ADD PRIMARY KEY (`permission_id`,`model_id`,`model_type`),
  ADD KEY `model_has_permissions_model_id_model_type_index` (`model_id`,`model_type`);

--
-- Indexes for table `model_has_roles`
--
ALTER TABLE `model_has_roles`
  ADD PRIMARY KEY (`role_id`,`model_id`,`model_type`),
  ADD KEY `model_has_roles_model_id_model_type_index` (`model_id`,`model_type`);

--
-- Indexes for table `notes`
--
ALTER TABLE `notes`
  ADD PRIMARY KEY (`id`);

--
-- Indexes for table `oauth_access_tokens`
--
ALTER TABLE `oauth_access_tokens`
  ADD PRIMARY KEY (`id`),
  ADD KEY `oauth_access_tokens_user_id_index` (`user_id`);

--
-- Indexes for table `oauth_auth_codes`
--
ALTER TABLE `oauth_auth_codes`
  ADD PRIMARY KEY (`id`),
  ADD KEY `oauth_auth_codes_user_id_index` (`user_id`);

--
-- Indexes for table `oauth_clients`
--
ALTER TABLE `oauth_clients`
  ADD PRIMARY KEY (`id`),
  ADD KEY `oauth_clients_user_id_index` (`user_id`);

--
-- Indexes for table `oauth_personal_access_clients`
--
ALTER TABLE `oauth_personal_access_clients`
  ADD PRIMARY KEY (`id`);

--
-- Indexes for table `oauth_refresh_tokens`
--
ALTER TABLE `oauth_refresh_tokens`
  ADD PRIMARY KEY (`id`),
  ADD KEY `oauth_refresh_tokens_access_token_id_index` (`access_token_id`);

--
-- Indexes for table `papers`
--
ALTER TABLE `papers`
  ADD PRIMARY KEY (`id`);

--
-- Indexes for table `password_resets`
--
ALTER TABLE `password_resets`
  ADD KEY `password_resets_email_index` (`email`);

--
-- Indexes for table `pdf_bookmarks`
--
ALTER TABLE `pdf_bookmarks`
  ADD PRIMARY KEY (`id`);

--
-- Indexes for table `pdf_views`
--
ALTER TABLE `pdf_views`
  ADD PRIMARY KEY (`id`);

--
-- Indexes for table `permissions`
--
ALTER TABLE `permissions`
  ADD PRIMARY KEY (`id`);

--
-- Indexes for table `personal_access_tokens`
--
ALTER TABLE `personal_access_tokens`
  ADD PRIMARY KEY (`id`),
  ADD UNIQUE KEY `personal_access_tokens_token_unique` (`token`),
  ADD KEY `personal_access_tokens_tokenable_type_tokenable_id_index` (`tokenable_type`,`tokenable_id`);

--
-- Indexes for table `questions`
--
ALTER TABLE `questions`
  ADD PRIMARY KEY (`id`);

--
-- Indexes for table `question_types`
--
ALTER TABLE `question_types`
  ADD PRIMARY KEY (`id`);

--
-- Indexes for table `roles`
--
ALTER TABLE `roles`
  ADD PRIMARY KEY (`id`);

--
-- Indexes for table `role_has_permissions`
--
ALTER TABLE `role_has_permissions`
  ADD PRIMARY KEY (`permission_id`,`role_id`),
  ADD KEY `role_has_permissions_role_id_foreign` (`role_id`);

--
-- Indexes for table `semesters`
--
ALTER TABLE `semesters`
  ADD PRIMARY KEY (`id`);

--
-- Indexes for table `sessions`
--
ALTER TABLE `sessions`
  ADD PRIMARY KEY (`id`),
  ADD KEY `sessions_user_id_index` (`user_id`),
  ADD KEY `sessions_last_activity_index` (`last_activity`);

--
-- Indexes for table `sliders`
--
ALTER TABLE `sliders`
  ADD PRIMARY KEY (`id`);

--
-- Indexes for table `solutions`
--
ALTER TABLE `solutions`
  ADD PRIMARY KEY (`id`);

--
-- Indexes for table `solution_material_counts`
--
ALTER TABLE `solution_material_counts`
  ADD PRIMARY KEY (`id`);

--
-- Indexes for table `standards`
--
ALTER TABLE `standards`
  ADD PRIMARY KEY (`id`);

--
-- Indexes for table `student_question_answers`
--
ALTER TABLE `student_question_answers`
  ADD PRIMARY KEY (`id`);

--
-- Indexes for table `subjects`
--
ALTER TABLE `subjects`
  ADD PRIMARY KEY (`id`);

--
-- Indexes for table `units`
--
ALTER TABLE `units`
  ADD PRIMARY KEY (`id`);

--
-- Indexes for table `users`
--
ALTER TABLE `users`
  ADD PRIMARY KEY (`id`),
  ADD UNIQUE KEY `users_email_unique` (`email`),
  ADD UNIQUE KEY `users_mobile_unique` (`mobile`);

--
-- Indexes for table `user_data_logs`
--
ALTER TABLE `user_data_logs`
  ADD PRIMARY KEY (`id`);

--
-- Indexes for table `user_data_reviews`
--
ALTER TABLE `user_data_reviews`
  ADD PRIMARY KEY (`id`);

--
-- Indexes for table `videos`
--
ALTER TABLE `videos`
  ADD PRIMARY KEY (`id`);

--
-- Indexes for table `video_bookmarks`
--
ALTER TABLE `video_bookmarks`
  ADD PRIMARY KEY (`id`);

--
-- Indexes for table `worksheets`
--
ALTER TABLE `worksheets`
  ADD PRIMARY KEY (`id`);

--
-- AUTO_INCREMENT for dumped tables
--

--
-- AUTO_INCREMENT for table `boards`
--
ALTER TABLE `boards`
  MODIFY `id` bigint UNSIGNED NOT NULL AUTO_INCREMENT, AUTO_INCREMENT=8;

--
-- AUTO_INCREMENT for table `books`
--
ALTER TABLE `books`
  MODIFY `id` bigint UNSIGNED NOT NULL AUTO_INCREMENT, AUTO_INCREMENT=196;

--
-- AUTO_INCREMENT for table `exams`
--
ALTER TABLE `exams`
  MODIFY `id` bigint UNSIGNED NOT NULL AUTO_INCREMENT;

--
-- AUTO_INCREMENT for table `exam_questions`
--
ALTER TABLE `exam_questions`
  MODIFY `id` bigint UNSIGNED NOT NULL AUTO_INCREMENT;

--
-- AUTO_INCREMENT for table `exam_students`
--
ALTER TABLE `exam_students`
  MODIFY `id` bigint UNSIGNED NOT NULL AUTO_INCREMENT;

--
-- AUTO_INCREMENT for table `failed_jobs`
--
ALTER TABLE `failed_jobs`
  MODIFY `id` bigint UNSIGNED NOT NULL AUTO_INCREMENT;

--
-- AUTO_INCREMENT for table `features`
--
ALTER TABLE `features`
  MODIFY `id` bigint UNSIGNED NOT NULL AUTO_INCREMENT, AUTO_INCREMENT=16;

--
-- AUTO_INCREMENT for table `materials`
--
ALTER TABLE `materials`
  MODIFY `id` bigint UNSIGNED NOT NULL AUTO_INCREMENT;

--
-- AUTO_INCREMENT for table `mcqs`
--
ALTER TABLE `mcqs`
  MODIFY `id` bigint UNSIGNED NOT NULL AUTO_INCREMENT;

--
-- AUTO_INCREMENT for table `mediums`
--
ALTER TABLE `mediums`
  MODIFY `id` int NOT NULL AUTO_INCREMENT, AUTO_INCREMENT=16;

--
-- AUTO_INCREMENT for table `migrations`
--
ALTER TABLE `migrations`
  MODIFY `id` int UNSIGNED NOT NULL AUTO_INCREMENT, AUTO_INCREMENT=33;

--
-- AUTO_INCREMENT for table `notes`
--
ALTER TABLE `notes`
  MODIFY `id` int NOT NULL AUTO_INCREMENT;

--
-- AUTO_INCREMENT for table `oauth_personal_access_clients`
--
ALTER TABLE `oauth_personal_access_clients`
  MODIFY `id` bigint UNSIGNED NOT NULL AUTO_INCREMENT, AUTO_INCREMENT=4;

--
-- AUTO_INCREMENT for table `papers`
--
ALTER TABLE `papers`
  MODIFY `id` bigint UNSIGNED NOT NULL AUTO_INCREMENT;

--
-- AUTO_INCREMENT for table `pdf_bookmarks`
--
ALTER TABLE `pdf_bookmarks`
  MODIFY `id` int NOT NULL AUTO_INCREMENT;

--
-- AUTO_INCREMENT for table `pdf_views`
--
ALTER TABLE `pdf_views`
  MODIFY `id` int NOT NULL AUTO_INCREMENT, AUTO_INCREMENT=34;

--
-- AUTO_INCREMENT for table `permissions`
--
ALTER TABLE `permissions`
  MODIFY `id` bigint UNSIGNED NOT NULL AUTO_INCREMENT, AUTO_INCREMENT=122;

--
-- AUTO_INCREMENT for table `personal_access_tokens`
--
ALTER TABLE `personal_access_tokens`
  MODIFY `id` bigint UNSIGNED NOT NULL AUTO_INCREMENT;

--
-- AUTO_INCREMENT for table `questions`
--
ALTER TABLE `questions`
  MODIFY `id` bigint UNSIGNED NOT NULL AUTO_INCREMENT;

--
-- AUTO_INCREMENT for table `question_types`
--
ALTER TABLE `question_types`
  MODIFY `id` int NOT NULL AUTO_INCREMENT, AUTO_INCREMENT=13;

--
-- AUTO_INCREMENT for table `roles`
--
ALTER TABLE `roles`
  MODIFY `id` bigint UNSIGNED NOT NULL AUTO_INCREMENT, AUTO_INCREMENT=7;

--
-- AUTO_INCREMENT for table `semesters`
--
ALTER TABLE `semesters`
  MODIFY `id` bigint UNSIGNED NOT NULL AUTO_INCREMENT, AUTO_INCREMENT=75;

--
-- AUTO_INCREMENT for table `sliders`
--
ALTER TABLE `sliders`
  MODIFY `id` bigint UNSIGNED NOT NULL AUTO_INCREMENT, AUTO_INCREMENT=4;

--
-- AUTO_INCREMENT for table `solutions`
--
ALTER TABLE `solutions`
  MODIFY `id` bigint UNSIGNED NOT NULL AUTO_INCREMENT;

--
-- AUTO_INCREMENT for table `solution_material_counts`
--
ALTER TABLE `solution_material_counts`
  MODIFY `id` int NOT NULL AUTO_INCREMENT;

--
-- AUTO_INCREMENT for table `standards`
--
ALTER TABLE `standards`
  MODIFY `id` bigint UNSIGNED NOT NULL AUTO_INCREMENT, AUTO_INCREMENT=118;

--
-- AUTO_INCREMENT for table `student_question_answers`
--
ALTER TABLE `student_question_answers`
  MODIFY `id` bigint UNSIGNED NOT NULL AUTO_INCREMENT;

--
-- AUTO_INCREMENT for table `subjects`
--
ALTER TABLE `subjects`
  MODIFY `id` bigint UNSIGNED NOT NULL AUTO_INCREMENT, AUTO_INCREMENT=165;

--
-- AUTO_INCREMENT for table `units`
--
ALTER TABLE `units`
  MODIFY `id` bigint UNSIGNED NOT NULL AUTO_INCREMENT, AUTO_INCREMENT=1492;

--
-- AUTO_INCREMENT for table `users`
--
ALTER TABLE `users`
  MODIFY `id` bigint UNSIGNED NOT NULL AUTO_INCREMENT, AUTO_INCREMENT=23;

--
-- AUTO_INCREMENT for table `user_data_logs`
--
ALTER TABLE `user_data_logs`
  MODIFY `id` int NOT NULL AUTO_INCREMENT, AUTO_INCREMENT=2104;

--
-- AUTO_INCREMENT for table `user_data_reviews`
--
ALTER TABLE `user_data_reviews`
  MODIFY `id` int NOT NULL AUTO_INCREMENT, AUTO_INCREMENT=2104;

--
-- AUTO_INCREMENT for table `videos`
--
ALTER TABLE `videos`
  MODIFY `id` bigint UNSIGNED NOT NULL AUTO_INCREMENT, AUTO_INCREMENT=225;

--
-- AUTO_INCREMENT for table `video_bookmarks`
--
ALTER TABLE `video_bookmarks`
  MODIFY `id` int NOT NULL AUTO_INCREMENT;

--
-- AUTO_INCREMENT for table `worksheets`
--
ALTER TABLE `worksheets`
  MODIFY `id` bigint UNSIGNED NOT NULL AUTO_INCREMENT;

--
-- Constraints for dumped tables
--

--
-- Constraints for table `model_has_permissions`
--
ALTER TABLE `model_has_permissions`
  ADD CONSTRAINT `model_has_permissions_permission_id_foreign` FOREIGN KEY (`permission_id`) REFERENCES `permissions` (`id`) ON DELETE CASCADE;

--
-- Constraints for table `model_has_roles`
--
ALTER TABLE `model_has_roles`
  ADD CONSTRAINT `model_has_roles_role_id_foreign` FOREIGN KEY (`role_id`) REFERENCES `roles` (`id`) ON DELETE CASCADE;

--
-- Constraints for table `role_has_permissions`
--
ALTER TABLE `role_has_permissions`
  ADD CONSTRAINT `role_has_permissions_permission_id_foreign` FOREIGN KEY (`permission_id`) REFERENCES `permissions` (`id`) ON DELETE CASCADE,
  ADD CONSTRAINT `role_has_permissions_role_id_foreign` FOREIGN KEY (`role_id`) REFERENCES `roles` (`id`) ON DELETE CASCADE;
COMMIT;

/*!40101 SET CHARACTER_SET_CLIENT=@OLD_CHARACTER_SET_CLIENT */;
/*!40101 SET CHARACTER_SET_RESULTS=@OLD_CHARACTER_SET_RESULTS */;
/*!40101 SET COLLATION_CONNECTION=@OLD_COLLATION_CONNECTION */;
